janela_id,SQ_CANDIDATO,pagina,palavras_janela,termos,rel_a,fase_prevencao_preparacao_a,fase_resposta_a,fase_recuperacao_a,fase_adaptacao_a,ameaca_hidro_a,ameaca_movimento_massa_a,ameaca_seca_a,ameaca_fogo_a,ameaca_calor_extremo_a,ameaca_tempestade_a,ameaca_costeira_a,ameaca_barragem_mineracao_a,ameaca_tecnologico_a,ameaca_generica_a,espec_a,rel_b,fase_prevencao_preparacao_b,fase_resposta_b,fase_recuperacao_b,fase_adaptacao_b,ameaca_hidro_b,ameaca_movimento_massa_b,ameaca_seca_b,ameaca_fogo_b,ameaca_calor_extremo_b,ameaca_tempestade_b,ameaca_costeira_b,ameaca_barragem_mineracao_b,ameaca_tecnologico_b,ameaca_generica_b,espec_b,anc_orcamento,anc_meta_quantificada,anc_prazo,anc_indicador,anc_orgao,n_elementos_anc,rel_a_bin,rel_b_bin,rel_acordo,espec_a_original,espec_revisada
100002534190_J0001,100002534190,5,30,emergencia climatica,relevante,FALSE,FALSE,FALSE,FALSE,FALSE,FALSE,FALSE,FALSE,FALSE,FALSE,FALSE,FALSE,FALSE,TRUE,2,clima_geral,,,,,,,,,,,,,,,,FALSE,FALSE,FALSE,FALSE,FALSE,0,TRUE,FALSE,FALSE,2,FALSE
100002534190_J0002,100002534190,25,92,mudancas climaticas,relevante,FALSE,FALSE,TRUE,TRUE,FALSE,FALSE,FALSE,FALSE,FALSE,FALSE,FALSE,FALSE,FALSE,FALSE,3,relevante,TRUE,FALSE,FALSE,TRUE,FALSE,FALSE,FALSE,FALSE,FALSE,FALSE,FALSE,FALSE,FALSE,FALSE,3,FALSE,FALSE,FALSE,FALSE,FALSE,0,TRUE,TRUE,TRUE,3,FALSE
100002534190_J0003,100002534190,34,240,emergencia climatica; mudancas climaticas; secas; enchente; queimada; ondas de calor,relevante,FALSE,FALSE,FALSE,FALSE,TRUE,FALSE,TRUE,TRUE,TRUE,FALSE,FALSE,FALSE,FALSE,FALSE,1,relevante,,,,,,,,,,,,,,,,FALSE,FALSE,TRUE,FALSE,FALSE,1,TRUE,TRUE,TRUE,1,FALSE
100002534190_J0004,100002534190,36,128,mudancas climaticas,relevante,FALSE,FALSE,FALSE,FALSE,FALSE,FALSE,FALSE,FALSE,FALSE,FALSE,FALSE,FALSE,FALSE,TRUE,1,relevante,FALSE,FALSE,FALSE,FALSE,FALSE,FALSE,FALSE,FALSE,FALSE,FALSE,FALSE,FALSE,FALSE,FALSE,1,FALSE,FALSE,FALSE,FALSE,FALSE,0,TRUE,TRUE,TRUE,1,FALSE
100002534190_J0005,100002534190,37,78,emergencia climatica,relevante,FALSE,FALSE,FALSE,FALSE,FALSE,FALSE,FALSE,FALSE,FALSE,FALSE,FALSE,FALSE,FALSE,TRUE,2,clima_geral,,,,,,,,,,,,,,,,FALSE,FALSE,FALSE,FALSE,FALSE,0,TRUE,FALSE,FALSE,2,FALSE
100002534190_J0006,100002534190,39,107,queimada,relevante,FALSE,FALSE,FALSE,FALSE,FALSE,FALSE,FALSE,TRUE,FALSE,FALSE,FALSE,FALSE,FALSE,FALSE,1,relevante,,,,,,,,,,,,,,,,FALSE,FALSE,FALSE,FALSE,FALSE,0,TRUE,TRUE,TRUE,1,FALSE
100002534190_J0007,100002534190,40,146,mudancas climaticas,clima_geral,,,,,,,,,,,,,,,,clima_geral,,,,,,,,,,,,,,,,FALSE,FALSE,FALSE,TRUE,FALSE,1,FALSE,FALSE,TRUE,,FALSE
100002534190_J0008,100002534190,41,62,queimada,relevante,FALSE,FALSE,FALSE,FALSE,FALSE,FALSE,FALSE,TRUE,FALSE,FALSE,FALSE,FALSE,FALSE,FALSE,1,relevante,,,,,,,,,,,,,,,,FALSE,FALSE,TRUE,FALSE,FALSE,1,TRUE,TRUE,TRUE,1,FALSE
100002534190_J0009,100002534190,42,214,mudancas climaticas; emergencia climatica,relevante,FALSE,FALSE,FALSE,FALSE,FALSE,FALSE,FALSE,FALSE,FALSE,FALSE,FALSE,FALSE,FALSE,TRUE,1,relevante,,,,,,,,,,,,,,,,FALSE,FALSE,FALSE,FALSE,FALSE,0,TRUE,TRUE,TRUE,1,FALSE
100002534190_J0010,100002534190,45,208,rompimento da barragem; rejeito; deslizament; desastre,relevante,FALSE,FALSE,FALSE,FALSE,FALSE,TRUE,FALSE,FALSE,FALSE,FALSE,FALSE,TRUE,FALSE,FALSE,2,relevante,FALSE,FALSE,FALSE,FALSE,FALSE,TRUE,FALSE,FALSE,FALSE,FALSE,FALSE,TRUE,FALSE,FALSE,1,FALSE,FALSE,TRUE,FALSE,FALSE,1,TRUE,TRUE,TRUE,2,FALSE
100002534190_J0011,100002534190,49,104,emergencia climatica,clima_geral,,,,,,,,,,,,,,,,clima_geral,,,,,,,,,,,,,,,,FALSE,FALSE,FALSE,FALSE,FALSE,0,FALSE,FALSE,TRUE,,FALSE
100002534190_J0012,100002534190,52,123,queimada,nao_relevante,,,,,,,,,,,,,,,,relevante,,,,,,,,,,,,,,,,FALSE,FALSE,FALSE,FALSE,FALSE,0,FALSE,TRUE,FALSE,,FALSE
100002534190_J0013,100002534190,53,200,crise climatica; alagament; enchente; drenagem,relevante,FALSE,FALSE,FALSE,FALSE,TRUE,FALSE,FALSE,FALSE,FALSE,FALSE,FALSE,FALSE,FALSE,FALSE,1,relevante,,,,,,,,,,,,,,,,FALSE,FALSE,FALSE,FALSE,FALSE,0,TRUE,TRUE,TRUE,1,FALSE
100002534190_J0014,100002534190,61,16,queimada,relevante,TRUE,FALSE,FALSE,FALSE,FALSE,FALSE,FALSE,TRUE,FALSE,FALSE,FALSE,FALSE,FALSE,FALSE,0,relevante,,,,,,,,,,,,,,,,FALSE,FALSE,FALSE,FALSE,FALSE,0,TRUE,TRUE,TRUE,0,FALSE
100002534190_J0015,100002534190,63,159,queimada; desastre; mudancas climaticas,relevante,TRUE,FALSE,FALSE,FALSE,FALSE,FALSE,FALSE,TRUE,FALSE,FALSE,FALSE,FALSE,FALSE,FALSE,3,relevante,,,,,,,,,,,,,,,,FALSE,FALSE,FALSE,FALSE,FALSE,0,TRUE,TRUE,TRUE,3,FALSE
100002534190_J0016,100002534190,66,109,emergencia climatica,relevante,TRUE,FALSE,FALSE,FALSE,FALSE,FALSE,FALSE,FALSE,FALSE,FALSE,FALSE,FALSE,FALSE,TRUE,2,clima_geral,,,,,,,,,,,,,,,,FALSE,FALSE,FALSE,FALSE,TRUE,1,TRUE,FALSE,FALSE,2,FALSE
100002534190_J0017,100002534190,67,86,mudancas climaticas; enchente; drenagem; areas de risco; queimada; defesa civil,relevante,TRUE,FALSE,FALSE,TRUE,TRUE,FALSE,FALSE,TRUE,FALSE,FALSE,FALSE,FALSE,FALSE,FALSE,3,relevante,,,,,,,,,,,,,,,,FALSE,FALSE,FALSE,TRUE,TRUE,2,TRUE,TRUE,TRUE,3,FALSE
100002534190_J0018,100002534190,69,29,queimada,relevante,TRUE,FALSE,FALSE,FALSE,FALSE,FALSE,FALSE,TRUE,FALSE,FALSE,FALSE,FALSE,FALSE,FALSE,3,relevante,,,,,,,,,,,,,,,,FALSE,FALSE,FALSE,FALSE,FALSE,0,TRUE,TRUE,TRUE,3,FALSE
100002534190_J0019,100002534190,127,61,areas de risco,relevante,FALSE,FALSE,FALSE,FALSE,FALSE,FALSE,FALSE,FALSE,FALSE,FALSE,FALSE,FALSE,FALSE,FALSE,1,relevante,,,,,,,,,,,,,,,,FALSE,FALSE,FALSE,FALSE,FALSE,0,TRUE,TRUE,TRUE,1,FALSE
100002534190_J0020,100002534190,129,40,vulnerabilidade; enchente; desastre,relevante,FALSE,FALSE,TRUE,FALSE,TRUE,FALSE,FALSE,FALSE,FALSE,FALSE,FALSE,FALSE,FALSE,FALSE,1,relevante,,,,,,,,,,,,,,,,FALSE,FALSE,FALSE,FALSE,FALSE,0,TRUE,TRUE,TRUE,1,FALSE
100002534190_J0021,100002534190,147,41,calamidade,relevante,FALSE,TRUE,FALSE,FALSE,FALSE,FALSE,FALSE,FALSE,FALSE,FALSE,FALSE,FALSE,FALSE,FALSE,2,relevante,FALSE,TRUE,FALSE,FALSE,FALSE,FALSE,FALSE,FALSE,FALSE,FALSE,FALSE,FALSE,FALSE,TRUE,2,FALSE,FALSE,FALSE,FALSE,FALSE,0,TRUE,TRUE,TRUE,2,FALSE
100002542556_J0001,100002542556,37,161,secas; enchente,relevante,TRUE,FALSE,FALSE,TRUE,TRUE,FALSE,TRUE,FALSE,FALSE,FALSE,FALSE,FALSE,FALSE,FALSE,2,relevante,TRUE,FALSE,FALSE,TRUE,TRUE,FALSE,TRUE,FALSE,FALSE,FALSE,FALSE,FALSE,FALSE,FALSE,2,FALSE,FALSE,FALSE,FALSE,FALSE,0,TRUE,TRUE,TRUE,2,FALSE
100002542556_J0002,100002542556,48,72,emergencia climatica; secas; enchente,relevante,FALSE,FALSE,FALSE,FALSE,TRUE,FALSE,TRUE,FALSE,FALSE,FALSE,FALSE,FALSE,FALSE,FALSE,1,relevante,,,,,,,,,,,,,,,,FALSE,FALSE,FALSE,FALSE,FALSE,0,TRUE,TRUE,TRUE,1,FALSE
100002543869_J0002,100002543869,7,44,defesa civil,relevante,TRUE,FALSE,FALSE,FALSE,FALSE,FALSE,FALSE,FALSE,FALSE,FALSE,FALSE,FALSE,FALSE,FALSE,3,nao_relevante,,,,,,,,,,,,,,,,FALSE,FALSE,TRUE,FALSE,TRUE,2,TRUE,FALSE,FALSE,3,FALSE
100002543869_J0003,100002543869,8,55,defesa civil,nao_relevante,,,,,,,,,,,,,,,,nao_relevante,,,,,,,,,,,,,,,,FALSE,FALSE,TRUE,FALSE,TRUE,2,FALSE,FALSE,TRUE,,FALSE
100002543869_J0004,100002543869,8,45,defesa civil; calamidade; desastre,relevante,TRUE,FALSE,FALSE,FALSE,FALSE,FALSE,FALSE,FALSE,FALSE,FALSE,FALSE,FALSE,FALSE,TRUE,3,relevante,,,,,,,,,,,,,,,,FALSE,FALSE,FALSE,FALSE,TRUE,1,TRUE,TRUE,TRUE,3,FALSE
100002543869_J0005,100002543869,11,25,desastre; emergencia climatica; enchente; defesa civil,relevante,TRUE,FALSE,FALSE,FALSE,TRUE,FALSE,FALSE,FALSE,FALSE,FALSE,FALSE,FALSE,FALSE,FALSE,2,relevante,TRUE,FALSE,FALSE,FALSE,TRUE,FALSE,FALSE,FALSE,FALSE,FALSE,FALSE,FALSE,FALSE,FALSE,2,FALSE,FALSE,FALSE,FALSE,TRUE,1,TRUE,TRUE,TRUE,2,FALSE
100002543869_J0006,100002543869,13,45,defesa civil; desastre,relevante,TRUE,TRUE,FALSE,FALSE,FALSE,FALSE,FALSE,FALSE,FALSE,FALSE,FALSE,FALSE,FALSE,TRUE,3,relevante,,,,,,,,,,,,,,,,FALSE,FALSE,FALSE,TRUE,TRUE,2,TRUE,TRUE,TRUE,3,FALSE
100002543869_J0007,100002543869,20,35,emergencia climatica,relevante,TRUE,FALSE,FALSE,FALSE,FALSE,FALSE,FALSE,FALSE,FALSE,FALSE,FALSE,FALSE,FALSE,TRUE,3,clima_geral,,,,,,,,,,,,,,,,FALSE,FALSE,FALSE,FALSE,FALSE,0,TRUE,FALSE,FALSE,3,FALSE
100002544073_J0001,100002544073,33,93,defesa civil,nao_relevante,,,,,,,,,,,,,,,,relevante,,,,,,,,,,,,,,,,FALSE,FALSE,FALSE,TRUE,TRUE,2,FALSE,TRUE,FALSE,,FALSE
100002544076_J0001,100002544076,13,82,drenagem; adaptacao climatica; resiliencia climatica; vulnerabilidade; defesa civil,relevante,TRUE,FALSE,FALSE,FALSE,FALSE,FALSE,FALSE,FALSE,FALSE,FALSE,FALSE,FALSE,FALSE,TRUE,3,relevante,,,,,,,,,,,,,,,,FALSE,FALSE,FALSE,FALSE,TRUE,1,TRUE,TRUE,TRUE,3,FALSE
100002544076_J0002,100002544076,14,75,drenagem; resiliencia; alagament; alerta; defesa civil,relevante,TRUE,FALSE,FALSE,FALSE,TRUE,FALSE,FALSE,FALSE,FALSE,FALSE,FALSE,FALSE,FALSE,FALSE,2,relevante,,,,,,,,,,,,,,,,FALSE,FALSE,FALSE,TRUE,TRUE,2,TRUE,TRUE,TRUE,2,FALSE
100002544076_J0003,100002544076,15,49,drenagem; resiliencia; alagament,relevante,TRUE,FALSE,FALSE,FALSE,TRUE,FALSE,FALSE,FALSE,FALSE,FALSE,FALSE,FALSE,FALSE,FALSE,2,relevante,,,,,,,,,,,,,,,,FALSE,FALSE,FALSE,FALSE,FALSE,0,TRUE,TRUE,TRUE,2,FALSE
100002544076_J0004,100002544076,15,24,alerta; defesa civil,relevante,TRUE,FALSE,FALSE,FALSE,TRUE,FALSE,FALSE,FALSE,FALSE,FALSE,FALSE,FALSE,FALSE,FALSE,3,relevante,,,,,,,,,,,,,,,,FALSE,FALSE,FALSE,FALSE,TRUE,1,TRUE,TRUE,TRUE,3,FALSE
100002544076_J0005,100002544076,16,114,queimada,nao_relevante,,,,,,,,,,,,,,,,relevante,,,,,,,,,,,,,,,,FALSE,FALSE,FALSE,TRUE,FALSE,1,FALSE,TRUE,FALSE,,FALSE
100002544076_J0006,100002544076,16,46,riscos climaticos,relevante,FALSE,FALSE,FALSE,FALSE,FALSE,FALSE,FALSE,FALSE,FALSE,FALSE,FALSE,FALSE,FALSE,TRUE,1,relevante,,,,,,,,,,,,,,,,FALSE,FALSE,FALSE,FALSE,FALSE,0,TRUE,TRUE,TRUE,1,FALSE
100002544076_J0007,100002544076,17,55,adaptacao climatica; riscos climaticos; defesa civil; alerta,relevante,TRUE,FALSE,FALSE,TRUE,FALSE,FALSE,FALSE,FALSE,FALSE,FALSE,FALSE,FALSE,FALSE,TRUE,2,relevante,TRUE,FALSE,FALSE,TRUE,FALSE,FALSE,FALSE,FALSE,FALSE,FALSE,FALSE,FALSE,FALSE,TRUE,3,FALSE,FALSE,FALSE,TRUE,TRUE,2,TRUE,TRUE,TRUE,2,FALSE
100002544076_J0008,100002544076,18,24,queimada,relevante,FALSE,FALSE,FALSE,FALSE,FALSE,FALSE,FALSE,TRUE,FALSE,FALSE,FALSE,FALSE,FALSE,FALSE,3,relevante,,,,,,,,,,,,,,,,FALSE,FALSE,FALSE,TRUE,FALSE,1,TRUE,TRUE,TRUE,3,FALSE
100002544076_J0009,100002544076,25,60,adaptacao climatica; gestao de risco,relevante,TRUE,FALSE,FALSE,FALSE,FALSE,FALSE,FALSE,FALSE,FALSE,FALSE,FALSE,FALSE,FALSE,TRUE,2,relevante,FALSE,FALSE,FALSE,FALSE,FALSE,FALSE,FALSE,FALSE,FALSE,FALSE,FALSE,FALSE,FALSE,FALSE,0,FALSE,FALSE,FALSE,FALSE,FALSE,0,TRUE,TRUE,TRUE,2,FALSE
100002544076_J0010,100002544076,26,62,gestao de risco,relevante,TRUE,FALSE,FALSE,FALSE,FALSE,FALSE,FALSE,FALSE,FALSE,FALSE,FALSE,FALSE,FALSE,TRUE,3,relevante,,,,,,,,,,,,,,,,TRUE,FALSE,FALSE,TRUE,FALSE,2,TRUE,TRUE,TRUE,3,FALSE
100002544076_J0011,100002544076,38,86,areas de risco,nao_relevante,,,,,,,,,,,,,,,,nao_relevante,,,,,,,,,,,,,,,,FALSE,FALSE,FALSE,FALSE,FALSE,0,FALSE,FALSE,TRUE,,FALSE
100002544076_J0012,100002544076,39,65,defesa civil; alerta; desastre,relevante,TRUE,TRUE,FALSE,FALSE,FALSE,FALSE,FALSE,FALSE,FALSE,FALSE,FALSE,FALSE,FALSE,TRUE,3,relevante,TRUE,TRUE,FALSE,FALSE,FALSE,FALSE,FALSE,FALSE,FALSE,FALSE,FALSE,FALSE,FALSE,TRUE,3,FALSE,FALSE,FALSE,FALSE,TRUE,1,TRUE,TRUE,TRUE,3,FALSE
100002544076_J0013,100002544076,42,52,alerta precoce; alerta,nao_relevante,,,,,,,,,,,,,,,,nao_relevante,,,,,,,,,,,,,,,,FALSE,FALSE,FALSE,FALSE,FALSE,0,FALSE,FALSE,TRUE,,FALSE
100002544076_J0014,100002544076,44,119,vulnerabilidade; drenagem; mudancas climaticas,clima_geral,,,,,,,,,,,,,,,,relevante,,,,,,,,,,,,,,,,FALSE,FALSE,FALSE,FALSE,FALSE,0,FALSE,TRUE,FALSE,,FALSE
100002545679_J0001,100002545679,25,120,mudancas climaticas,clima_geral,,,,,,,,,,,,,,,,clima_geral,,,,,,,,,,,,,,,,FALSE,FALSE,FALSE,FALSE,FALSE,0,FALSE,FALSE,TRUE,,FALSE
100002552700_J0001,100002552700,5,47,plano de emergencia,nao_relevante,,,,,,,,,,,,,,,,nao_relevante,,,,,,,,,,,,,,,,FALSE,FALSE,FALSE,FALSE,FALSE,0,FALSE,FALSE,TRUE,,FALSE
10002532492_J0001,10002532492,15,151,mudancas climaticas; inundac; drenagem; areas de risco,relevante,TRUE,FALSE,FALSE,TRUE,TRUE,FALSE,FALSE,FALSE,FALSE,FALSE,FALSE,FALSE,FALSE,FALSE,3,relevante,,,,,,,,,,,,,,,,FALSE,FALSE,FALSE,FALSE,FALSE,0,TRUE,TRUE,TRUE,3,FALSE
10002532492_J0002,10002532492,15,103,drenagem; alagament; desastre; mudancas climaticas,relevante,TRUE,FALSE,FALSE,TRUE,TRUE,FALSE,FALSE,FALSE,FALSE,FALSE,FALSE,FALSE,FALSE,FALSE,3,relevante,,,,,,,,,,,,,,,,FALSE,FALSE,FALSE,FALSE,FALSE,0,TRUE,TRUE,TRUE,3,FALSE
10002532492_J0003,10002532492,15,62,drenagem; alagament,relevante,TRUE,FALSE,FALSE,FALSE,TRUE,FALSE,FALSE,FALSE,FALSE,FALSE,FALSE,FALSE,FALSE,FALSE,3,relevante,TRUE,FALSE,FALSE,FALSE,TRUE,FALSE,FALSE,FALSE,FALSE,FALSE,FALSE,FALSE,FALSE,FALSE,2,FALSE,FALSE,FALSE,FALSE,FALSE,0,TRUE,TRUE,TRUE,3,FALSE
10002532492_J0004,10002532492,17,78,areas de risco,relevante,TRUE,FALSE,FALSE,FALSE,FALSE,FALSE,FALSE,FALSE,FALSE,FALSE,FALSE,FALSE,FALSE,TRUE,3,relevante,,,,,,,,,,,,,,,,FALSE,FALSE,FALSE,FALSE,FALSE,0,TRUE,TRUE,TRUE,3,FALSE
10002532492_J0005,10002532492,17,54,drenagem; areas de risco,relevante,TRUE,FALSE,FALSE,TRUE,TRUE,FALSE,FALSE,FALSE,FALSE,FALSE,FALSE,FALSE,FALSE,FALSE,3,relevante,TRUE,FALSE,FALSE,TRUE,TRUE,FALSE,FALSE,FALSE,FALSE,FALSE,FALSE,FALSE,FALSE,FALSE,3,FALSE,FALSE,FALSE,FALSE,FALSE,0,TRUE,TRUE,TRUE,3,FALSE
10002532492_J0006,10002532492,18,41,alagament,nao_relevante,,,,,,,,,,,,,,,,relevante,,,,,,,,,,,,,,,,FALSE,FALSE,FALSE,FALSE,FALSE,0,FALSE,TRUE,FALSE,,FALSE
10002532492_J0007,10002532492,24,84,cheias; secas,relevante,FALSE,FALSE,FALSE,FALSE,TRUE,FALSE,TRUE,FALSE,FALSE,FALSE,FALSE,FALSE,FALSE,FALSE,1,relevante,,,,,,,,,,,,,,,,FALSE,TRUE,FALSE,FALSE,FALSE,1,TRUE,TRUE,TRUE,1,FALSE
10002532492_J0008,10002532492,24,116,secas; enchente; queimada,relevante,FALSE,TRUE,FALSE,FALSE,TRUE,FALSE,TRUE,TRUE,FALSE,FALSE,FALSE,FALSE,FALSE,FALSE,2,relevante,FALSE,TRUE,FALSE,FALSE,TRUE,FALSE,TRUE,TRUE,FALSE,FALSE,FALSE,FALSE,FALSE,FALSE,1,FALSE,FALSE,FALSE,FALSE,FALSE,0,TRUE,TRUE,TRUE,2,FALSE
10002532492_J0009,10002532492,25,95,calamidade; secas; enchente; queimada; contingencia; desastre,relevante,FALSE,TRUE,FALSE,FALSE,TRUE,FALSE,TRUE,TRUE,FALSE,FALSE,FALSE,FALSE,FALSE,FALSE,3,relevante,,,,,,,,,,,,,,,,FALSE,FALSE,FALSE,FALSE,FALSE,0,TRUE,TRUE,TRUE,3,FALSE
10002532492_J0010,10002532492,26,60,areas de risco; desastre; vulnerabilidade,relevante,TRUE,FALSE,FALSE,FALSE,FALSE,FALSE,FALSE,FALSE,FALSE,FALSE,FALSE,FALSE,FALSE,TRUE,3,relevante,,,,,,,,,,,,,,,,FALSE,FALSE,FALSE,FALSE,FALSE,0,TRUE,TRUE,TRUE,3,FALSE
10002532492_J0011,10002532492,27,51,secas; enchente; desastre,relevante,FALSE,TRUE,FALSE,FALSE,TRUE,FALSE,TRUE,FALSE,FALSE,FALSE,FALSE,FALSE,FALSE,FALSE,3,relevante,,,,,,,,,,,,,,,,FALSE,FALSE,FALSE,FALSE,FALSE,0,TRUE,TRUE,TRUE,3,FALSE
10002532492_J0012,10002532492,35,64,defesa civil; desastre; incendio florestal; queimada; alerta antecipado; cheias,relevante,TRUE,TRUE,FALSE,FALSE,TRUE,FALSE,TRUE,TRUE,FALSE,FALSE,FALSE,FALSE,FALSE,FALSE,3,relevante,,,,,,,,,,,,,,,,FALSE,FALSE,FALSE,TRUE,TRUE,2,TRUE,TRUE,TRUE,3,FALSE
10002532492_J0013,10002532492,35,29,queimada; cheias,relevante,FALSE,TRUE,FALSE,FALSE,TRUE,FALSE,TRUE,TRUE,FALSE,FALSE,FALSE,FALSE,FALSE,FALSE,2,relevante,,,,,,,,,,,,,,,,FALSE,FALSE,FALSE,FALSE,FALSE,0,TRUE,TRUE,TRUE,2,FALSE
10002533539_J0001,10002533539,3,66,enchente,relevante,TRUE,FALSE,FALSE,FALSE,TRUE,FALSE,FALSE,FALSE,FALSE,FALSE,FALSE,FALSE,FALSE,FALSE,2,relevante,,,,,,,,,,,,,,,,FALSE,FALSE,FALSE,FALSE,FALSE,0,TRUE,TRUE,TRUE,2,FALSE
10002533539_J0002,10002533539,5,97,enchente,relevante,TRUE,FALSE,FALSE,FALSE,TRUE,FALSE,FALSE,FALSE,FALSE,FALSE,FALSE,FALSE,FALSE,FALSE,3,relevante,,,,,,,,,,,,,,,,FALSE,FALSE,FALSE,FALSE,FALSE,0,TRUE,TRUE,TRUE,3,FALSE
10002533539_J0003,10002533539,13,104,enchente,relevante,TRUE,FALSE,FALSE,FALSE,TRUE,FALSE,FALSE,FALSE,FALSE,FALSE,FALSE,FALSE,FALSE,FALSE,2,relevante,,,,,,,,,,,,,,,,FALSE,FALSE,FALSE,FALSE,FALSE,0,TRUE,TRUE,TRUE,2,FALSE
10002533539_J0004,10002533539,31,113,cheia,nao_relevante,,,,,,,,,,,,,,,,nao_relevante,,,,,,,,,,,,,,,,FALSE,FALSE,FALSE,FALSE,FALSE,0,FALSE,FALSE,TRUE,,FALSE
10002544015_J0001,10002544015,4,99,seca,nao_relevante,,,,,,,,,,,,,,,,nao_relevante,,,,,,,,,,,,,,,,FALSE,FALSE,FALSE,FALSE,FALSE,0,FALSE,FALSE,TRUE,,FALSE
10002544015_J0002,10002544015,8,41,defesa civil,nao_relevante,,,,,,,,,,,,,,,,nao_relevante,,,,,,,,,,,,,,,,FALSE,FALSE,FALSE,FALSE,TRUE,1,FALSE,FALSE,TRUE,,FALSE
10002544015_J0003,10002544015,21,61,gestao de risco; desastre; defesa civil,relevante,TRUE,TRUE,FALSE,FALSE,FALSE,FALSE,FALSE,FALSE,FALSE,FALSE,FALSE,FALSE,FALSE,TRUE,3,relevante,,,,,,,,,,,,,,,,FALSE,FALSE,FALSE,FALSE,TRUE,1,TRUE,TRUE,TRUE,3,FALSE
10002544015_J0004,10002544015,22,38,resiliencia climatica,clima_geral,,,,,,,,,,,,,,,,clima_geral,,,,,,,,,,,,,,,,FALSE,FALSE,FALSE,FALSE,FALSE,0,FALSE,FALSE,TRUE,,FALSE
10002544107_J0001,10002544107,27,145,eventos climaticos; enchente; secas; queimada; eventos extremos; vulnerabilidade,relevante,FALSE,TRUE,FALSE,FALSE,TRUE,FALSE,TRUE,TRUE,FALSE,FALSE,FALSE,FALSE,FALSE,FALSE,1,relevante,,,,,,,,,,,,,,,,FALSE,FALSE,FALSE,FALSE,FALSE,0,TRUE,TRUE,TRUE,1,FALSE
10002544107_J0002,10002544107,27,121,defesa civil; vulnerabilidade,relevante,TRUE,FALSE,FALSE,FALSE,FALSE,FALSE,FALSE,FALSE,FALSE,FALSE,FALSE,FALSE,FALSE,TRUE,2,relevante,,,,,,,,,,,,,,,,FALSE,FALSE,FALSE,FALSE,TRUE,1,TRUE,TRUE,TRUE,2,FALSE
10002544107_J0003,10002544107,28,89,defesa civil; gestao de risco; alerta; enchente; secas; queimada,relevante,TRUE,FALSE,FALSE,FALSE,TRUE,FALSE,TRUE,TRUE,FALSE,FALSE,FALSE,FALSE,FALSE,FALSE,3,relevante,,,,,,,,,,,,,,,,FALSE,FALSE,FALSE,TRUE,TRUE,2,TRUE,TRUE,TRUE,3,FALSE
10002544107_J0004,10002544107,28,108,defesa civil; desastre,relevante,TRUE,TRUE,FALSE,FALSE,FALSE,FALSE,FALSE,FALSE,FALSE,FALSE,FALSE,FALSE,FALSE,TRUE,3,relevante,TRUE,TRUE,FALSE,FALSE,FALSE,FALSE,FALSE,FALSE,FALSE,FALSE,FALSE,FALSE,FALSE,TRUE,2,FALSE,FALSE,FALSE,FALSE,TRUE,1,TRUE,TRUE,TRUE,3,FALSE
10002544107_J0005,10002544107,28,40,eventos climaticos; vulnerabilidade,relevante,TRUE,FALSE,FALSE,FALSE,FALSE,FALSE,FALSE,FALSE,FALSE,FALSE,FALSE,FALSE,FALSE,TRUE,3,relevante,,,,,,,,,,,,,,,,FALSE,FALSE,FALSE,FALSE,FALSE,0,TRUE,TRUE,TRUE,3,FALSE
10002544107_J0006,10002544107,29,123,enchente; secas; queimada; eventos extremos; defesa civil; vulnerabilidade,relevante,TRUE,FALSE,FALSE,FALSE,TRUE,FALSE,TRUE,TRUE,FALSE,FALSE,FALSE,FALSE,FALSE,FALSE,2,relevante,,,,,,,,,,,,,,,,FALSE,FALSE,FALSE,FALSE,TRUE,1,TRUE,TRUE,TRUE,2,FALSE
10002544107_J0007,10002544107,30,75,vulnerabilidade; risco social,nao_relevante,,,,,,,,,,,,,,,,nao_relevante,,,,,,,,,,,,,,,,FALSE,FALSE,FALSE,FALSE,FALSE,0,FALSE,FALSE,TRUE,,FALSE
10002544107_J0008,10002544107,30,99,eventos climaticos; calamidade; vulnerabilidade; emergencia climatica,relevante,FALSE,TRUE,FALSE,FALSE,FALSE,FALSE,FALSE,FALSE,FALSE,FALSE,FALSE,FALSE,FALSE,TRUE,3,relevante,,,,,,,,,,,,,,,,FALSE,FALSE,FALSE,FALSE,FALSE,0,TRUE,TRUE,TRUE,3,FALSE
10002544107_J0009,10002544107,31,434,defesa civil; desastre; enchente; secas; queimada; eventos extremos,relevante,TRUE,TRUE,FALSE,FALSE,TRUE,FALSE,TRUE,TRUE,FALSE,FALSE,FALSE,FALSE,FALSE,FALSE,3,relevante,TRUE,TRUE,FALSE,TRUE,TRUE,FALSE,TRUE,TRUE,FALSE,FALSE,FALSE,FALSE,FALSE,FALSE,3,FALSE,FALSE,FALSE,TRUE,TRUE,2,TRUE,TRUE,TRUE,3,FALSE
10002544107_J0010,10002544107,46,75,drenagem; mudancas climaticas,clima_geral,,,,,,,,,,,,,,,,relevante,,,,,,,,,,,,,,,,FALSE,FALSE,FALSE,FALSE,FALSE,0,FALSE,TRUE,FALSE,,FALSE
10002544107_J0011,10002544107,46,54,mudancas climaticas,clima_geral,,,,,,,,,,,,,,,,relevante,,,,,,,,,,,,,,,,FALSE,FALSE,FALSE,FALSE,FALSE,0,FALSE,TRUE,FALSE,,FALSE
10002544107_J0012,10002544107,47,54,mudancas climaticas,relevante,TRUE,FALSE,FALSE,TRUE,FALSE,FALSE,FALSE,FALSE,FALSE,FALSE,FALSE,FALSE,FALSE,TRUE,2,clima_geral,,,,,,,,,,,,,,,,FALSE,FALSE,FALSE,FALSE,FALSE,0,TRUE,FALSE,FALSE,2,FALSE
10002544107_J0013,10002544107,48,49,adaptacao climatica,relevante,TRUE,FALSE,FALSE,TRUE,FALSE,FALSE,FALSE,FALSE,FALSE,FALSE,FALSE,FALSE,FALSE,FALSE,2,relevante,,,,,,,,,,,,,,,,FALSE,FALSE,FALSE,FALSE,FALSE,0,TRUE,TRUE,TRUE,2,FALSE
10002544107_J0014,10002544107,48,105,drenagem; mudancas climaticas,clima_geral,,,,,,,,,,,,,,,,clima_geral,,,,,,,,,,,,,,,,FALSE,FALSE,FALSE,FALSE,FALSE,0,FALSE,FALSE,TRUE,,FALSE
10002544107_J0015,10002544107,49,138,resiliencia climatica; drenagem,relevante,TRUE,FALSE,FALSE,FALSE,FALSE,FALSE,FALSE,FALSE,FALSE,FALSE,TRUE,FALSE,FALSE,FALSE,2,relevante,TRUE,FALSE,FALSE,FALSE,TRUE,FALSE,FALSE,FALSE,FALSE,FALSE,FALSE,FALSE,FALSE,FALSE,0,FALSE,FALSE,FALSE,FALSE,FALSE,0,TRUE,TRUE,TRUE,2,FALSE
10002544107_J0016,10002544107,50,64,mudancas climaticas,relevante,FALSE,FALSE,FALSE,TRUE,FALSE,FALSE,FALSE,FALSE,FALSE,FALSE,FALSE,FALSE,FALSE,FALSE,3,relevante,,,,,,,,,,,,,,,,FALSE,FALSE,FALSE,FALSE,FALSE,0,TRUE,TRUE,TRUE,3,FALSE
10002544107_J0017,10002544107,50,43,mudancas climaticas; resiliencia,relevante,FALSE,FALSE,FALSE,TRUE,FALSE,FALSE,FALSE,FALSE,FALSE,FALSE,FALSE,FALSE,FALSE,TRUE,3,relevante,FALSE,FALSE,FALSE,TRUE,FALSE,FALSE,FALSE,FALSE,FALSE,FALSE,FALSE,FALSE,FALSE,FALSE,3,FALSE,FALSE,FALSE,FALSE,FALSE,0,TRUE,TRUE,TRUE,3,FALSE
10002544107_J0018,10002544107,51,93,drenagem; mudancas climaticas; resiliencia,clima_geral,,,,,,,,,,,,,,,,clima_geral,,,,,,,,,,,,,,,,FALSE,FALSE,FALSE,FALSE,FALSE,0,FALSE,FALSE,TRUE,,FALSE
10002544107_J0019,10002544107,53,33,mudancas climaticas,clima_geral,,,,,,,,,,,,,,,,clima_geral,,,,,,,,,,,,,,,,FALSE,FALSE,FALSE,FALSE,FALSE,0,FALSE,FALSE,TRUE,,FALSE
10002544107_J0020,10002544107,53,98,mudancas climaticas,clima_geral,,,,,,,,,,,,,,,,relevante,,,,,,,,,,,,,,,,FALSE,FALSE,FALSE,FALSE,FALSE,0,FALSE,TRUE,FALSE,,FALSE
10002544107_J0021,10002544107,53,52,vulnerabilidade; areas de risco,relevante,TRUE,FALSE,FALSE,FALSE,FALSE,FALSE,FALSE,FALSE,FALSE,FALSE,FALSE,FALSE,FALSE,TRUE,2,relevante,,,,,,,,,,,,,,,,FALSE,FALSE,FALSE,FALSE,FALSE,0,TRUE,TRUE,TRUE,2,FALSE
10002544107_J0022,10002544107,54,54,resiliencia; enchente; reducao de risco; vulnerabilidade,relevante,TRUE,FALSE,FALSE,TRUE,TRUE,FALSE,FALSE,FALSE,FALSE,FALSE,FALSE,FALSE,FALSE,FALSE,3,relevante,,,,,,,,,,,,,,,,FALSE,FALSE,FALSE,FALSE,FALSE,0,TRUE,TRUE,TRUE,3,FALSE
10002544107_J0023,10002544107,56,45,resiliencia climatica; mudancas climaticas,relevante,FALSE,FALSE,FALSE,FALSE,FALSE,FALSE,FALSE,FALSE,FALSE,FALSE,FALSE,FALSE,FALSE,TRUE,0,relevante,,,,,,,,,,,,,,,,FALSE,FALSE,FALSE,FALSE,FALSE,0,TRUE,TRUE,TRUE,0,FALSE
10002544107_J0024,10002544107,56,167,mudancas climaticas; enchente; secas; queimada; eventos extremos; resiliencia,relevante,TRUE,FALSE,FALSE,TRUE,TRUE,FALSE,TRUE,TRUE,FALSE,FALSE,FALSE,FALSE,FALSE,FALSE,1,relevante,,,,,,,,,,,,,,,,FALSE,FALSE,FALSE,FALSE,FALSE,0,TRUE,TRUE,TRUE,1,FALSE
10002544107_J0025,10002544107,57,174,adaptacao climatica; mudancas climaticas,clima_geral,,,,,,,,,,,,,,,,relevante,,,,,,,,,,,,,,,,FALSE,FALSE,FALSE,FALSE,FALSE,0,FALSE,TRUE,FALSE,,FALSE
10002544107_J0026,10002544107,57,39,mudancas climaticas,relevante,TRUE,FALSE,FALSE,TRUE,FALSE,FALSE,FALSE,FALSE,FALSE,FALSE,FALSE,FALSE,FALSE,FALSE,2,relevante,,,,,,,,,,,,,,,,FALSE,FALSE,FALSE,FALSE,FALSE,0,TRUE,TRUE,TRUE,2,FALSE
10002544107_J0027,10002544107,57,55,enchente; secas; queimada; eventos climaticos,relevante,TRUE,FALSE,FALSE,FALSE,TRUE,FALSE,TRUE,TRUE,FALSE,FALSE,FALSE,FALSE,FALSE,FALSE,2,relevante,TRUE,FALSE,FALSE,FALSE,TRUE,FALSE,TRUE,TRUE,FALSE,FALSE,FALSE,FALSE,FALSE,FALSE,0,FALSE,FALSE,FALSE,FALSE,FALSE,0,TRUE,TRUE,TRUE,2,FALSE
10002544107_J0028,10002544107,58,89,queimada,relevante,TRUE,FALSE,FALSE,FALSE,FALSE,FALSE,FALSE,TRUE,FALSE,FALSE,FALSE,FALSE,FALSE,FALSE,3,relevante,,,,,,,,,,,,,,,,FALSE,FALSE,FALSE,TRUE,FALSE,1,TRUE,TRUE,TRUE,3,FALSE
10002544107_J0029,10002544107,58,43,queimada; defesa civil,relevante,TRUE,FALSE,FALSE,FALSE,FALSE,FALSE,FALSE,TRUE,FALSE,FALSE,FALSE,FALSE,FALSE,FALSE,3,relevante,,,,,,,,,,,,,,,,FALSE,FALSE,FALSE,TRUE,TRUE,2,TRUE,TRUE,TRUE,3,FALSE
10002544107_J0030,10002544107,59,73,eventos climaticos,relevante,TRUE,FALSE,FALSE,FALSE,FALSE,FALSE,FALSE,FALSE,FALSE,FALSE,FALSE,FALSE,FALSE,TRUE,3,relevante,,,,,,,,,,,,,,,,FALSE,FALSE,FALSE,FALSE,FALSE,0,TRUE,TRUE,TRUE,3,FALSE
10002544107_J0031,10002544107,60,94,mudancas climaticas,clima_geral,,,,,,,,,,,,,,,,clima_geral,,,,,,,,,,,,,,,,FALSE,FALSE,FALSE,FALSE,FALSE,0,FALSE,FALSE,TRUE,,FALSE
10002550719_J0001,10002550719,6,27,mudancas climaticas,clima_geral,,,,,,,,,,,,,,,,clima_geral,,,,,,,,,,,,,,,,FALSE,FALSE,FALSE,FALSE,FALSE,0,FALSE,FALSE,TRUE,,FALSE
10002550719_J0002,10002550719,6,33,gestao de risco,nao_relevante,,,,,,,,,,,,,,,,nao_relevante,,,,,,,,,,,,,,,,FALSE,FALSE,FALSE,FALSE,FALSE,0,FALSE,FALSE,TRUE,,FALSE
10002550719_J0003,10002550719,7,64,gestao de risco,nao_relevante,,,,,,,,,,,,,,,,nao_relevante,,,,,,,,,,,,,,,,FALSE,FALSE,FALSE,FALSE,FALSE,0,FALSE,FALSE,TRUE,,FALSE
10002550719_J0004,10002550719,9,185,resiliencia climatica; defesa civil,relevante,FALSE,FALSE,FALSE,FALSE,FALSE,FALSE,FALSE,FALSE,FALSE,FALSE,FALSE,FALSE,FALSE,FALSE,2,relevante,FALSE,FALSE,FALSE,TRUE,FALSE,FALSE,FALSE,FALSE,FALSE,FALSE,FALSE,FALSE,FALSE,FALSE,2,FALSE,FALSE,TRUE,FALSE,TRUE,2,TRUE,TRUE,TRUE,2,FALSE
10002550719_J0005,10002550719,11,43,mudancas climaticas,clima_geral,,,,,,,,,,,,,,,,relevante,,,,,,,,,,,,,,,,FALSE,FALSE,FALSE,FALSE,FALSE,0,FALSE,TRUE,FALSE,,FALSE
10002550719_J0006,10002550719,11,50,enchente; secas; incendios; riscos climaticos,relevante,TRUE,FALSE,FALSE,FALSE,TRUE,FALSE,TRUE,TRUE,TRUE,FALSE,FALSE,FALSE,FALSE,FALSE,2,relevante,,,,,,,,,,,,,,,,FALSE,FALSE,FALSE,FALSE,FALSE,0,TRUE,TRUE,TRUE,2,FALSE
10002550719_J0007,10002550719,11,23,riscos ambientais; mudancas climaticas,relevante,FALSE,FALSE,FALSE,FALSE,FALSE,FALSE,FALSE,FALSE,FALSE,FALSE,FALSE,FALSE,FALSE,TRUE,2,relevante,,,,,,,,,,,,,,,,FALSE,FALSE,FALSE,FALSE,FALSE,0,TRUE,TRUE,TRUE,2,FALSE
10002550719_J0008,10002550719,16,71,defesa civil; eventos climaticos,relevante,TRUE,FALSE,FALSE,FALSE,FALSE,FALSE,FALSE,FALSE,FALSE,FALSE,FALSE,FALSE,FALSE,TRUE,3,relevante,,,,,,,,,,,,,,,,FALSE,FALSE,FALSE,FALSE,TRUE,1,TRUE,TRUE,TRUE,3,FALSE
10002550719_J0009,10002550719,17,38,riscos climaticos,relevante,TRUE,FALSE,FALSE,FALSE,FALSE,FALSE,FALSE,FALSE,FALSE,FALSE,FALSE,FALSE,FALSE,TRUE,3,relevante,,,,,,,,,,,,,,,,FALSE,FALSE,FALSE,FALSE,FALSE,0,TRUE,TRUE,TRUE,3,FALSE
10002550719_J0010,10002550719,17,33,plano de emergencia,nao_relevante,,,,,,,,,,,,,,,,nao_relevante,,,,,,,,,,,,,,,,FALSE,FALSE,FALSE,FALSE,FALSE,0,FALSE,FALSE,TRUE,,FALSE
10002550719_J0011,10002550719,20,68,riscos climaticos,relevante,FALSE,FALSE,FALSE,FALSE,FALSE,FALSE,FALSE,FALSE,FALSE,FALSE,FALSE,FALSE,FALSE,TRUE,2,relevante,FALSE,FALSE,FALSE,FALSE,FALSE,FALSE,FALSE,FALSE,FALSE,FALSE,FALSE,FALSE,FALSE,TRUE,0,FALSE,FALSE,FALSE,FALSE,FALSE,0,TRUE,TRUE,TRUE,2,FALSE
10002550719_J0012,10002550719,27,75,enchente; secas; mudancas climaticas,relevante,TRUE,FALSE,FALSE,TRUE,TRUE,FALSE,TRUE,FALSE,TRUE,FALSE,FALSE,FALSE,FALSE,FALSE,3,relevante,,,,,,,,,,,,,,,,FALSE,FALSE,FALSE,FALSE,FALSE,0,TRUE,TRUE,TRUE,3,FALSE
10002550719_J0013,10002550719,27,40,desastre; defesa civil,relevante,TRUE,FALSE,FALSE,FALSE,FALSE,FALSE,FALSE,FALSE,FALSE,FALSE,FALSE,FALSE,FALSE,TRUE,2,relevante,,,,,,,,,,,,,,,,FALSE,FALSE,FALSE,FALSE,TRUE,1,TRUE,TRUE,TRUE,2,FALSE
10002550719_J0014,10002550719,32,54,defesa civil,nao_relevante,,,,,,,,,,,,,,,,relevante,,,,,,,,,,,,,,,,FALSE,FALSE,FALSE,FALSE,TRUE,1,FALSE,TRUE,FALSE,,FALSE
10002550719_J0015,10002550719,33,75,defesa civil; alerta; enchente; secas; incendios; desastre,relevante,TRUE,TRUE,FALSE,FALSE,TRUE,FALSE,TRUE,TRUE,TRUE,FALSE,FALSE,FALSE,FALSE,FALSE,3,relevante,,,,,,,,,,,,,,,,FALSE,FALSE,FALSE,TRUE,TRUE,2,TRUE,TRUE,TRUE,3,FALSE
10002550719_J0016,10002550719,34,41,desastre; riscos climaticos,relevante,TRUE,FALSE,FALSE,FALSE,FALSE,FALSE,FALSE,FALSE,FALSE,FALSE,FALSE,FALSE,FALSE,TRUE,3,relevante,,,,,,,,,,,,,,,,FALSE,FALSE,FALSE,FALSE,FALSE,0,TRUE,TRUE,TRUE,3,FALSE
110002543953_J0001,110002543953,1,56,estiagem,relevante,FALSE,FALSE,FALSE,FALSE,FALSE,FALSE,TRUE,FALSE,FALSE,FALSE,FALSE,FALSE,FALSE,FALSE,1,relevante,,,,,,,,,,,,,,,,FALSE,FALSE,FALSE,FALSE,TRUE,1,TRUE,TRUE,TRUE,1,FALSE
110002543953_J0002,110002543953,7,76,seca,nao_relevante,,,,,,,,,,,,,,,,nao_relevante,,,,,,,,,,,,,,,,FALSE,FALSE,FALSE,FALSE,FALSE,0,FALSE,FALSE,TRUE,,FALSE
110002551480_J0001,110002551480,27,71,alerta; defesa civil,nao_relevante,,,,,,,,,,,,,,,,relevante,,,,,,,,,,,,,,,,FALSE,TRUE,FALSE,FALSE,TRUE,2,FALSE,TRUE,FALSE,,FALSE
110002551480_J0002,110002551480,28,81,incendios florestais,relevante,TRUE,FALSE,FALSE,FALSE,FALSE,FALSE,FALSE,TRUE,FALSE,FALSE,FALSE,FALSE,FALSE,FALSE,3,relevante,TRUE,FALSE,FALSE,FALSE,FALSE,FALSE,FALSE,TRUE,FALSE,FALSE,FALSE,FALSE,FALSE,FALSE,3,FALSE,FALSE,FALSE,TRUE,FALSE,1,TRUE,TRUE,TRUE,3,FALSE
110002551480_J0003,110002551480,38,81,gestao de risco,nao_relevante,,,,,,,,,,,,,,,,nao_relevante,,,,,,,,,,,,,,,,FALSE,FALSE,FALSE,FALSE,FALSE,0,FALSE,FALSE,TRUE,,FALSE
110002551737_J0003,110002551737,15,42,defesa civil; riscos ambientais,relevante,TRUE,FALSE,FALSE,FALSE,FALSE,FALSE,FALSE,FALSE,FALSE,FALSE,FALSE,FALSE,FALSE,TRUE,2,relevante,,,,,,,,,,,,,,,,FALSE,FALSE,FALSE,FALSE,TRUE,1,TRUE,TRUE,TRUE,2,FALSE
110002551737_J0004,110002551737,18,69,gestao de risco; vulnerabilidade,nao_relevante,,,,,,,,,,,,,,,,nao_relevante,,,,,,,,,,,,,,,,FALSE,FALSE,FALSE,FALSE,FALSE,0,FALSE,FALSE,TRUE,,FALSE
110002551737_J0005,110002551737,49,157,drenagem; resiliencia; estiagem; eventos climaticos,relevante,TRUE,FALSE,FALSE,FALSE,FALSE,FALSE,TRUE,FALSE,FALSE,FALSE,FALSE,FALSE,FALSE,FALSE,2,relevante,,,,,,,,,,,,,,,,FALSE,FALSE,FALSE,TRUE,FALSE,1,TRUE,TRUE,TRUE,2,FALSE
110002551737_J0006,110002551737,56,296,desastre; incendios; riscos ambientais; defesa civil; adaptacao climatica; resiliencia,relevante,TRUE,TRUE,FALSE,TRUE,TRUE,FALSE,TRUE,TRUE,TRUE,FALSE,FALSE,FALSE,FALSE,FALSE,3,relevante,,,,,,,,,,,,,,,,FALSE,FALSE,TRUE,FALSE,TRUE,2,TRUE,TRUE,TRUE,3,FALSE
110002553058_J0001,110002553058,25,41,calamidade,nao_relevante,,,,,,,,,,,,,,,,nao_relevante,,,,,,,,,,,,,,,,FALSE,TRUE,FALSE,FALSE,FALSE,1,FALSE,FALSE,TRUE,,FALSE
110002553058_J0002,110002553058,100,32,desastre,relevante,TRUE,FALSE,FALSE,FALSE,FALSE,FALSE,FALSE,FALSE,FALSE,FALSE,FALSE,FALSE,FALSE,TRUE,2,relevante,,,,,,,,,,,,,,,,FALSE,FALSE,FALSE,FALSE,FALSE,0,TRUE,TRUE,TRUE,2,FALSE
110002553058_J0003,110002553058,105,90,seca; inundac; erosao,relevante,TRUE,FALSE,FALSE,FALSE,TRUE,FALSE,TRUE,FALSE,FALSE,FALSE,FALSE,FALSE,FALSE,FALSE,3,relevante,,,,,,,,,,,,,,,,FALSE,FALSE,FALSE,FALSE,FALSE,0,TRUE,TRUE,TRUE,3,FALSE
110002553058_J0004,110002553058,106,43,drenagem; enchente,relevante,TRUE,FALSE,FALSE,FALSE,TRUE,FALSE,FALSE,FALSE,FALSE,FALSE,FALSE,FALSE,FALSE,FALSE,1,relevante,,,,,,,,,,,,,,,,FALSE,FALSE,FALSE,FALSE,FALSE,0,TRUE,TRUE,TRUE,1,FALSE
110002553058_J0005,110002553058,109,56,areas de risco,relevante,TRUE,FALSE,FALSE,FALSE,FALSE,FALSE,FALSE,FALSE,FALSE,FALSE,FALSE,FALSE,FALSE,TRUE,3,relevante,,,,,,,,,,,,,,,,FALSE,FALSE,FALSE,FALSE,FALSE,0,TRUE,TRUE,TRUE,3,FALSE
110002553058_J0006,110002553058,121,42,defesa civil,nao_relevante,,,,,,,,,,,,,,,,relevante,,,,,,,,,,,,,,,,FALSE,FALSE,FALSE,FALSE,TRUE,1,FALSE,TRUE,FALSE,,FALSE
110002553058_J0007,110002553058,125,53,incendios; enchente; defesa civil,relevante,TRUE,FALSE,FALSE,FALSE,TRUE,FALSE,FALSE,TRUE,FALSE,FALSE,FALSE,FALSE,FALSE,FALSE,2,relevante,,,,,,,,,,,,,,,,FALSE,FALSE,FALSE,FALSE,TRUE,1,TRUE,TRUE,TRUE,2,FALSE
120002532257_J0001,120002532257,8,97,situacao de emergencia,nao_relevante,,,,,,,,,,,,,,,,nao_relevante,,,,,,,,,,,,,,,,FALSE,FALSE,FALSE,FALSE,FALSE,0,FALSE,FALSE,TRUE,,FALSE
120002532257_J0002,120002532257,9,118,queimada,nao_relevante,,,,,,,,,,,,,,,,relevante,,,,,,,,,,,,,,,,FALSE,FALSE,FALSE,FALSE,FALSE,0,FALSE,TRUE,FALSE,,FALSE
120002536582_J0001,120002536582,7,110,incendios florestais,relevante,TRUE,FALSE,FALSE,FALSE,FALSE,FALSE,FALSE,TRUE,FALSE,FALSE,FALSE,FALSE,FALSE,FALSE,3,relevante,,,,,,,,,,,,,,,,FALSE,FALSE,FALSE,FALSE,FALSE,0,TRUE,TRUE,TRUE,3,FALSE
120002536582_J0002,120002536582,13,57,sistema de alerta,nao_relevante,,,,,,,,,,,,,,,,nao_relevante,,,,,,,,,,,,,,,,FALSE,FALSE,FALSE,FALSE,FALSE,0,FALSE,FALSE,TRUE,,FALSE
120002536582_J0003,120002536582,28,104,mudancas climaticas,clima_geral,,,,,,,,,,,,,,,,clima_geral,,,,,,,,,,,,,,,,FALSE,FALSE,FALSE,FALSE,FALSE,0,FALSE,FALSE,TRUE,,FALSE
120002536582_J0004,120002536582,28,105,mudancas climaticas,clima_geral,,,,,,,,,,,,,,,,relevante,,,,,,,,,,,,,,,,FALSE,FALSE,FALSE,FALSE,FALSE,0,FALSE,TRUE,FALSE,,FALSE
120002536582_J0005,120002536582,29,31,resiliencia; mudancas climaticas,relevante,FALSE,FALSE,FALSE,TRUE,FALSE,FALSE,FALSE,FALSE,FALSE,FALSE,FALSE,FALSE,FALSE,TRUE,2,clima_geral,,,,,,,,,,,,,,,,FALSE,FALSE,FALSE,FALSE,FALSE,0,TRUE,FALSE,FALSE,2,FALSE
120002536582_J0006,120002536582,31,89,mudancas climaticas; resiliencia climatica,clima_geral,,,,,,,,,,,,,,,,relevante,,,,,,,,,,,,,,,,FALSE,FALSE,FALSE,FALSE,FALSE,0,FALSE,TRUE,FALSE,,FALSE
120002536582_J0007,120002536582,31,30,mudancas climaticas,relevante,FALSE,FALSE,FALSE,TRUE,FALSE,FALSE,FALSE,FALSE,FALSE,FALSE,FALSE,FALSE,FALSE,FALSE,2,relevante,,,,,,,,,,,,,,,,FALSE,FALSE,FALSE,FALSE,FALSE,0,TRUE,TRUE,TRUE,2,FALSE
120002536582_J0008,120002536582,33,107,mudancas climaticas; resiliencia,clima_geral,,,,,,,,,,,,,,,,clima_geral,,,,,,,,,,,,,,,,FALSE,FALSE,FALSE,FALSE,FALSE,0,FALSE,FALSE,TRUE,,FALSE
120002536582_J0009,120002536582,33,26,mudancas climaticas,relevante,TRUE,FALSE,FALSE,TRUE,FALSE,FALSE,FALSE,FALSE,FALSE,FALSE,FALSE,FALSE,FALSE,TRUE,2,relevante,,,,,,,,,,,,,,,,FALSE,FALSE,FALSE,FALSE,FALSE,0,TRUE,TRUE,TRUE,2,FALSE
120002536582_J0010,120002536582,39,57,cheia,nao_relevante,,,,,,,,,,,,,,,,nao_relevante,,,,,,,,,,,,,,,,FALSE,FALSE,FALSE,FALSE,FALSE,0,FALSE,FALSE,TRUE,,FALSE
120002536582_J0011,120002536582,41,74,gestao de risco,nao_relevante,,,,,,,,,,,,,,,,nao_relevante,,,,,,,,,,,,,,,,FALSE,FALSE,FALSE,FALSE,FALSE,0,FALSE,FALSE,TRUE,,FALSE
120002536582_J0012,120002536582,41,24,gestao de risco,nao_relevante,,,,,,,,,,,,,,,,nao_relevante,,,,,,,,,,,,,,,,FALSE,FALSE,FALSE,FALSE,FALSE,0,FALSE,FALSE,TRUE,,FALSE
120002539834_J0001,120002539834,4,26,mudancas climaticas,clima_geral,,,,,,,,,,,,,,,,clima_geral,,,,,,,,,,,,,,,,FALSE,FALSE,FALSE,FALSE,FALSE,0,FALSE,FALSE,TRUE,,FALSE
120002539834_J0002,120002539834,37,105,drenagem; resiliencia climatica; mudancas climaticas,relevante,FALSE,FALSE,FALSE,FALSE,TRUE,FALSE,FALSE,FALSE,FALSE,FALSE,FALSE,FALSE,FALSE,FALSE,1,relevante,,,,,,,,,,,,,,,,FALSE,FALSE,FALSE,FALSE,FALSE,0,TRUE,TRUE,TRUE,1,FALSE
120002539834_J0003,120002539834,40,81,mudancas climaticas,clima_geral,,,,,,,,,,,,,,,,clima_geral,,,,,,,,,,,,,,,,FALSE,FALSE,FALSE,FALSE,FALSE,0,FALSE,FALSE,TRUE,,FALSE
120002539834_J0004,120002539834,40,92,drenagem; enchente,relevante,TRUE,FALSE,FALSE,FALSE,TRUE,FALSE,FALSE,FALSE,FALSE,FALSE,FALSE,FALSE,FALSE,FALSE,3,relevante,,,,,,,,,,,,,,,,FALSE,FALSE,FALSE,FALSE,FALSE,0,TRUE,TRUE,TRUE,3,FALSE
120002539834_J0005,120002539834,58,165,mudancas climaticas; vulnerabilidade; queimada; incendios,relevante,TRUE,TRUE,FALSE,FALSE,FALSE,FALSE,FALSE,TRUE,FALSE,FALSE,FALSE,FALSE,FALSE,FALSE,1,relevante,,,,,,,,,,,,,,,,FALSE,FALSE,FALSE,FALSE,TRUE,1,TRUE,TRUE,TRUE,1,FALSE
120002539834_J0006,120002539834,60,123,mudancas climaticas,clima_geral,,,,,,,,,,,,,,,,relevante,,,,,,,,,,,,,,,,FALSE,FALSE,TRUE,FALSE,FALSE,1,FALSE,TRUE,FALSE,,FALSE
120002539834_J0007,120002539834,60,60,incendios; desastre; queimada; defesa civil,relevante,TRUE,TRUE,TRUE,FALSE,FALSE,FALSE,FALSE,TRUE,FALSE,FALSE,FALSE,FALSE,FALSE,FALSE,3,relevante,TRUE,TRUE,FALSE,FALSE,FALSE,FALSE,FALSE,TRUE,FALSE,FALSE,FALSE,FALSE,FALSE,FALSE,3,FALSE,FALSE,FALSE,TRUE,TRUE,2,TRUE,TRUE,TRUE,3,FALSE
120002539834_J0008,120002539834,61,80,emergencia climatica; desastre,relevante,TRUE,TRUE,TRUE,FALSE,FALSE,FALSE,FALSE,FALSE,FALSE,FALSE,FALSE,FALSE,FALSE,TRUE,3,relevante,TRUE,TRUE,TRUE,FALSE,FALSE,FALSE,FALSE,FALSE,FALSE,FALSE,FALSE,FALSE,FALSE,TRUE,3,TRUE,FALSE,FALSE,FALSE,FALSE,1,TRUE,TRUE,TRUE,3,FALSE
120002539834_J0009,120002539834,62,93,mudancas climaticas,clima_geral,,,,,,,,,,,,,,,,clima_geral,,,,,,,,,,,,,,,,FALSE,FALSE,FALSE,TRUE,FALSE,1,FALSE,FALSE,TRUE,,FALSE
120002539834_J0010,120002539834,64,104,vulnerabilidade; queimada; mudancas climaticas; adaptacao climatica; riscos ambientais,relevante,FALSE,FALSE,FALSE,TRUE,FALSE,FALSE,FALSE,TRUE,FALSE,FALSE,FALSE,FALSE,FALSE,FALSE,1,relevante,,,,,,,,,,,,,,,,FALSE,FALSE,FALSE,FALSE,FALSE,0,TRUE,TRUE,TRUE,1,FALSE
120002549681_J0001,120002549681,31,25,seca,relevante,FALSE,FALSE,FALSE,FALSE,FALSE,FALSE,FALSE,FALSE,FALSE,FALSE,FALSE,FALSE,FALSE,FALSE,1,nao_relevante,,,,,,,,,,,,,,,,FALSE,TRUE,FALSE,FALSE,FALSE,1,TRUE,FALSE,FALSE,1,FALSE
120002549681_J0002,120002549681,38,39,cheia,nao_relevante,,,,,,,,,,,,,,,,nao_relevante,,,,,,,,,,,,,,,,FALSE,TRUE,FALSE,FALSE,FALSE,1,FALSE,FALSE,TRUE,,FALSE
120002549681_J0003,120002549681,49,127,seca; queimada,relevante,TRUE,FALSE,FALSE,FALSE,FALSE,FALSE,TRUE,TRUE,FALSE,FALSE,FALSE,FALSE,FALSE,FALSE,4,relevante,TRUE,FALSE,FALSE,FALSE,FALSE,FALSE,TRUE,TRUE,FALSE,FALSE,FALSE,FALSE,FALSE,FALSE,3,FALSE,TRUE,TRUE,TRUE,FALSE,3,TRUE,TRUE,TRUE,4,FALSE
120002549681_J0004,120002549681,49,85,queimada,nao_relevante,,,,,,,,,,,,,,,,relevante,,,,,,,,,,,,,,,,FALSE,TRUE,TRUE,FALSE,FALSE,2,FALSE,TRUE,FALSE,,FALSE
120002549681_J0005,120002549681,59,20,queimada,relevante,FALSE,FALSE,FALSE,FALSE,FALSE,FALSE,FALSE,TRUE,FALSE,FALSE,FALSE,FALSE,FALSE,FALSE,1,relevante,FALSE,FALSE,FALSE,FALSE,FALSE,FALSE,FALSE,TRUE,FALSE,FALSE,FALSE,FALSE,FALSE,FALSE,1,FALSE,TRUE,TRUE,FALSE,FALSE,2,TRUE,TRUE,TRUE,1,FALSE
120002552191_J0001,120002552191,22,35,drenagem; alagament,relevante,TRUE,FALSE,FALSE,FALSE,TRUE,FALSE,FALSE,FALSE,FALSE,FALSE,FALSE,FALSE,FALSE,FALSE,3,relevante,TRUE,FALSE,FALSE,FALSE,TRUE,FALSE,FALSE,FALSE,FALSE,FALSE,FALSE,FALSE,FALSE,FALSE,3,FALSE,FALSE,FALSE,FALSE,FALSE,0,TRUE,TRUE,TRUE,3,FALSE
120002552191_J0002,120002552191,26,47,drenagem; alagament; vulnerabilidade,relevante,TRUE,FALSE,FALSE,FALSE,TRUE,FALSE,FALSE,FALSE,FALSE,FALSE,FALSE,FALSE,FALSE,FALSE,3,relevante,TRUE,FALSE,FALSE,FALSE,TRUE,FALSE,FALSE,FALSE,FALSE,FALSE,FALSE,FALSE,FALSE,FALSE,3,FALSE,FALSE,FALSE,FALSE,FALSE,0,TRUE,TRUE,TRUE,3,FALSE
120002552191_J0003,120002552191,43,55,queimada,relevante,FALSE,FALSE,FALSE,FALSE,FALSE,FALSE,FALSE,TRUE,FALSE,FALSE,FALSE,FALSE,FALSE,FALSE,0,relevante,,,,,,,,,,,,,,,,FALSE,FALSE,FALSE,FALSE,FALSE,0,TRUE,TRUE,TRUE,0,FALSE
120002552201_J0001,120002552201,5,47,plano de emergencia,nao_relevante,,,,,,,,,,,,,,,,nao_relevante,,,,,,,,,,,,,,,,FALSE,FALSE,FALSE,FALSE,FALSE,0,FALSE,FALSE,TRUE,,FALSE
130002539775_J0001,130002539775,4,12,defesa civil; desastre,relevante,FALSE,FALSE,FALSE,FALSE,FALSE,FALSE,FALSE,FALSE,FALSE,FALSE,FALSE,FALSE,FALSE,TRUE,0,relevante,,,,,,,,,,,,,,,,FALSE,FALSE,FALSE,FALSE,TRUE,1,TRUE,TRUE,TRUE,0,FALSE
130002539775_J0005,130002539775,10,14,mudancas climaticas; incendios florestais,relevante,FALSE,FALSE,FALSE,FALSE,FALSE,FALSE,FALSE,TRUE,FALSE,FALSE,FALSE,FALSE,FALSE,FALSE,0,relevante,,,,,,,,,,,,,,,,FALSE,FALSE,FALSE,FALSE,FALSE,0,TRUE,TRUE,TRUE,0,FALSE
130002539775_J0007,130002539775,15,61,mudancas climaticas,relevante,FALSE,FALSE,FALSE,FALSE,FALSE,FALSE,FALSE,FALSE,FALSE,FALSE,FALSE,FALSE,FALSE,TRUE,2,relevante,,,,,,,,,,,,,,,,FALSE,FALSE,FALSE,FALSE,FALSE,0,TRUE,TRUE,TRUE,2,FALSE
130002539775_J0008,130002539775,18,63,mudancas climaticas,clima_geral,,,,,,,,,,,,,,,,clima_geral,,,,,,,,,,,,,,,,FALSE,FALSE,FALSE,FALSE,FALSE,0,FALSE,FALSE,TRUE,,FALSE
130002539775_J0009,130002539775,19,61,mudancas climaticas,clima_geral,,,,,,,,,,,,,,,,clima_geral,,,,,,,,,,,,,,,,FALSE,FALSE,FALSE,FALSE,FALSE,0,FALSE,FALSE,TRUE,,FALSE
130002539775_J0010,130002539775,33,56,desastre,relevante,TRUE,FALSE,FALSE,FALSE,FALSE,FALSE,FALSE,FALSE,FALSE,FALSE,FALSE,FALSE,FALSE,FALSE,2,relevante,,,,,,,,,,,,,,,,FALSE,FALSE,FALSE,FALSE,FALSE,0,TRUE,TRUE,TRUE,2,FALSE
130002539775_J0011,130002539775,52,45,defesa civil; desastre; incendios; incendios florestais; enchente; deslizament,relevante,TRUE,TRUE,FALSE,FALSE,TRUE,TRUE,FALSE,TRUE,FALSE,FALSE,FALSE,FALSE,FALSE,FALSE,3,relevante,TRUE,TRUE,FALSE,FALSE,TRUE,TRUE,FALSE,TRUE,FALSE,FALSE,FALSE,FALSE,TRUE,FALSE,2,FALSE,FALSE,FALSE,FALSE,TRUE,1,TRUE,TRUE,TRUE,3,FALSE
130002539775_J0012,130002539775,52,55,defesa civil; desastre; mudancas climaticas,relevante,TRUE,FALSE,FALSE,FALSE,FALSE,FALSE,FALSE,FALSE,FALSE,FALSE,FALSE,FALSE,FALSE,TRUE,1,relevante,,,,,,,,,,,,,,,,FALSE,FALSE,FALSE,FALSE,TRUE,1,TRUE,TRUE,TRUE,1,FALSE
130002539775_J0013,130002539775,63,200,mudancas climaticas; eventos climaticos; enchente; secas; ondas de calor; deslizament,relevante,TRUE,TRUE,FALSE,FALSE,TRUE,TRUE,TRUE,TRUE,TRUE,FALSE,FALSE,FALSE,FALSE,FALSE,2,relevante,,,,,,,,,,,,,,,,FALSE,FALSE,FALSE,FALSE,TRUE,1,TRUE,TRUE,TRUE,2,FALSE
130002539775_J0014,130002539775,65,57,desastre,relevante,TRUE,TRUE,TRUE,FALSE,FALSE,FALSE,FALSE,FALSE,FALSE,FALSE,FALSE,FALSE,FALSE,TRUE,1,relevante,,,,,,,,,,,,,,,,FALSE,FALSE,FALSE,FALSE,FALSE,0,TRUE,TRUE,TRUE,1,FALSE
130002539775_J0015,130002539775,68,39,defesa civil,relevante,TRUE,FALSE,FALSE,FALSE,FALSE,FALSE,FALSE,FALSE,FALSE,FALSE,FALSE,FALSE,FALSE,TRUE,2,relevante,TRUE,FALSE,FALSE,FALSE,FALSE,FALSE,FALSE,FALSE,FALSE,FALSE,FALSE,FALSE,FALSE,TRUE,2,FALSE,FALSE,FALSE,FALSE,TRUE,1,TRUE,TRUE,TRUE,2,FALSE
130002539775_J0016,130002539775,74,42,escassez hidrica,relevante,FALSE,FALSE,FALSE,FALSE,FALSE,FALSE,TRUE,FALSE,FALSE,FALSE,FALSE,FALSE,FALSE,FALSE,1,relevante,,,,,,,,,,,,,,,,FALSE,FALSE,FALSE,FALSE,FALSE,0,TRUE,TRUE,TRUE,1,FALSE
130002539775_J0017,130002539775,75,41,mudancas climaticas; seca,relevante,TRUE,FALSE,FALSE,TRUE,TRUE,FALSE,TRUE,FALSE,TRUE,FALSE,FALSE,FALSE,FALSE,FALSE,2,relevante,,,,,,,,,,,,,,,,FALSE,FALSE,FALSE,FALSE,FALSE,0,TRUE,TRUE,TRUE,2,FALSE
130002539775_J0018,130002539775,75,53,gestao de risco,relevante,TRUE,FALSE,FALSE,TRUE,FALSE,FALSE,FALSE,FALSE,FALSE,FALSE,FALSE,FALSE,FALSE,TRUE,2,relevante,,,,,,,,,,,,,,,,FALSE,FALSE,FALSE,FALSE,FALSE,0,TRUE,TRUE,TRUE,2,FALSE
130002539775_J0020,130002539775,93,12,riscos climaticos,relevante,FALSE,FALSE,FALSE,FALSE,FALSE,FALSE,FALSE,FALSE,FALSE,FALSE,FALSE,FALSE,FALSE,TRUE,0,relevante,,,,,,,,,,,,,,,,FALSE,FALSE,FALSE,FALSE,FALSE,0,TRUE,TRUE,TRUE,0,FALSE
130002539775_J0021,130002539775,98,47,desastre,relevante,FALSE,FALSE,TRUE,FALSE,FALSE,FALSE,FALSE,FALSE,FALSE,FALSE,FALSE,FALSE,FALSE,TRUE,1,relevante,,,,,,,,,,,,,,,,FALSE,FALSE,FALSE,FALSE,FALSE,0,TRUE,TRUE,TRUE,1,FALSE
130002539775_J0022,130002539775,102,57,vulnerabilidade; riscos ambientais,relevante,TRUE,FALSE,FALSE,FALSE,FALSE,FALSE,FALSE,FALSE,FALSE,FALSE,FALSE,FALSE,FALSE,TRUE,1,relevante,,,,,,,,,,,,,,,,FALSE,FALSE,FALSE,FALSE,FALSE,0,TRUE,TRUE,TRUE,1,FALSE
130002539775_J0023,130002539775,106,82,alagament,relevante,TRUE,FALSE,FALSE,FALSE,TRUE,FALSE,FALSE,FALSE,FALSE,FALSE,FALSE,FALSE,FALSE,FALSE,2,relevante,TRUE,FALSE,FALSE,FALSE,TRUE,FALSE,FALSE,FALSE,FALSE,FALSE,FALSE,FALSE,FALSE,FALSE,2,FALSE,FALSE,FALSE,FALSE,FALSE,0,TRUE,TRUE,TRUE,2,FALSE
130002539775_J0024,130002539775,107,118,defesa civil; desastre; enchente; secas; incendios; deslizament,relevante,TRUE,FALSE,FALSE,FALSE,TRUE,TRUE,TRUE,TRUE,FALSE,FALSE,FALSE,FALSE,FALSE,FALSE,2,relevante,,,,,,,,,,,,,,,,FALSE,FALSE,FALSE,FALSE,TRUE,1,TRUE,TRUE,TRUE,2,FALSE
130002539775_J0026,130002539775,115,63,mudancas climaticas; eventos climaticos; drenagem; encosta; defesa civil,relevante,TRUE,FALSE,FALSE,FALSE,FALSE,FALSE,FALSE,FALSE,FALSE,FALSE,FALSE,FALSE,FALSE,TRUE,1,relevante,,,,,,,,,,,,,,,,FALSE,FALSE,FALSE,FALSE,TRUE,1,TRUE,TRUE,TRUE,1,FALSE
130002539775_J0027,130002539775,116,84,barragens; eventos climaticos,relevante,FALSE,FALSE,FALSE,FALSE,FALSE,FALSE,FALSE,FALSE,FALSE,FALSE,FALSE,TRUE,FALSE,FALSE,1,relevante,FALSE,FALSE,FALSE,FALSE,FALSE,FALSE,FALSE,FALSE,FALSE,FALSE,FALSE,TRUE,FALSE,TRUE,1,FALSE,FALSE,FALSE,FALSE,FALSE,0,TRUE,TRUE,TRUE,1,FALSE
130002539775_J0028,130002539775,117,42,vulnerabilidade; secas; mudancas climaticas,relevante,FALSE,FALSE,FALSE,FALSE,FALSE,FALSE,TRUE,FALSE,FALSE,FALSE,FALSE,FALSE,FALSE,FALSE,1,relevante,,,,,,,,,,,,,,,,FALSE,FALSE,FALSE,FALSE,FALSE,0,TRUE,TRUE,TRUE,1,FALSE
130002539775_J0029,130002539775,119,82,defesa civil; areas de risco,relevante,TRUE,FALSE,FALSE,FALSE,FALSE,FALSE,FALSE,FALSE,FALSE,FALSE,FALSE,FALSE,FALSE,TRUE,2,relevante,,,,,,,,,,,,,,,,FALSE,FALSE,FALSE,FALSE,TRUE,1,TRUE,TRUE,TRUE,2,FALSE
130002539775_J0030,130002539775,119,186,mudancas climaticas; mudanca climatica; secas; ondas de calor; incendios; enchente,relevante,TRUE,TRUE,FALSE,TRUE,TRUE,TRUE,TRUE,TRUE,TRUE,FALSE,FALSE,FALSE,FALSE,FALSE,2,relevante,,,,,,,,,,,,,,,,FALSE,FALSE,FALSE,FALSE,TRUE,1,TRUE,TRUE,TRUE,2,FALSE
130002539775_J0031,130002539775,122,101,seca; barragens; drenagem; adaptacao climatica,relevante,FALSE,FALSE,FALSE,FALSE,FALSE,FALSE,TRUE,FALSE,FALSE,FALSE,FALSE,TRUE,FALSE,FALSE,2,relevante,,,,,,,,,,,,,,,,FALSE,FALSE,FALSE,FALSE,FALSE,0,TRUE,TRUE,TRUE,2,FALSE
130002539775_J0032,130002539775,122,18,adaptacao climatica,relevante,TRUE,FALSE,TRUE,TRUE,FALSE,FALSE,FALSE,FALSE,FALSE,FALSE,FALSE,FALSE,FALSE,TRUE,2,relevante,FALSE,FALSE,FALSE,TRUE,FALSE,FALSE,FALSE,FALSE,FALSE,FALSE,FALSE,FALSE,FALSE,TRUE,0,FALSE,FALSE,FALSE,FALSE,FALSE,0,TRUE,TRUE,TRUE,2,FALSE
130002539775_J0033,130002539775,131,91,mudancas climaticas,clima_geral,,,,,,,,,,,,,,,,clima_geral,,,,,,,,,,,,,,,,FALSE,FALSE,FALSE,FALSE,FALSE,0,FALSE,FALSE,TRUE,,FALSE
130002539775_J0034,130002539775,137,36,mudancas climaticas; seca; incendios,relevante,FALSE,FALSE,FALSE,FALSE,TRUE,FALSE,TRUE,TRUE,TRUE,FALSE,FALSE,FALSE,FALSE,FALSE,1,relevante,,,,,,,,,,,,,,,,FALSE,FALSE,FALSE,FALSE,FALSE,0,TRUE,TRUE,TRUE,1,FALSE
130002539775_J0035,130002539775,140,46,eventos climaticos,relevante,FALSE,FALSE,FALSE,FALSE,FALSE,FALSE,FALSE,FALSE,FALSE,FALSE,FALSE,FALSE,FALSE,TRUE,1,relevante,FALSE,FALSE,FALSE,FALSE,FALSE,FALSE,FALSE,FALSE,FALSE,FALSE,FALSE,FALSE,FALSE,FALSE,1,FALSE,FALSE,FALSE,FALSE,FALSE,0,TRUE,TRUE,TRUE,1,FALSE
130002539775_J0036,130002539775,141,44,mudancas climaticas,clima_geral,,,,,,,,,,,,,,,,clima_geral,,,,,,,,,,,,,,,,FALSE,FALSE,FALSE,FALSE,FALSE,0,FALSE,FALSE,TRUE,,FALSE
130002539775_J0037,130002539775,141,50,mudancas climaticas; resiliencia; vulnerabilidade,clima_geral,,,,,,,,,,,,,,,,relevante,,,,,,,,,,,,,,,,FALSE,FALSE,TRUE,FALSE,FALSE,1,FALSE,TRUE,FALSE,,FALSE
130002541911_J0001,130002541911,3,88,risco climatico,relevante,FALSE,FALSE,FALSE,FALSE,FALSE,FALSE,FALSE,FALSE,FALSE,FALSE,FALSE,FALSE,FALSE,TRUE,1,relevante,,,,,,,,,,,,,,,,FALSE,FALSE,FALSE,FALSE,FALSE,0,TRUE,TRUE,TRUE,1,FALSE
130002541911_J0002,130002541911,4,148,desastre; barragens; eventos climaticos,relevante,FALSE,FALSE,TRUE,FALSE,FALSE,FALSE,FALSE,FALSE,FALSE,FALSE,FALSE,FALSE,FALSE,TRUE,1,relevante,,,,,,,,,,,,,,,,FALSE,FALSE,FALSE,FALSE,FALSE,0,TRUE,TRUE,TRUE,1,FALSE
130002541911_J0003,130002541911,4,81,adaptacao climatica; vulnerabilidade; eventos extremos; barragens; queimada,relevante,TRUE,FALSE,FALSE,TRUE,FALSE,FALSE,FALSE,TRUE,FALSE,FALSE,FALSE,TRUE,FALSE,FALSE,3,relevante,,,,,,,,,,,,,,,,FALSE,FALSE,FALSE,FALSE,TRUE,1,TRUE,TRUE,TRUE,3,FALSE
130002544411_J0001,130002544411,27,58,queimada,nao_relevante,,,,,,,,,,,,,,,,nao_relevante,,,,,,,,,,,,,,,,FALSE,FALSE,FALSE,FALSE,FALSE,0,FALSE,FALSE,TRUE,,FALSE
130002544411_J0002,130002544411,51,67,plano de contingencia,nao_relevante,,,,,,,,,,,,,,,,nao_relevante,,,,,,,,,,,,,,,,FALSE,FALSE,FALSE,FALSE,FALSE,0,FALSE,FALSE,TRUE,,FALSE
130002544411_J0003,130002544411,68,16,defesa civil,relevante,FALSE,FALSE,FALSE,FALSE,FALSE,FALSE,FALSE,FALSE,FALSE,FALSE,FALSE,FALSE,FALSE,TRUE,2,relevante,,,,,,,,,,,,,,,,FALSE,FALSE,FALSE,FALSE,TRUE,1,TRUE,TRUE,TRUE,2,FALSE
130002544411_J0004,130002544411,69,46,barragens; defesa civil,relevante,FALSE,FALSE,FALSE,FALSE,FALSE,FALSE,FALSE,FALSE,FALSE,FALSE,FALSE,FALSE,FALSE,TRUE,2,relevante,,,,,,,,,,,,,,,,FALSE,FALSE,FALSE,FALSE,TRUE,1,TRUE,TRUE,TRUE,2,FALSE
130002544411_J0005,130002544411,70,38,defesa civil,relevante,TRUE,FALSE,FALSE,FALSE,FALSE,FALSE,FALSE,FALSE,FALSE,FALSE,FALSE,FALSE,FALSE,TRUE,3,relevante,,,,,,,,,,,,,,,,FALSE,FALSE,FALSE,FALSE,TRUE,1,TRUE,TRUE,TRUE,3,FALSE
130002544411_J0006,130002544411,70,24,defesa civil,relevante,TRUE,FALSE,FALSE,FALSE,FALSE,FALSE,FALSE,FALSE,FALSE,FALSE,FALSE,FALSE,FALSE,TRUE,4,relevante,,,,,,,,,,,,,,,,TRUE,FALSE,FALSE,FALSE,TRUE,2,TRUE,TRUE,TRUE,4,FALSE
130002544411_J0007,130002544411,78,31,defesa civil,relevante,TRUE,FALSE,FALSE,FALSE,FALSE,FALSE,FALSE,FALSE,FALSE,FALSE,FALSE,TRUE,FALSE,FALSE,2,relevante,TRUE,FALSE,FALSE,FALSE,FALSE,FALSE,FALSE,FALSE,FALSE,FALSE,FALSE,TRUE,FALSE,FALSE,3,FALSE,FALSE,FALSE,FALSE,TRUE,1,TRUE,TRUE,TRUE,2,FALSE
130002544411_J0008,130002544411,82,41,defesa civil,nao_relevante,,,,,,,,,,,,,,,,relevante,,,,,,,,,,,,,,,,FALSE,FALSE,FALSE,FALSE,TRUE,1,FALSE,TRUE,FALSE,,FALSE
130002544411_J0009,130002544411,86,19,defesa civil,relevante,FALSE,FALSE,FALSE,FALSE,FALSE,FALSE,FALSE,FALSE,FALSE,FALSE,FALSE,FALSE,FALSE,TRUE,2,relevante,,,,,,,,,,,,,,,,FALSE,FALSE,FALSE,FALSE,TRUE,1,TRUE,TRUE,TRUE,2,FALSE
130002544411_J0010,130002544411,88,29,defesa civil,relevante,FALSE,FALSE,FALSE,FALSE,FALSE,FALSE,FALSE,FALSE,FALSE,FALSE,FALSE,FALSE,FALSE,TRUE,0,relevante,,,,,,,,,,,,,,,,FALSE,FALSE,FALSE,FALSE,TRUE,1,TRUE,TRUE,TRUE,0,FALSE
130002544411_J0011,130002544411,94,86,gestao de risco,relevante,FALSE,FALSE,FALSE,FALSE,FALSE,FALSE,FALSE,FALSE,FALSE,FALSE,FALSE,FALSE,FALSE,TRUE,1,relevante,,,,,,,,,,,,,,,,FALSE,FALSE,FALSE,FALSE,FALSE,0,TRUE,TRUE,TRUE,1,FALSE
130002546802_J0001,130002546802,43,37,estiagem,relevante,TRUE,FALSE,FALSE,FALSE,FALSE,FALSE,TRUE,FALSE,FALSE,FALSE,FALSE,FALSE,FALSE,FALSE,2,relevante,,,,,,,,,,,,,,,,FALSE,FALSE,FALSE,FALSE,FALSE,0,TRUE,TRUE,TRUE,2,FALSE
130002546802_J0002,130002546802,43,61,areas de risco,relevante,TRUE,FALSE,FALSE,FALSE,FALSE,FALSE,FALSE,FALSE,FALSE,FALSE,FALSE,FALSE,FALSE,TRUE,2,relevante,TRUE,FALSE,FALSE,FALSE,FALSE,FALSE,FALSE,FALSE,FALSE,FALSE,FALSE,FALSE,FALSE,TRUE,2,FALSE,FALSE,FALSE,FALSE,FALSE,0,TRUE,TRUE,TRUE,2,FALSE
130002546802_J0003,130002546802,45,32,areas de risco,relevante,FALSE,TRUE,FALSE,FALSE,FALSE,FALSE,FALSE,FALSE,FALSE,FALSE,FALSE,FALSE,FALSE,TRUE,3,relevante,TRUE,FALSE,FALSE,FALSE,FALSE,FALSE,FALSE,FALSE,FALSE,FALSE,FALSE,FALSE,FALSE,TRUE,3,FALSE,FALSE,FALSE,FALSE,FALSE,0,TRUE,TRUE,TRUE,3,FALSE
130002547874_J0001,130002547874,5,158,desastre; rompimento da barragem,relevante,FALSE,FALSE,FALSE,FALSE,FALSE,FALSE,FALSE,FALSE,FALSE,FALSE,FALSE,TRUE,FALSE,FALSE,3,relevante,,,,,,,,,,,,,,,,FALSE,FALSE,FALSE,FALSE,FALSE,0,TRUE,TRUE,TRUE,3,FALSE
130002547874_J0002,130002547874,7,144,vulnerabilidade; desastre,relevante,FALSE,TRUE,FALSE,FALSE,FALSE,FALSE,FALSE,FALSE,FALSE,FALSE,FALSE,FALSE,FALSE,TRUE,3,relevante,,,,,,,,,,,,,,,,FALSE,FALSE,FALSE,FALSE,TRUE,1,TRUE,TRUE,TRUE,3,FALSE
130002547874_J0003,130002547874,9,44,barragens; rejeito,relevante,FALSE,FALSE,TRUE,FALSE,FALSE,FALSE,FALSE,FALSE,FALSE,FALSE,FALSE,TRUE,FALSE,FALSE,2,relevante,,,,,,,,,,,,,,,,FALSE,FALSE,FALSE,FALSE,FALSE,0,TRUE,TRUE,TRUE,2,FALSE
130002549557_J0001,130002549557,5,29,secas,nao_relevante,,,,,,,,,,,,,,,,relevante,,,,,,,,,,,,,,,,FALSE,FALSE,FALSE,FALSE,FALSE,0,FALSE,TRUE,FALSE,,FALSE
130002549557_J0002,130002549557,11,41,adaptacao climatica,relevante,FALSE,FALSE,FALSE,FALSE,FALSE,FALSE,FALSE,FALSE,FALSE,FALSE,FALSE,FALSE,FALSE,FALSE,0,relevante,,,,,,,,,,,,,,,,FALSE,FALSE,FALSE,FALSE,FALSE,0,TRUE,TRUE,TRUE,0,FALSE
130002549557_J0003,130002549557,25,57,barragens; rejeito,nao_relevante,,,,,,,,,,,,,,,,relevante,,,,,,,,,,,,,,,,FALSE,TRUE,FALSE,FALSE,FALSE,1,FALSE,TRUE,FALSE,,FALSE
130002549557_J0004,130002549557,25,32,barragens; rejeito,relevante,TRUE,FALSE,FALSE,FALSE,FALSE,FALSE,FALSE,FALSE,FALSE,FALSE,FALSE,TRUE,FALSE,FALSE,3,relevante,,,,,,,,,,,,,,,,FALSE,FALSE,FALSE,FALSE,FALSE,0,TRUE,TRUE,TRUE,3,FALSE
130002549557_J0005,130002549557,26,63,reducao de risco; queimada; barragens,relevante,TRUE,FALSE,FALSE,FALSE,FALSE,FALSE,FALSE,TRUE,FALSE,FALSE,FALSE,TRUE,FALSE,FALSE,2,relevante,,,,,,,,,,,,,,,,FALSE,FALSE,FALSE,TRUE,FALSE,1,TRUE,TRUE,TRUE,2,FALSE
130002549557_J0006,130002549557,27,191,barragens; rejeito; rompimento da barragem; desastre; alerta; eventos extremos,relevante,TRUE,TRUE,TRUE,FALSE,FALSE,FALSE,FALSE,FALSE,FALSE,FALSE,FALSE,TRUE,FALSE,FALSE,3,relevante,,,,,,,,,,,,,,,,FALSE,FALSE,FALSE,TRUE,TRUE,2,TRUE,TRUE,TRUE,3,FALSE
130002549557_J0007,130002549557,28,49,desastre; rompimento,relevante,FALSE,TRUE,FALSE,FALSE,FALSE,FALSE,FALSE,FALSE,FALSE,FALSE,FALSE,FALSE,FALSE,TRUE,3,relevante,FALSE,TRUE,FALSE,FALSE,FALSE,FALSE,FALSE,FALSE,FALSE,FALSE,FALSE,FALSE,FALSE,TRUE,3,FALSE,FALSE,FALSE,FALSE,FALSE,0,TRUE,TRUE,TRUE,3,FALSE
130002549557_J0008,130002549557,35,72,encosta,nao_relevante,,,,,,,,,,,,,,,,nao_relevante,,,,,,,,,,,,,,,,TRUE,FALSE,TRUE,FALSE,FALSE,2,FALSE,FALSE,TRUE,,FALSE
130002549557_J0009,130002549557,37,62,adaptacao climatica,relevante,FALSE,FALSE,FALSE,FALSE,FALSE,FALSE,FALSE,FALSE,FALSE,FALSE,FALSE,FALSE,FALSE,TRUE,2,relevante,,,,,,,,,,,,,,,,FALSE,TRUE,FALSE,FALSE,FALSE,1,TRUE,TRUE,TRUE,2,FALSE
130002550464_J0001,130002550464,2,134,emergencia climatica,relevante,FALSE,FALSE,FALSE,FALSE,FALSE,FALSE,FALSE,FALSE,FALSE,FALSE,FALSE,FALSE,FALSE,FALSE,1,clima_geral,,,,,,,,,,,,,,,,FALSE,FALSE,FALSE,FALSE,FALSE,0,TRUE,FALSE,FALSE,1,FALSE
130002550464_J0002,130002550464,4,133,mudancas climaticas,clima_geral,,,,,,,,,,,,,,,,clima_geral,,,,,,,,,,,,,,,,FALSE,FALSE,FALSE,FALSE,FALSE,0,FALSE,FALSE,TRUE,,FALSE
130002550464_J0003,130002550464,5,23,crise climatica,clima_geral,,,,,,,,,,,,,,,,clima_geral,,,,,,,,,,,,,,,,FALSE,FALSE,FALSE,FALSE,FALSE,0,FALSE,FALSE,TRUE,,FALSE
130002550464_J0004,130002550464,23,335,crise climatica; emergencia climatica; secas; enchente; queimada; eventos climaticos,relevante,TRUE,FALSE,FALSE,FALSE,TRUE,TRUE,TRUE,TRUE,FALSE,FALSE,FALSE,FALSE,FALSE,FALSE,3,relevante,,,,,,,,,,,,,,,,TRUE,FALSE,FALSE,TRUE,TRUE,3,TRUE,TRUE,TRUE,3,FALSE
130002550464_J0005,130002550464,24,43,secas,relevante,TRUE,FALSE,FALSE,FALSE,FALSE,FALSE,TRUE,FALSE,FALSE,FALSE,FALSE,FALSE,FALSE,FALSE,3,relevante,,,,,,,,,,,,,,,,FALSE,FALSE,FALSE,FALSE,FALSE,0,TRUE,TRUE,TRUE,3,FALSE
130002550464_J0006,130002550464,26,57,desastre; mudancas climaticas,relevante,TRUE,FALSE,FALSE,FALSE,FALSE,FALSE,FALSE,FALSE,FALSE,FALSE,FALSE,FALSE,FALSE,TRUE,2,relevante,FALSE,FALSE,FALSE,FALSE,FALSE,FALSE,FALSE,FALSE,FALSE,FALSE,FALSE,FALSE,FALSE,TRUE,2,FALSE,FALSE,FALSE,FALSE,FALSE,0,TRUE,TRUE,TRUE,2,FALSE
130002550464_J0007,130002550464,28,106,mudancas climaticas,clima_geral,,,,,,,,,,,,,,,,clima_geral,,,,,,,,,,,,,,,,FALSE,FALSE,FALSE,FALSE,FALSE,0,FALSE,FALSE,TRUE,,FALSE
130002550464_J0008,130002550464,48,70,mudancas climaticas,relevante,FALSE,FALSE,FALSE,FALSE,FALSE,FALSE,FALSE,FALSE,FALSE,FALSE,FALSE,FALSE,FALSE,FALSE,2,relevante,FALSE,FALSE,FALSE,TRUE,FALSE,FALSE,FALSE,FALSE,FALSE,FALSE,FALSE,FALSE,FALSE,FALSE,2,FALSE,FALSE,FALSE,FALSE,FALSE,0,TRUE,TRUE,TRUE,2,FALSE
130002550464_J0009,130002550464,51,133,drenagem; encosta; eventos climaticos,nao_relevante,,,,,,,,,,,,,,,,relevante,,,,,,,,,,,,,,,,FALSE,FALSE,FALSE,TRUE,FALSE,1,FALSE,TRUE,FALSE,,FALSE
130002550464_J0010,130002550464,58,98,riscos climaticos,relevante,TRUE,FALSE,FALSE,FALSE,FALSE,FALSE,FALSE,FALSE,FALSE,FALSE,FALSE,FALSE,FALSE,TRUE,2,relevante,TRUE,FALSE,FALSE,FALSE,FALSE,FALSE,FALSE,FALSE,FALSE,FALSE,FALSE,FALSE,FALSE,FALSE,2,FALSE,FALSE,FALSE,FALSE,TRUE,1,TRUE,TRUE,TRUE,2,FALSE
130002550834_J0001,130002550834,11,61,plano de emergencia,nao_relevante,,,,,,,,,,,,,,,,nao_relevante,,,,,,,,,,,,,,,,FALSE,FALSE,FALSE,FALSE,FALSE,0,FALSE,FALSE,TRUE,,FALSE
130002552296_J0001,130002552296,8,104,defesa civil,nao_relevante,,,,,,,,,,,,,,,,nao_relevante,,,,,,,,,,,,,,,,FALSE,FALSE,FALSE,FALSE,TRUE,1,FALSE,FALSE,TRUE,,FALSE
130002552296_J0002,130002552296,8,61,defesa civil; areas de risco; contingencia,relevante,TRUE,FALSE,FALSE,FALSE,FALSE,FALSE,FALSE,FALSE,FALSE,FALSE,FALSE,FALSE,FALSE,TRUE,2,relevante,,,,,,,,,,,,,,,,FALSE,FALSE,FALSE,FALSE,TRUE,1,TRUE,TRUE,TRUE,2,FALSE
130002552296_J0003,130002552296,14,104,desastre; adaptacao climatica; enchente; secas; tempestade; alerta precoce,relevante,TRUE,TRUE,TRUE,TRUE,TRUE,FALSE,TRUE,FALSE,FALSE,TRUE,FALSE,FALSE,FALSE,FALSE,3,relevante,,,,,,,,,,,,,,,,FALSE,FALSE,FALSE,TRUE,FALSE,1,TRUE,TRUE,TRUE,3,FALSE
140002542386_J0001,140002542386,13,116,crise climatica; enchente; eventos climaticos,relevante,FALSE,FALSE,FALSE,FALSE,TRUE,FALSE,FALSE,FALSE,TRUE,FALSE,FALSE,FALSE,FALSE,FALSE,2,relevante,,,,,,,,,,,,,,,,FALSE,FALSE,FALSE,FALSE,FALSE,0,TRUE,TRUE,TRUE,2,FALSE
140002542386_J0002,140002542386,13,125,mudancas climaticas; defesa civil; risco climatico; resiliencia,relevante,TRUE,FALSE,FALSE,FALSE,FALSE,FALSE,FALSE,FALSE,FALSE,FALSE,FALSE,FALSE,FALSE,TRUE,3,relevante,,,,,,,,,,,,,,,,FALSE,FALSE,FALSE,FALSE,TRUE,1,TRUE,TRUE,TRUE,3,FALSE
140002542386_J0003,140002542386,14,60,desastre,relevante,TRUE,FALSE,FALSE,FALSE,FALSE,FALSE,FALSE,FALSE,FALSE,FALSE,FALSE,FALSE,FALSE,TRUE,2,relevante,TRUE,FALSE,FALSE,TRUE,FALSE,FALSE,FALSE,FALSE,FALSE,FALSE,FALSE,FALSE,FALSE,TRUE,3,FALSE,TRUE,FALSE,FALSE,FALSE,1,TRUE,TRUE,TRUE,2,FALSE
140002542386_J0004,140002542386,14,98,encosta; areas de risco,relevante,TRUE,FALSE,FALSE,FALSE,FALSE,FALSE,FALSE,FALSE,FALSE,FALSE,FALSE,FALSE,FALSE,TRUE,3,relevante,,,,,,,,,,,,,,,,FALSE,FALSE,FALSE,FALSE,FALSE,0,TRUE,TRUE,TRUE,3,FALSE
140002542386_J0005,140002542386,15,37,secas; inundac,relevante,TRUE,FALSE,FALSE,FALSE,TRUE,FALSE,TRUE,FALSE,FALSE,FALSE,FALSE,FALSE,FALSE,FALSE,3,relevante,,,,,,,,,,,,,,,,FALSE,FALSE,FALSE,FALSE,FALSE,0,TRUE,TRUE,TRUE,3,FALSE
140002549930_J0001,140002549930,22,49,gestao de risco,nao_relevante,,,,,,,,,,,,,,,,nao_relevante,,,,,,,,,,,,,,,,FALSE,FALSE,FALSE,FALSE,FALSE,0,FALSE,FALSE,TRUE,,FALSE
140002549930_J0002,140002549930,35,65,mudancas climaticas,clima_geral,,,,,,,,,,,,,,,,clima_geral,,,,,,,,,,,,,,,,FALSE,FALSE,FALSE,FALSE,FALSE,0,FALSE,FALSE,TRUE,,FALSE
140002549930_J0003,140002549930,52,45,mudancas climaticas,clima_geral,,,,,,,,,,,,,,,,clima_geral,,,,,,,,,,,,,,,,FALSE,FALSE,FALSE,FALSE,FALSE,0,FALSE,FALSE,TRUE,,FALSE
140002549930_J0004,140002549930,68,44,gestao de risco,nao_relevante,,,,,,,,,,,,,,,,nao_relevante,,,,,,,,,,,,,,,,FALSE,FALSE,FALSE,FALSE,FALSE,0,FALSE,FALSE,TRUE,,FALSE
140002551598_J0001,140002551598,18,43,desastre,relevante,TRUE,FALSE,FALSE,FALSE,FALSE,FALSE,FALSE,FALSE,FALSE,FALSE,FALSE,FALSE,FALSE,TRUE,2,relevante,TRUE,FALSE,FALSE,FALSE,FALSE,FALSE,FALSE,FALSE,FALSE,FALSE,FALSE,FALSE,FALSE,TRUE,2,FALSE,FALSE,FALSE,FALSE,FALSE,0,TRUE,TRUE,TRUE,2,FALSE
140002551598_J0002,140002551598,35,26,alagament,relevante,TRUE,FALSE,FALSE,FALSE,TRUE,FALSE,FALSE,FALSE,FALSE,FALSE,FALSE,FALSE,FALSE,FALSE,3,relevante,TRUE,FALSE,FALSE,FALSE,TRUE,FALSE,FALSE,FALSE,FALSE,FALSE,FALSE,FALSE,FALSE,FALSE,2,FALSE,FALSE,FALSE,FALSE,FALSE,0,TRUE,TRUE,TRUE,3,FALSE
140002551598_J0003,140002551598,35,82,alagament; mudancas climaticas,relevante,TRUE,FALSE,FALSE,TRUE,TRUE,FALSE,FALSE,FALSE,FALSE,FALSE,FALSE,FALSE,FALSE,FALSE,2,relevante,,,,,,,,,,,,,,,,FALSE,FALSE,FALSE,FALSE,FALSE,0,TRUE,TRUE,TRUE,2,FALSE
140002551598_J0004,140002551598,55,96,mudancas climaticas,clima_geral,,,,,,,,,,,,,,,,clima_geral,,,,,,,,,,,,,,,,FALSE,FALSE,FALSE,FALSE,FALSE,0,FALSE,FALSE,TRUE,,FALSE
140002551598_J0005,140002551598,59,65,mudancas climaticas,clima_geral,,,,,,,,,,,,,,,,clima_geral,,,,,,,,,,,,,,,,FALSE,FALSE,FALSE,FALSE,FALSE,0,FALSE,FALSE,TRUE,,FALSE
140002551598_J0006,140002551598,59,83,resiliencia; mudancas climaticas,clima_geral,,,,,,,,,,,,,,,,relevante,,,,,,,,,,,,,,,,FALSE,FALSE,FALSE,FALSE,FALSE,0,FALSE,TRUE,FALSE,,FALSE
140002551598_J0007,140002551598,60,64,queimada; incendios florestais; incendios,relevante,TRUE,FALSE,FALSE,FALSE,FALSE,FALSE,FALSE,TRUE,FALSE,FALSE,FALSE,FALSE,FALSE,FALSE,3,relevante,,,,,,,,,,,,,,,,FALSE,TRUE,FALSE,FALSE,FALSE,1,TRUE,TRUE,TRUE,3,FALSE
140002551598_J0008,140002551598,61,92,queimada; incendios florestais; adaptacao climatica; seca; cheia,relevante,TRUE,FALSE,FALSE,TRUE,TRUE,FALSE,TRUE,TRUE,FALSE,FALSE,FALSE,FALSE,FALSE,FALSE,3,relevante,,,,,,,,,,,,,,,,FALSE,FALSE,FALSE,FALSE,FALSE,0,TRUE,TRUE,TRUE,3,FALSE
140002551598_J0009,140002551598,62,41,eventos climaticos,relevante,TRUE,TRUE,FALSE,FALSE,FALSE,FALSE,FALSE,FALSE,FALSE,FALSE,FALSE,FALSE,FALSE,TRUE,2,relevante,,,,,,,,,,,,,,,,FALSE,FALSE,FALSE,FALSE,FALSE,0,TRUE,TRUE,TRUE,2,FALSE
140002551943_J0001,140002551943,16,50,areas de risco,relevante,TRUE,FALSE,FALSE,FALSE,FALSE,FALSE,FALSE,FALSE,FALSE,FALSE,FALSE,FALSE,FALSE,FALSE,3,relevante,,,,,,,,,,,,,,,,FALSE,FALSE,FALSE,FALSE,FALSE,0,TRUE,TRUE,TRUE,3,FALSE
140002551943_J0002,140002551943,17,79,drenagem; areas de risco; mudancas climaticas,relevante,TRUE,FALSE,FALSE,FALSE,FALSE,FALSE,FALSE,FALSE,FALSE,FALSE,FALSE,FALSE,FALSE,TRUE,3,relevante,TRUE,FALSE,FALSE,TRUE,TRUE,TRUE,FALSE,FALSE,TRUE,FALSE,FALSE,FALSE,FALSE,FALSE,3,FALSE,FALSE,FALSE,FALSE,FALSE,0,TRUE,TRUE,TRUE,3,FALSE
140002551943_J0003,140002551943,17,36,enchente; incendios,relevante,FALSE,FALSE,TRUE,FALSE,TRUE,TRUE,FALSE,TRUE,FALSE,FALSE,FALSE,FALSE,FALSE,FALSE,3,relevante,FALSE,TRUE,FALSE,FALSE,TRUE,TRUE,FALSE,TRUE,FALSE,FALSE,FALSE,FALSE,FALSE,FALSE,3,FALSE,FALSE,FALSE,FALSE,FALSE,0,TRUE,TRUE,TRUE,3,FALSE
140002551943_J0004,140002551943,43,29,queimada,relevante,FALSE,FALSE,FALSE,FALSE,FALSE,FALSE,FALSE,TRUE,FALSE,FALSE,FALSE,FALSE,FALSE,FALSE,1,relevante,FALSE,FALSE,FALSE,FALSE,FALSE,FALSE,FALSE,TRUE,FALSE,FALSE,FALSE,FALSE,FALSE,FALSE,1,FALSE,FALSE,FALSE,FALSE,FALSE,0,TRUE,TRUE,TRUE,1,FALSE
140002551943_J0005,140002551943,43,52,queimada,relevante,FALSE,FALSE,FALSE,FALSE,FALSE,FALSE,FALSE,TRUE,FALSE,FALSE,FALSE,FALSE,FALSE,FALSE,1,relevante,,,,,,,,,,,,,,,,TRUE,FALSE,FALSE,FALSE,FALSE,1,TRUE,TRUE,TRUE,1,FALSE
140002551943_J0006,140002551943,45,196,mudancas climaticas; crise climatica; mudanca climatica; secas; enchente; ondas de calor,relevante,FALSE,FALSE,FALSE,TRUE,TRUE,FALSE,TRUE,TRUE,TRUE,FALSE,FALSE,FALSE,FALSE,FALSE,1,relevante,,,,,,,,,,,,,,,,FALSE,FALSE,FALSE,FALSE,FALSE,0,TRUE,TRUE,TRUE,1,FALSE
140002551943_J0007,140002551943,46,56,queimada,relevante,FALSE,FALSE,FALSE,FALSE,FALSE,FALSE,FALSE,FALSE,FALSE,FALSE,FALSE,FALSE,FALSE,FALSE,2,relevante,FALSE,FALSE,FALSE,FALSE,FALSE,FALSE,FALSE,TRUE,FALSE,FALSE,FALSE,FALSE,FALSE,FALSE,0,FALSE,FALSE,FALSE,FALSE,FALSE,0,TRUE,TRUE,TRUE,2,FALSE
140002551943_J0008,140002551943,47,134,queimada; incendios florestais; incendios; mudancas climaticas; secas; enchente,relevante,TRUE,FALSE,FALSE,TRUE,TRUE,FALSE,TRUE,TRUE,TRUE,FALSE,FALSE,FALSE,FALSE,FALSE,3,relevante,,,,,,,,,,,,,,,,FALSE,FALSE,FALSE,FALSE,TRUE,1,TRUE,TRUE,TRUE,3,FALSE
140002551943_J0009,140002551943,48,33,queimada,relevante,FALSE,FALSE,FALSE,FALSE,FALSE,FALSE,FALSE,TRUE,FALSE,FALSE,FALSE,FALSE,FALSE,FALSE,2,relevante,,,,,,,,,,,,,,,,FALSE,FALSE,FALSE,FALSE,FALSE,0,TRUE,TRUE,TRUE,2,FALSE
140002554108_J0001,140002554108,10,73,areas de risco,relevante,FALSE,FALSE,FALSE,FALSE,FALSE,FALSE,FALSE,FALSE,FALSE,FALSE,FALSE,FALSE,FALSE,FALSE,1,relevante,,,,,,,,,,,,,,,,FALSE,FALSE,FALSE,FALSE,FALSE,0,TRUE,TRUE,TRUE,1,FALSE
140002554108_J0002,140002554108,11,50,vulnerabilidade; areas de risco,relevante,TRUE,FALSE,FALSE,FALSE,FALSE,FALSE,FALSE,FALSE,FALSE,FALSE,FALSE,FALSE,FALSE,FALSE,0,nao_relevante,,,,,,,,,,,,,,,,FALSE,FALSE,FALSE,FALSE,FALSE,0,TRUE,FALSE,FALSE,0,FALSE
140002554108_J0003,140002554108,14,106,crise climatica,nao_relevante,,,,,,,,,,,,,,,,clima_geral,,,,,,,,,,,,,,,,FALSE,FALSE,FALSE,FALSE,FALSE,0,FALSE,FALSE,FALSE,,FALSE
140002554108_J0004,140002554108,15,126,barragem; rejeito; mudancas climaticas,relevante,FALSE,FALSE,FALSE,FALSE,FALSE,FALSE,FALSE,FALSE,FALSE,FALSE,FALSE,TRUE,FALSE,FALSE,1,relevante,,,,,,,,,,,,,,,,FALSE,FALSE,FALSE,FALSE,FALSE,0,TRUE,TRUE,TRUE,1,FALSE
150002538692_J0001,150002538692,2,58,defesa civil,nao_relevante,,,,,,,,,,,,,,,,nao_relevante,,,,,,,,,,,,,,,,FALSE,FALSE,FALSE,FALSE,TRUE,1,FALSE,FALSE,TRUE,,FALSE
150002538692_J0002,150002538692,3,46,defesa civil,relevante,FALSE,FALSE,FALSE,FALSE,FALSE,FALSE,FALSE,FALSE,FALSE,FALSE,FALSE,FALSE,FALSE,FALSE,2,relevante,,,,,,,,,,,,,,,,FALSE,FALSE,FALSE,FALSE,TRUE,1,TRUE,TRUE,TRUE,2,FALSE
150002538692_J0003,150002538692,7,66,seca,relevante,FALSE,FALSE,FALSE,FALSE,FALSE,FALSE,TRUE,FALSE,FALSE,FALSE,FALSE,FALSE,FALSE,FALSE,1,relevante,TRUE,FALSE,FALSE,FALSE,FALSE,FALSE,TRUE,FALSE,FALSE,FALSE,FALSE,FALSE,FALSE,FALSE,1,FALSE,FALSE,FALSE,FALSE,FALSE,0,TRUE,TRUE,TRUE,1,FALSE
150002538692_J0004,150002538692,11,54,seca,relevante,FALSE,FALSE,FALSE,FALSE,FALSE,FALSE,TRUE,FALSE,FALSE,FALSE,FALSE,FALSE,FALSE,FALSE,1,relevante,,,,,,,,,,,,,,,,FALSE,FALSE,FALSE,FALSE,FALSE,0,TRUE,TRUE,TRUE,1,FALSE
150002538692_J0005,150002538692,12,45,estiagem,relevante,TRUE,FALSE,FALSE,FALSE,FALSE,FALSE,TRUE,FALSE,FALSE,FALSE,FALSE,FALSE,FALSE,FALSE,2,relevante,TRUE,FALSE,FALSE,FALSE,FALSE,FALSE,TRUE,FALSE,FALSE,FALSE,FALSE,FALSE,FALSE,FALSE,2,FALSE,FALSE,FALSE,FALSE,FALSE,0,TRUE,TRUE,TRUE,2,FALSE
150002538692_J0006,150002538692,12,54,areas de risco,relevante,FALSE,FALSE,FALSE,FALSE,FALSE,FALSE,FALSE,FALSE,FALSE,FALSE,FALSE,FALSE,FALSE,TRUE,1,relevante,,,,,,,,,,,,,,,,FALSE,FALSE,FALSE,FALSE,FALSE,0,TRUE,TRUE,TRUE,1,FALSE
150002538692_J0007,150002538692,13,59,mudancas climaticas,clima_geral,,,,,,,,,,,,,,,,relevante,,,,,,,,,,,,,,,,FALSE,FALSE,FALSE,FALSE,FALSE,0,FALSE,TRUE,FALSE,,FALSE
150002538692_J0008,150002538692,14,60,resiliencia climatica,clima_geral,,,,,,,,,,,,,,,,clima_geral,,,,,,,,,,,,,,,,FALSE,FALSE,FALSE,FALSE,FALSE,0,FALSE,FALSE,TRUE,,FALSE
150002538692_J0009,150002538692,15,26,emergencia climatica,relevante,TRUE,FALSE,FALSE,FALSE,FALSE,FALSE,FALSE,FALSE,FALSE,FALSE,FALSE,FALSE,FALSE,TRUE,3,clima_geral,,,,,,,,,,,,,,,,FALSE,FALSE,FALSE,FALSE,FALSE,0,TRUE,FALSE,FALSE,3,FALSE
150002538692_J0010,150002538692,18,235,defesa civil; desastre; secas; inundac,relevante,TRUE,FALSE,FALSE,FALSE,TRUE,FALSE,TRUE,FALSE,FALSE,FALSE,FALSE,FALSE,FALSE,FALSE,1,relevante,,,,,,,,,,,,,,,,FALSE,FALSE,FALSE,TRUE,TRUE,2,TRUE,TRUE,TRUE,1,FALSE
150002538692_J0011,150002538692,19,30,defesa civil; desastre,relevante,TRUE,TRUE,FALSE,FALSE,FALSE,FALSE,FALSE,FALSE,FALSE,FALSE,FALSE,FALSE,FALSE,TRUE,2,relevante,,,,,,,,,,,,,,,,FALSE,FALSE,FALSE,FALSE,TRUE,1,TRUE,TRUE,TRUE,2,FALSE
150002538692_J0012,150002538692,19,172,defesa civil; alerta antecipado; areas de risco; eventos climaticos,relevante,TRUE,FALSE,FALSE,FALSE,FALSE,FALSE,FALSE,FALSE,FALSE,FALSE,FALSE,FALSE,FALSE,TRUE,3,relevante,TRUE,TRUE,FALSE,FALSE,FALSE,FALSE,FALSE,FALSE,FALSE,FALSE,FALSE,FALSE,FALSE,TRUE,3,FALSE,FALSE,FALSE,TRUE,TRUE,2,TRUE,TRUE,TRUE,3,FALSE
150002544133_J0001,150002544133,14,48,estiagem,relevante,FALSE,FALSE,FALSE,FALSE,FALSE,FALSE,TRUE,FALSE,FALSE,FALSE,FALSE,FALSE,FALSE,FALSE,1,relevante,,,,,,,,,,,,,,,,FALSE,FALSE,TRUE,FALSE,FALSE,1,TRUE,TRUE,TRUE,1,FALSE
150002544133_J0002,150002544133,15,54,seca,relevante,TRUE,FALSE,FALSE,FALSE,FALSE,FALSE,TRUE,FALSE,FALSE,FALSE,FALSE,FALSE,FALSE,FALSE,3,relevante,TRUE,FALSE,FALSE,FALSE,FALSE,FALSE,TRUE,FALSE,FALSE,FALSE,FALSE,FALSE,FALSE,FALSE,2,FALSE,FALSE,FALSE,FALSE,FALSE,0,TRUE,TRUE,TRUE,3,FALSE
150002544133_J0003,150002544133,15,38,queimada,nao_relevante,,,,,,,,,,,,,,,,nao_relevante,,,,,,,,,,,,,,,,FALSE,FALSE,FALSE,FALSE,FALSE,0,FALSE,FALSE,TRUE,,FALSE
150002544133_J0004,150002544133,25,50,defesa civil; desastre,relevante,FALSE,TRUE,FALSE,FALSE,FALSE,FALSE,FALSE,FALSE,FALSE,FALSE,FALSE,FALSE,FALSE,TRUE,2,relevante,FALSE,TRUE,FALSE,FALSE,FALSE,FALSE,FALSE,FALSE,FALSE,FALSE,FALSE,FALSE,FALSE,TRUE,3,FALSE,FALSE,FALSE,FALSE,TRUE,1,TRUE,TRUE,TRUE,2,FALSE
150002544133_J0005,150002544133,40,52,escassez hidrica,nao_relevante,,,,,,,,,,,,,,,,relevante,,,,,,,,,,,,,,,,FALSE,FALSE,FALSE,FALSE,FALSE,0,FALSE,TRUE,FALSE,,FALSE
150002544133_J0006,150002544133,43,65,estiagem,relevante,FALSE,TRUE,FALSE,FALSE,FALSE,FALSE,TRUE,FALSE,FALSE,FALSE,FALSE,FALSE,FALSE,FALSE,3,relevante,,,,,,,,,,,,,,,,FALSE,FALSE,FALSE,FALSE,FALSE,0,TRUE,TRUE,TRUE,3,FALSE
150002544133_J0007,150002544133,71,53,desastre,relevante,FALSE,FALSE,TRUE,FALSE,FALSE,FALSE,FALSE,FALSE,FALSE,FALSE,FALSE,FALSE,FALSE,TRUE,3,relevante,,,,,,,,,,,,,,,,FALSE,FALSE,FALSE,FALSE,FALSE,0,TRUE,TRUE,TRUE,3,FALSE
150002544133_J0008,150002544133,73,62,queimada,nao_relevante,,,,,,,,,,,,,,,,nao_relevante,,,,,,,,,,,,,,,,FALSE,FALSE,FALSE,FALSE,FALSE,0,FALSE,FALSE,TRUE,,FALSE
150002544133_J0009,150002544133,74,53,queimada,relevante,TRUE,FALSE,FALSE,FALSE,FALSE,TRUE,FALSE,FALSE,FALSE,FALSE,FALSE,FALSE,FALSE,FALSE,3,nao_relevante,,,,,,,,,,,,,,,,FALSE,FALSE,FALSE,FALSE,FALSE,0,TRUE,FALSE,FALSE,3,FALSE
150002544133_J0010,150002544133,75,59,seca,nao_relevante,,,,,,,,,,,,,,,,nao_relevante,,,,,,,,,,,,,,,,FALSE,FALSE,FALSE,FALSE,FALSE,0,FALSE,FALSE,TRUE,,FALSE
150002544133_J0011,150002544133,79,168,resiliencia climatica; resiliencia; alerta; erosao; nivel do mar,relevante,TRUE,FALSE,FALSE,TRUE,FALSE,FALSE,FALSE,FALSE,FALSE,FALSE,TRUE,FALSE,FALSE,FALSE,3,relevante,,,,,,,,,,,,,,,,FALSE,FALSE,FALSE,TRUE,TRUE,2,TRUE,TRUE,TRUE,3,FALSE
150002551789_J0001,150002551789,5,106,defesa civil,nao_relevante,,,,,,,,,,,,,,,,relevante,,,,,,,,,,,,,,,,FALSE,FALSE,FALSE,TRUE,TRUE,2,FALSE,TRUE,FALSE,,FALSE
150002551789_J0002,150002551789,5,54,defesa civil,relevante,FALSE,TRUE,FALSE,FALSE,FALSE,FALSE,FALSE,FALSE,FALSE,FALSE,FALSE,FALSE,FALSE,TRUE,2,relevante,,,,,,,,,,,,,,,,FALSE,FALSE,FALSE,FALSE,TRUE,1,TRUE,TRUE,TRUE,2,FALSE
150002551789_J0003,150002551789,18,56,areas de risco,relevante,TRUE,FALSE,FALSE,FALSE,FALSE,FALSE,FALSE,FALSE,FALSE,FALSE,FALSE,FALSE,FALSE,TRUE,2,relevante,,,,,,,,,,,,,,,,FALSE,FALSE,FALSE,FALSE,FALSE,0,TRUE,TRUE,TRUE,2,FALSE
150002551789_J0004,150002551789,28,37,vulnerabilidade; enchente,relevante,TRUE,FALSE,FALSE,FALSE,TRUE,FALSE,TRUE,FALSE,FALSE,FALSE,FALSE,FALSE,FALSE,FALSE,2,relevante,,,,,,,,,,,,,,,,FALSE,FALSE,FALSE,FALSE,FALSE,0,TRUE,TRUE,TRUE,2,FALSE
150002551789_J0005,150002551789,30,102,mudancas climaticas,clima_geral,,,,,,,,,,,,,,,,clima_geral,,,,,,,,,,,,,,,,FALSE,FALSE,FALSE,FALSE,FALSE,0,FALSE,FALSE,TRUE,,FALSE
150002552603_J0001,150002552603,5,47,plano de emergencia,nao_relevante,,,,,,,,,,,,,,,,nao_relevante,,,,,,,,,,,,,,,,FALSE,FALSE,FALSE,FALSE,FALSE,0,FALSE,FALSE,TRUE,,FALSE
160002540833_J0001,160002540833,12,28,defesa civil,relevante,FALSE,FALSE,FALSE,FALSE,FALSE,FALSE,FALSE,FALSE,FALSE,FALSE,FALSE,FALSE,FALSE,TRUE,0,relevante,,,,,,,,,,,,,,,,FALSE,FALSE,FALSE,FALSE,TRUE,1,TRUE,TRUE,TRUE,0,FALSE
160002540833_J0002,160002540833,35,81,resiliencia; desastre; enchente; eventos climaticos; defesa civil,relevante,FALSE,TRUE,FALSE,FALSE,TRUE,FALSE,FALSE,FALSE,FALSE,FALSE,FALSE,FALSE,FALSE,FALSE,3,relevante,,,,,,,,,,,,,,,,FALSE,FALSE,FALSE,FALSE,TRUE,1,TRUE,TRUE,TRUE,3,FALSE
160002540833_J0003,160002540833,37,96,resiliencia climatica,clima_geral,,,,,,,,,,,,,,,,clima_geral,,,,,,,,,,,,,,,,FALSE,FALSE,FALSE,FALSE,FALSE,0,FALSE,FALSE,TRUE,,FALSE
160002540833_J0004,160002540833,42,36,cheia,nao_relevante,,,,,,,,,,,,,,,,nao_relevante,,,,,,,,,,,,,,,,FALSE,FALSE,FALSE,FALSE,FALSE,0,FALSE,FALSE,TRUE,,FALSE
160002540833_J0005,160002540833,43,71,seca,relevante,FALSE,FALSE,FALSE,TRUE,FALSE,FALSE,TRUE,FALSE,FALSE,FALSE,FALSE,FALSE,FALSE,FALSE,2,relevante,TRUE,FALSE,FALSE,TRUE,FALSE,FALSE,TRUE,FALSE,FALSE,FALSE,FALSE,FALSE,FALSE,FALSE,0,FALSE,FALSE,FALSE,FALSE,FALSE,0,TRUE,TRUE,TRUE,2,FALSE
160002540833_J0006,160002540833,56,115,drenagem; adaptacao climatica; resiliencia,relevante,TRUE,FALSE,FALSE,TRUE,TRUE,FALSE,FALSE,FALSE,FALSE,FALSE,FALSE,FALSE,FALSE,FALSE,0,relevante,,,,,,,,,,,,,,,,FALSE,FALSE,FALSE,FALSE,FALSE,0,TRUE,TRUE,TRUE,0,FALSE
160002540833_J0007,160002540833,60,102,area de risco; encosta,relevante,TRUE,FALSE,FALSE,FALSE,TRUE,TRUE,FALSE,FALSE,FALSE,FALSE,FALSE,FALSE,FALSE,FALSE,3,relevante,,,,,,,,,,,,,,,,FALSE,FALSE,FALSE,FALSE,FALSE,0,TRUE,TRUE,TRUE,3,FALSE
160002540833_J0008,160002540833,62,51,drenagem; enchente; alagament,relevante,TRUE,FALSE,FALSE,FALSE,TRUE,FALSE,FALSE,FALSE,FALSE,FALSE,FALSE,FALSE,FALSE,FALSE,2,relevante,,,,,,,,,,,,,,,,FALSE,FALSE,FALSE,FALSE,FALSE,0,TRUE,TRUE,TRUE,2,FALSE
160002540833_J0009,160002540833,66,63,enchente,relevante,TRUE,FALSE,FALSE,FALSE,TRUE,FALSE,FALSE,FALSE,FALSE,FALSE,FALSE,FALSE,FALSE,FALSE,3,relevante,,,,,,,,,,,,,,,,FALSE,FALSE,FALSE,FALSE,FALSE,0,TRUE,TRUE,TRUE,3,FALSE
160002540833_J0010,160002540833,70,74,gestao de risco,nao_relevante,,,,,,,,,,,,,,,,nao_relevante,,,,,,,,,,,,,,,,FALSE,FALSE,FALSE,TRUE,FALSE,1,FALSE,FALSE,TRUE,,FALSE
160002540833_J0011,160002540833,71,40,gestao de risco,nao_relevante,,,,,,,,,,,,,,,,nao_relevante,,,,,,,,,,,,,,,,FALSE,FALSE,FALSE,FALSE,FALSE,0,FALSE,FALSE,TRUE,,FALSE
160002540833_J0012,160002540833,78,57,defesa civil,relevante,FALSE,FALSE,FALSE,FALSE,FALSE,FALSE,FALSE,FALSE,FALSE,FALSE,FALSE,FALSE,FALSE,TRUE,2,relevante,,,,,,,,,,,,,,,,FALSE,FALSE,FALSE,FALSE,TRUE,1,TRUE,TRUE,TRUE,2,FALSE
160002540833_J0013,160002540833,79,66,defesa civil; desastre; eventos climaticos; gestao de risco,relevante,TRUE,TRUE,FALSE,FALSE,FALSE,FALSE,FALSE,FALSE,FALSE,FALSE,FALSE,FALSE,FALSE,TRUE,2,relevante,,,,,,,,,,,,,,,,FALSE,FALSE,FALSE,TRUE,TRUE,2,TRUE,TRUE,TRUE,2,FALSE
160002540833_J0014,160002540833,80,19,defesa civil; desastre,relevante,TRUE,TRUE,FALSE,FALSE,FALSE,FALSE,FALSE,FALSE,FALSE,FALSE,FALSE,FALSE,FALSE,TRUE,2,relevante,TRUE,TRUE,FALSE,FALSE,FALSE,FALSE,FALSE,FALSE,FALSE,FALSE,FALSE,FALSE,FALSE,TRUE,2,FALSE,FALSE,FALSE,FALSE,TRUE,1,TRUE,TRUE,TRUE,2,FALSE
160002540833_J0015,160002540833,87,249,defesa civil; desastre; mapeamento de risco; eventos extremos; alerta antecipado; alerta precoce,relevante,TRUE,TRUE,FALSE,FALSE,TRUE,TRUE,FALSE,TRUE,FALSE,FALSE,FALSE,FALSE,FALSE,FALSE,3,relevante,,,,,,,,,,,,,,,,FALSE,FALSE,FALSE,TRUE,TRUE,2,TRUE,TRUE,TRUE,3,FALSE
160002547666_J0001,160002547666,3,65,desastre,relevante,TRUE,FALSE,FALSE,FALSE,FALSE,FALSE,FALSE,FALSE,FALSE,FALSE,FALSE,FALSE,FALSE,TRUE,3,relevante,,,,,,,,,,,,,,,,FALSE,FALSE,FALSE,FALSE,FALSE,0,TRUE,TRUE,TRUE,3,FALSE
160002547666_J0002,160002547666,4,66,defesa civil; drenagem,relevante,TRUE,FALSE,FALSE,FALSE,FALSE,FALSE,FALSE,FALSE,FALSE,FALSE,FALSE,FALSE,FALSE,FALSE,2,relevante,TRUE,FALSE,FALSE,FALSE,FALSE,FALSE,FALSE,FALSE,FALSE,FALSE,FALSE,FALSE,FALSE,FALSE,2,FALSE,FALSE,FALSE,FALSE,TRUE,1,TRUE,TRUE,TRUE,2,FALSE
160002547666_J0003,160002547666,7,38,defesa civil,nao_relevante,,,,,,,,,,,,,,,,nao_relevante,,,,,,,,,,,,,,,,FALSE,FALSE,FALSE,FALSE,TRUE,1,FALSE,FALSE,TRUE,,FALSE
160002547666_J0004,160002547666,7,45,defesa civil; desastre; alerta,relevante,TRUE,TRUE,TRUE,FALSE,FALSE,FALSE,FALSE,FALSE,FALSE,FALSE,FALSE,FALSE,FALSE,TRUE,3,relevante,,,,,,,,,,,,,,,,FALSE,FALSE,FALSE,FALSE,TRUE,1,TRUE,TRUE,TRUE,3,FALSE
160002547666_J0005,160002547666,9,62,adaptacao climatica; alerta; eventos extremos,relevante,TRUE,FALSE,FALSE,FALSE,FALSE,FALSE,FALSE,FALSE,FALSE,FALSE,FALSE,FALSE,FALSE,TRUE,2,relevante,,,,,,,,,,,,,,,,FALSE,FALSE,FALSE,FALSE,FALSE,0,TRUE,TRUE,TRUE,2,FALSE
160002547666_J0006,160002547666,11,41,areas de risco,relevante,TRUE,FALSE,FALSE,FALSE,FALSE,FALSE,FALSE,FALSE,FALSE,FALSE,FALSE,FALSE,FALSE,TRUE,2,relevante,TRUE,FALSE,FALSE,FALSE,FALSE,FALSE,FALSE,FALSE,FALSE,FALSE,FALSE,FALSE,FALSE,TRUE,2,FALSE,FALSE,FALSE,FALSE,FALSE,0,TRUE,TRUE,TRUE,2,FALSE
160002547666_J0007,160002547666,11,58,areas de risco; drenagem,relevante,TRUE,FALSE,FALSE,FALSE,FALSE,FALSE,FALSE,FALSE,FALSE,FALSE,FALSE,FALSE,FALSE,TRUE,2,relevante,,,,,,,,,,,,,,,,FALSE,FALSE,FALSE,FALSE,FALSE,0,TRUE,TRUE,TRUE,2,FALSE
160002547666_J0008,160002547666,12,39,crise climatica,clima_geral,,,,,,,,,,,,,,,,clima_geral,,,,,,,,,,,,,,,,FALSE,FALSE,FALSE,FALSE,FALSE,0,FALSE,FALSE,TRUE,,FALSE
160002547666_J0009,160002547666,12,114,barragens; secas; enchente; ondas de calor; deslizament; drenagem,relevante,TRUE,FALSE,FALSE,FALSE,TRUE,TRUE,TRUE,FALSE,TRUE,FALSE,FALSE,TRUE,FALSE,FALSE,2,relevante,TRUE,FALSE,FALSE,TRUE,TRUE,TRUE,TRUE,FALSE,TRUE,FALSE,FALSE,TRUE,FALSE,FALSE,2,FALSE,FALSE,FALSE,FALSE,FALSE,0,TRUE,TRUE,TRUE,2,FALSE
160002548010_J0001,160002548010,7,207,crise climatica; secas; enchente; deslizament,relevante,FALSE,FALSE,FALSE,FALSE,TRUE,TRUE,TRUE,FALSE,FALSE,FALSE,FALSE,TRUE,FALSE,FALSE,1,relevante,,,,,,,,,,,,,,,,FALSE,FALSE,FALSE,FALSE,FALSE,0,TRUE,TRUE,TRUE,1,FALSE
160002548010_J0002,160002548010,7,73,desastre; defesa civil; enchente; enxurrada; deslizament; areas de risco,relevante,TRUE,FALSE,FALSE,FALSE,TRUE,TRUE,FALSE,FALSE,FALSE,FALSE,FALSE,FALSE,FALSE,FALSE,3,relevante,TRUE,FALSE,FALSE,FALSE,TRUE,TRUE,FALSE,FALSE,FALSE,FALSE,FALSE,FALSE,FALSE,FALSE,3,FALSE,FALSE,FALSE,FALSE,TRUE,1,TRUE,TRUE,TRUE,3,FALSE
160002549553_J0001,160002549553,2,76,mudancas climaticas,clima_geral,,,,,,,,,,,,,,,,clima_geral,,,,,,,,,,,,,,,,FALSE,FALSE,FALSE,FALSE,FALSE,0,FALSE,FALSE,TRUE,,FALSE
160002549553_J0002,160002549553,29,67,risco climatico,relevante,TRUE,FALSE,FALSE,FALSE,FALSE,FALSE,FALSE,FALSE,FALSE,FALSE,FALSE,FALSE,FALSE,TRUE,2,relevante,FALSE,FALSE,FALSE,FALSE,FALSE,FALSE,FALSE,FALSE,FALSE,FALSE,FALSE,FALSE,FALSE,TRUE,2,FALSE,FALSE,FALSE,FALSE,FALSE,0,TRUE,TRUE,TRUE,2,FALSE
160002549553_J0003,160002549553,40,138,mudancas climaticas; defesa civil; eventos climaticos; resiliencia climatica,relevante,TRUE,FALSE,FALSE,FALSE,FALSE,FALSE,FALSE,FALSE,FALSE,FALSE,FALSE,FALSE,FALSE,TRUE,2,relevante,,,,,,,,,,,,,,,,FALSE,FALSE,FALSE,FALSE,TRUE,1,TRUE,TRUE,TRUE,2,FALSE
160002549553_J0004,160002549553,45,37,resiliencia climatica,relevante,FALSE,FALSE,FALSE,FALSE,FALSE,FALSE,FALSE,FALSE,FALSE,FALSE,FALSE,FALSE,FALSE,FALSE,2,clima_geral,,,,,,,,,,,,,,,,FALSE,FALSE,FALSE,FALSE,FALSE,0,TRUE,FALSE,FALSE,2,FALSE
160002549553_J0005,160002549553,67,52,eventos climaticos,relevante,TRUE,FALSE,FALSE,FALSE,FALSE,FALSE,FALSE,FALSE,FALSE,FALSE,FALSE,FALSE,FALSE,TRUE,3,relevante,,,,,,,,,,,,,,,,FALSE,FALSE,FALSE,FALSE,FALSE,0,TRUE,TRUE,TRUE,3,FALSE
160002549553_J0006,160002549553,67,90,contingencia; defesa civil,relevante,TRUE,FALSE,FALSE,FALSE,FALSE,FALSE,FALSE,FALSE,FALSE,FALSE,FALSE,FALSE,FALSE,FALSE,3,nao_relevante,,,,,,,,,,,,,,,,FALSE,FALSE,FALSE,FALSE,TRUE,1,TRUE,FALSE,FALSE,3,FALSE
160002549553_J0007,160002549553,67,29,eventos climaticos,relevante,TRUE,FALSE,FALSE,FALSE,FALSE,FALSE,FALSE,FALSE,FALSE,FALSE,FALSE,FALSE,FALSE,TRUE,3,relevante,FALSE,FALSE,FALSE,FALSE,FALSE,FALSE,FALSE,FALSE,FALSE,FALSE,FALSE,FALSE,FALSE,TRUE,2,FALSE,FALSE,FALSE,FALSE,FALSE,0,TRUE,TRUE,TRUE,3,FALSE
160002549553_J0008,160002549553,74,53,alerta; defesa civil,relevante,TRUE,FALSE,FALSE,FALSE,FALSE,FALSE,FALSE,FALSE,FALSE,FALSE,FALSE,FALSE,FALSE,FALSE,2,relevante,TRUE,FALSE,FALSE,FALSE,FALSE,FALSE,FALSE,FALSE,FALSE,FALSE,FALSE,FALSE,FALSE,FALSE,2,FALSE,FALSE,FALSE,FALSE,TRUE,1,TRUE,TRUE,TRUE,2,FALSE
160002549553_J0009,160002549553,76,105,defesa civil; desastre,relevante,TRUE,TRUE,FALSE,FALSE,FALSE,FALSE,FALSE,FALSE,FALSE,FALSE,FALSE,FALSE,FALSE,TRUE,2,relevante,TRUE,TRUE,FALSE,FALSE,FALSE,FALSE,FALSE,FALSE,FALSE,FALSE,FALSE,FALSE,FALSE,TRUE,2,FALSE,FALSE,FALSE,FALSE,TRUE,1,TRUE,TRUE,TRUE,2,FALSE
160002549553_J0010,160002549553,79,38,defesa civil,relevante,FALSE,TRUE,FALSE,FALSE,FALSE,FALSE,FALSE,FALSE,FALSE,FALSE,FALSE,FALSE,FALSE,FALSE,3,relevante,,,,,,,,,,,,,,,,FALSE,FALSE,FALSE,FALSE,TRUE,1,TRUE,TRUE,TRUE,3,FALSE
160002549553_J0011,160002549553,79,112,resiliencia climatica; defesa civil; incendios florestais; enchente; deslizament,relevante,TRUE,TRUE,FALSE,FALSE,TRUE,TRUE,FALSE,TRUE,FALSE,FALSE,FALSE,FALSE,FALSE,FALSE,2,relevante,,,,,,,,,,,,,,,,FALSE,FALSE,FALSE,FALSE,TRUE,1,TRUE,TRUE,TRUE,2,FALSE
160002549553_J0012,160002549553,79,28,eventos climaticos,relevante,FALSE,TRUE,FALSE,FALSE,FALSE,FALSE,FALSE,FALSE,FALSE,FALSE,FALSE,FALSE,FALSE,TRUE,2,relevante,,,,,,,,,,,,,,,,FALSE,FALSE,FALSE,FALSE,FALSE,0,TRUE,TRUE,TRUE,2,FALSE
160002549553_J0013,160002549553,88,114,resiliencia climatica,clima_geral,,,,,,,,,,,,,,,,relevante,,,,,,,,,,,,,,,,FALSE,FALSE,FALSE,TRUE,FALSE,1,FALSE,TRUE,FALSE,,FALSE
160002549553_J0014,160002549553,92,37,enchente; secas; desastre; defesa civil,relevante,TRUE,FALSE,FALSE,FALSE,TRUE,FALSE,TRUE,FALSE,FALSE,FALSE,FALSE,FALSE,FALSE,FALSE,3,relevante,TRUE,FALSE,FALSE,FALSE,TRUE,FALSE,TRUE,FALSE,FALSE,FALSE,FALSE,FALSE,FALSE,TRUE,3,FALSE,FALSE,FALSE,FALSE,TRUE,1,TRUE,TRUE,TRUE,3,FALSE
160002549553_J0015,160002549553,96,81,alerta; desastre,relevante,TRUE,TRUE,FALSE,FALSE,FALSE,FALSE,FALSE,FALSE,FALSE,FALSE,FALSE,FALSE,FALSE,TRUE,2,relevante,,,,,,,,,,,,,,,,FALSE,FALSE,FALSE,FALSE,FALSE,0,TRUE,TRUE,TRUE,2,FALSE
160002549553_J0016,160002549553,111,99,adaptacao climatica,relevante,FALSE,FALSE,FALSE,TRUE,FALSE,FALSE,FALSE,FALSE,FALSE,FALSE,FALSE,FALSE,FALSE,FALSE,2,relevante,,,,,,,,,,,,,,,,FALSE,FALSE,FALSE,FALSE,FALSE,0,TRUE,TRUE,TRUE,2,FALSE
160002549553_J0017,160002549553,126,42,plano de contingencia,nao_relevante,,,,,,,,,,,,,,,,nao_relevante,,,,,,,,,,,,,,,,FALSE,FALSE,FALSE,FALSE,FALSE,0,FALSE,FALSE,TRUE,,FALSE
160002549553_J0018,160002549553,134,66,incendios; adaptacao climatica,relevante,TRUE,FALSE,FALSE,FALSE,FALSE,FALSE,FALSE,TRUE,FALSE,FALSE,FALSE,FALSE,FALSE,FALSE,2,relevante,,,,,,,,,,,,,,,,FALSE,FALSE,FALSE,FALSE,FALSE,0,TRUE,TRUE,TRUE,2,FALSE
160002549553_J0019,160002549553,150,81,resiliencia climatica,clima_geral,,,,,,,,,,,,,,,,clima_geral,,,,,,,,,,,,,,,,FALSE,FALSE,FALSE,FALSE,FALSE,0,FALSE,FALSE,TRUE,,FALSE
160002549553_J0020,160002549553,152,79,resiliencia climatica,clima_geral,,,,,,,,,,,,,,,,clima_geral,,,,,,,,,,,,,,,,FALSE,FALSE,TRUE,FALSE,FALSE,1,FALSE,FALSE,TRUE,,FALSE
160002549553_J0021,160002549553,154,73,resiliencia climatica,clima_geral,,,,,,,,,,,,,,,,clima_geral,,,,,,,,,,,,,,,,FALSE,FALSE,FALSE,FALSE,FALSE,0,FALSE,FALSE,TRUE,,FALSE
160002549553_J0022,160002549553,155,63,mudancas climaticas,clima_geral,,,,,,,,,,,,,,,,relevante,,,,,,,,,,,,,,,,FALSE,FALSE,FALSE,TRUE,FALSE,1,FALSE,TRUE,FALSE,,FALSE
160002549553_J0023,160002549553,156,73,drenagem; eventos climaticos,relevante,TRUE,FALSE,FALSE,FALSE,TRUE,FALSE,FALSE,FALSE,FALSE,FALSE,FALSE,FALSE,FALSE,FALSE,3,relevante,,,,,,,,,,,,,,,,FALSE,FALSE,FALSE,FALSE,FALSE,0,TRUE,TRUE,TRUE,3,FALSE
160002549553_J0024,160002549553,162,119,resiliencia; eventos climaticos,relevante,FALSE,FALSE,FALSE,FALSE,FALSE,FALSE,FALSE,FALSE,FALSE,FALSE,FALSE,FALSE,FALSE,TRUE,2,relevante,,,,,,,,,,,,,,,,FALSE,FALSE,FALSE,TRUE,FALSE,1,TRUE,TRUE,TRUE,2,FALSE
160002549553_J0025,160002549553,164,99,drenagem; adaptacao climatica,relevante,TRUE,FALSE,FALSE,TRUE,FALSE,FALSE,FALSE,FALSE,FALSE,FALSE,FALSE,FALSE,FALSE,FALSE,2,relevante,TRUE,FALSE,FALSE,TRUE,FALSE,FALSE,FALSE,FALSE,FALSE,FALSE,FALSE,FALSE,FALSE,FALSE,2,FALSE,FALSE,FALSE,FALSE,FALSE,0,TRUE,TRUE,TRUE,2,FALSE
160002549553_J0026,160002549553,164,208,riscos climaticos; drenagem; cheias,relevante,TRUE,FALSE,FALSE,FALSE,TRUE,FALSE,FALSE,FALSE,FALSE,FALSE,FALSE,FALSE,FALSE,FALSE,3,relevante,,,,,,,,,,,,,,,,FALSE,FALSE,FALSE,FALSE,FALSE,0,TRUE,TRUE,TRUE,3,FALSE
160002549553_J0027,160002549553,169,63,defesa civil; enchente; deslizament; erosao; calor extremo; mudancas climaticas,relevante,TRUE,FALSE,FALSE,FALSE,TRUE,TRUE,FALSE,FALSE,TRUE,FALSE,TRUE,FALSE,FALSE,FALSE,3,relevante,,,,,,,,,,,,,,,,FALSE,FALSE,FALSE,FALSE,TRUE,1,TRUE,TRUE,TRUE,3,FALSE
160002549553_J0028,160002549553,169,126,drenagem; encosta; areas de risco; vulnerabilidade,relevante,TRUE,FALSE,FALSE,FALSE,FALSE,TRUE,FALSE,FALSE,FALSE,FALSE,FALSE,FALSE,FALSE,FALSE,3,relevante,TRUE,FALSE,FALSE,FALSE,TRUE,TRUE,FALSE,FALSE,FALSE,FALSE,FALSE,FALSE,FALSE,FALSE,3,FALSE,FALSE,FALSE,FALSE,FALSE,0,TRUE,TRUE,TRUE,3,FALSE
160002549553_J0029,160002549553,169,35,enchente; deslizament; riscos climaticos; eventos extremos,relevante,TRUE,FALSE,FALSE,FALSE,TRUE,TRUE,FALSE,FALSE,FALSE,FALSE,FALSE,FALSE,FALSE,FALSE,2,relevante,FALSE,FALSE,FALSE,TRUE,TRUE,TRUE,FALSE,FALSE,FALSE,FALSE,FALSE,FALSE,FALSE,FALSE,0,FALSE,FALSE,FALSE,FALSE,FALSE,0,TRUE,TRUE,TRUE,2,FALSE
160002549553_J0030,160002549553,170,63,riscos climaticos,relevante,TRUE,FALSE,FALSE,FALSE,FALSE,FALSE,FALSE,FALSE,FALSE,FALSE,FALSE,FALSE,FALSE,TRUE,3,relevante,,,,,,,,,,,,,,,,FALSE,FALSE,FALSE,TRUE,FALSE,1,TRUE,TRUE,TRUE,3,FALSE
160002549553_J0031,160002549553,174,115,resiliencia; mudancas climaticas,relevante,TRUE,FALSE,FALSE,TRUE,FALSE,FALSE,FALSE,FALSE,FALSE,FALSE,FALSE,FALSE,FALSE,TRUE,2,relevante,FALSE,FALSE,FALSE,TRUE,FALSE,FALSE,FALSE,FALSE,FALSE,FALSE,FALSE,FALSE,FALSE,FALSE,0,FALSE,FALSE,FALSE,FALSE,FALSE,0,TRUE,TRUE,TRUE,2,FALSE
160002549553_J0032,160002549553,175,224,mudancas climaticas; enchente; deslizament; secas; ondas de calor; eventos extremos,relevante,TRUE,FALSE,FALSE,TRUE,TRUE,TRUE,TRUE,FALSE,TRUE,FALSE,FALSE,FALSE,FALSE,FALSE,3,relevante,TRUE,FALSE,FALSE,TRUE,TRUE,TRUE,TRUE,FALSE,TRUE,TRUE,FALSE,FALSE,FALSE,TRUE,2,FALSE,FALSE,FALSE,FALSE,TRUE,1,TRUE,TRUE,TRUE,3,FALSE
160002549553_J0033,160002549553,180,171,mudancas climaticas; defesa civil; eventos extremos; vulnerabilidade; resiliencia climatica; alerta,relevante,TRUE,FALSE,FALSE,TRUE,FALSE,TRUE,FALSE,TRUE,FALSE,FALSE,FALSE,FALSE,FALSE,FALSE,3,relevante,,,,,,,,,,,,,,,,FALSE,FALSE,FALSE,TRUE,TRUE,2,TRUE,TRUE,TRUE,3,FALSE
160002549553_J0034,160002549553,180,44,secas; enchente; ondas de calor; eventos extremos,relevante,TRUE,TRUE,TRUE,TRUE,TRUE,FALSE,TRUE,FALSE,TRUE,FALSE,FALSE,FALSE,FALSE,FALSE,2,relevante,,,,,,,,,,,,,,,,FALSE,FALSE,FALSE,FALSE,FALSE,0,TRUE,TRUE,TRUE,2,FALSE
160002549553_J0035,160002549553,182,95,mudancas climaticas,relevante,TRUE,FALSE,FALSE,TRUE,FALSE,FALSE,FALSE,FALSE,FALSE,FALSE,FALSE,FALSE,FALSE,TRUE,3,relevante,,,,,,,,,,,,,,,,FALSE,FALSE,FALSE,FALSE,FALSE,0,TRUE,TRUE,TRUE,3,FALSE
160002549553_J0036,160002549553,182,110,secas; cheias; adaptacao climatica; eventos extremos; mudancas climaticas,relevante,TRUE,FALSE,FALSE,TRUE,TRUE,FALSE,TRUE,FALSE,FALSE,FALSE,FALSE,FALSE,FALSE,FALSE,3,relevante,TRUE,FALSE,FALSE,TRUE,TRUE,FALSE,TRUE,FALSE,FALSE,FALSE,FALSE,FALSE,FALSE,FALSE,3,FALSE,FALSE,FALSE,TRUE,FALSE,1,TRUE,TRUE,TRUE,3,FALSE
160002549553_J0037,160002549553,184,83,erosao; elevacao do nivel do mar; inundac; areas de risco,relevante,TRUE,FALSE,TRUE,TRUE,FALSE,FALSE,FALSE,FALSE,FALSE,FALSE,TRUE,FALSE,FALSE,FALSE,3,relevante,,,,,,,,,,,,,,,,FALSE,FALSE,FALSE,TRUE,FALSE,1,TRUE,TRUE,TRUE,3,FALSE
160002549553_J0038,160002549553,184,23,erosao; inundac; eventos extremos,relevante,TRUE,FALSE,TRUE,FALSE,TRUE,FALSE,FALSE,FALSE,FALSE,FALSE,TRUE,FALSE,FALSE,FALSE,2,relevante,FALSE,FALSE,FALSE,FALSE,TRUE,FALSE,FALSE,FALSE,FALSE,FALSE,TRUE,FALSE,FALSE,FALSE,0,FALSE,FALSE,FALSE,FALSE,FALSE,0,TRUE,TRUE,TRUE,2,FALSE
160002549553_J0039,160002549553,185,144,mudancas climaticas,relevante,TRUE,FALSE,FALSE,FALSE,FALSE,FALSE,FALSE,FALSE,FALSE,FALSE,FALSE,FALSE,FALSE,TRUE,0,clima_geral,,,,,,,,,,,,,,,,FALSE,FALSE,FALSE,FALSE,FALSE,0,TRUE,FALSE,FALSE,0,FALSE
160002549553_J0040,160002549553,196,122,defesa civil,relevante,TRUE,FALSE,FALSE,FALSE,FALSE,FALSE,FALSE,FALSE,FALSE,FALSE,FALSE,FALSE,FALSE,FALSE,2,relevante,,,,,,,,,,,,,,,,FALSE,TRUE,FALSE,TRUE,TRUE,3,TRUE,TRUE,TRUE,2,FALSE
160002549553_J0041,160002549553,201,45,gestao de risco,nao_relevante,,,,,,,,,,,,,,,,nao_relevante,,,,,,,,,,,,,,,,FALSE,FALSE,FALSE,FALSE,FALSE,0,FALSE,FALSE,TRUE,,FALSE
160002549553_J0042,160002549553,207,88,gestao de risco,nao_relevante,,,,,,,,,,,,,,,,nao_relevante,,,,,,,,,,,,,,,,FALSE,FALSE,FALSE,FALSE,FALSE,0,FALSE,FALSE,TRUE,,FALSE
160002549553_J0043,160002549553,209,92,gestao de risco,nao_relevante,,,,,,,,,,,,,,,,nao_relevante,,,,,,,,,,,,,,,,FALSE,FALSE,FALSE,TRUE,FALSE,1,FALSE,FALSE,TRUE,,FALSE
160002549553_J0044,160002549553,210,100,resiliencia climatica,clima_geral,,,,,,,,,,,,,,,,clima_geral,,,,,,,,,,,,,,,,FALSE,FALSE,FALSE,TRUE,FALSE,1,FALSE,FALSE,TRUE,,FALSE
160002549553_J0045,160002549553,235,67,gestao de risco,nao_relevante,,,,,,,,,,,,,,,,nao_relevante,,,,,,,,,,,,,,,,FALSE,FALSE,FALSE,FALSE,FALSE,0,FALSE,FALSE,TRUE,,FALSE
160002549553_J0046,160002549553,235,54,gestao de risco,nao_relevante,,,,,,,,,,,,,,,,nao_relevante,,,,,,,,,,,,,,,,FALSE,FALSE,FALSE,FALSE,FALSE,0,FALSE,FALSE,TRUE,,FALSE
160002549553_J0047,160002549553,244,73,adaptacao climatica,relevante,TRUE,FALSE,FALSE,FALSE,FALSE,FALSE,FALSE,FALSE,FALSE,FALSE,FALSE,FALSE,FALSE,FALSE,3,relevante,,,,,,,,,,,,,,,,FALSE,FALSE,FALSE,FALSE,FALSE,0,TRUE,TRUE,TRUE,3,FALSE
160002549553_J0048,160002549553,253,59,mudancas climaticas,clima_geral,,,,,,,,,,,,,,,,clima_geral,,,,,,,,,,,,,,,,FALSE,FALSE,FALSE,FALSE,FALSE,0,FALSE,FALSE,TRUE,,FALSE
160002549553_J0049,160002549553,257,81,secas; enchente; eventos extremos; desastre,relevante,TRUE,TRUE,FALSE,FALSE,TRUE,FALSE,TRUE,FALSE,FALSE,FALSE,FALSE,FALSE,FALSE,FALSE,3,relevante,,,,,,,,,,,,,,,,FALSE,FALSE,FALSE,FALSE,FALSE,0,TRUE,TRUE,TRUE,3,FALSE
160002549553_J0050,160002549553,264,17,mudancas climaticas,clima_geral,,,,,,,,,,,,,,,,clima_geral,,,,,,,,,,,,,,,,FALSE,FALSE,FALSE,FALSE,FALSE,0,FALSE,FALSE,TRUE,,FALSE
160002551353_J0001,160002551353,29,52,defesa civil,relevante,TRUE,FALSE,FALSE,FALSE,FALSE,FALSE,FALSE,FALSE,FALSE,FALSE,FALSE,FALSE,FALSE,FALSE,2,relevante,TRUE,FALSE,FALSE,FALSE,FALSE,FALSE,FALSE,FALSE,FALSE,FALSE,FALSE,FALSE,FALSE,FALSE,2,FALSE,FALSE,FALSE,FALSE,TRUE,1,TRUE,TRUE,TRUE,2,FALSE
160002551353_J0002,160002551353,30,45,defesa civil; enchente; secas; desastre; drenagem,relevante,FALSE,FALSE,FALSE,FALSE,TRUE,FALSE,TRUE,FALSE,FALSE,FALSE,FALSE,FALSE,FALSE,FALSE,1,relevante,FALSE,FALSE,FALSE,FALSE,TRUE,FALSE,TRUE,FALSE,FALSE,FALSE,FALSE,FALSE,FALSE,TRUE,1,FALSE,FALSE,FALSE,FALSE,TRUE,1,TRUE,TRUE,TRUE,1,FALSE
160002551353_J0003,160002551353,63,75,resiliencia; enchente; deslizament,relevante,FALSE,FALSE,FALSE,FALSE,TRUE,TRUE,FALSE,FALSE,FALSE,FALSE,FALSE,FALSE,FALSE,FALSE,2,relevante,,,,,,,,,,,,,,,,FALSE,FALSE,FALSE,FALSE,FALSE,0,TRUE,TRUE,TRUE,2,FALSE
160002551353_J0004,160002551353,92,92,desastre; drenagem; incendios,relevante,TRUE,FALSE,TRUE,FALSE,FALSE,FALSE,FALSE,TRUE,FALSE,FALSE,FALSE,FALSE,FALSE,FALSE,3,relevante,,,,,,,,,,,,,,,,FALSE,FALSE,FALSE,FALSE,FALSE,0,TRUE,TRUE,TRUE,3,FALSE
160002551353_J0005,160002551353,93,58,drenagem; defesa civil,relevante,TRUE,FALSE,FALSE,FALSE,FALSE,FALSE,FALSE,FALSE,FALSE,FALSE,FALSE,FALSE,FALSE,FALSE,2,relevante,,,,,,,,,,,,,,,,FALSE,FALSE,FALSE,FALSE,TRUE,1,TRUE,TRUE,TRUE,2,FALSE
160002551353_J0006,160002551353,95,100,areas de risco,relevante,TRUE,FALSE,FALSE,FALSE,FALSE,FALSE,FALSE,FALSE,FALSE,FALSE,FALSE,FALSE,FALSE,TRUE,3,relevante,TRUE,FALSE,FALSE,FALSE,FALSE,FALSE,FALSE,FALSE,FALSE,FALSE,FALSE,FALSE,FALSE,TRUE,2,FALSE,FALSE,FALSE,FALSE,FALSE,0,TRUE,TRUE,TRUE,3,FALSE
160002551353_J0007,160002551353,96,97,vulnerabilidade; areas de risco; drenagem,relevante,TRUE,FALSE,FALSE,FALSE,FALSE,FALSE,FALSE,FALSE,FALSE,FALSE,FALSE,FALSE,FALSE,TRUE,2,relevante,,,,,,,,,,,,,,,,FALSE,FALSE,FALSE,FALSE,FALSE,0,TRUE,TRUE,TRUE,2,FALSE
170002536575_J0001,170002536575,4,89,enchente; deslizament; areas de risco; defesa civil; alerta,relevante,TRUE,FALSE,FALSE,TRUE,TRUE,TRUE,FALSE,FALSE,FALSE,FALSE,FALSE,FALSE,FALSE,FALSE,3,relevante,,,,,,,,,,,,,,,,FALSE,FALSE,FALSE,FALSE,TRUE,1,TRUE,TRUE,TRUE,3,FALSE
170002537227_J0001,170002537227,21,78,encosta; desastre,relevante,TRUE,FALSE,FALSE,FALSE,FALSE,TRUE,FALSE,FALSE,FALSE,FALSE,FALSE,FALSE,FALSE,FALSE,3,relevante,,,,,,,,,,,,,,,,FALSE,FALSE,FALSE,FALSE,FALSE,0,TRUE,TRUE,TRUE,3,FALSE
170002537227_J0002,170002537227,56,31,areas de risco,relevante,TRUE,FALSE,FALSE,FALSE,FALSE,FALSE,FALSE,FALSE,FALSE,FALSE,TRUE,FALSE,FALSE,FALSE,3,relevante,TRUE,FALSE,FALSE,FALSE,FALSE,TRUE,FALSE,FALSE,FALSE,FALSE,FALSE,FALSE,FALSE,FALSE,3,FALSE,FALSE,FALSE,FALSE,FALSE,0,TRUE,TRUE,TRUE,3,FALSE
170002537227_J0003,170002537227,66,18,resiliencia climatica,relevante,FALSE,FALSE,FALSE,TRUE,FALSE,FALSE,FALSE,FALSE,FALSE,FALSE,FALSE,FALSE,FALSE,FALSE,2,clima_geral,FALSE,FALSE,FALSE,TRUE,FALSE,FALSE,FALSE,FALSE,FALSE,FALSE,FALSE,FALSE,FALSE,TRUE,0,FALSE,FALSE,FALSE,FALSE,FALSE,0,TRUE,FALSE,FALSE,2,FALSE
170002537227_J0004,170002537227,66,13,resiliencia climatica,clima_geral,,,,,,,,,,,,,,,,clima_geral,,,,,,,,,,,,,,,,FALSE,FALSE,FALSE,FALSE,FALSE,0,FALSE,FALSE,TRUE,,FALSE
170002537227_J0005,170002537227,78,96,mudancas climaticas; resiliencia,clima_geral,,,,,,,,,,,,,,,,clima_geral,,,,,,,,,,,,,,,,FALSE,FALSE,FALSE,FALSE,FALSE,0,FALSE,FALSE,TRUE,,FALSE
170002537227_J0006,170002537227,79,90,enchente; barragem; barragens; cheias,relevante,TRUE,FALSE,FALSE,FALSE,TRUE,FALSE,FALSE,FALSE,FALSE,FALSE,FALSE,FALSE,FALSE,FALSE,3,relevante,TRUE,FALSE,FALSE,FALSE,TRUE,FALSE,FALSE,FALSE,FALSE,FALSE,FALSE,FALSE,FALSE,FALSE,3,FALSE,FALSE,FALSE,FALSE,FALSE,0,TRUE,TRUE,TRUE,3,FALSE
170002537227_J0007,170002537227,83,131,desastre; enchente; barragem; inundac; cheias,relevante,TRUE,FALSE,FALSE,FALSE,TRUE,FALSE,FALSE,FALSE,FALSE,FALSE,FALSE,FALSE,FALSE,FALSE,3,relevante,TRUE,FALSE,FALSE,FALSE,TRUE,FALSE,FALSE,FALSE,FALSE,FALSE,FALSE,FALSE,FALSE,FALSE,3,FALSE,FALSE,FALSE,FALSE,FALSE,0,TRUE,TRUE,TRUE,3,FALSE
170002537227_J0008,170002537227,84,39,mudancas climaticas,relevante,FALSE,FALSE,FALSE,FALSE,FALSE,FALSE,FALSE,FALSE,FALSE,FALSE,FALSE,FALSE,FALSE,TRUE,1,relevante,FALSE,FALSE,FALSE,FALSE,FALSE,FALSE,FALSE,FALSE,FALSE,FALSE,FALSE,FALSE,FALSE,FALSE,1,FALSE,FALSE,FALSE,FALSE,FALSE,0,TRUE,TRUE,TRUE,1,FALSE
170002537227_J0009,170002537227,84,205,mudancas climaticas; areas de risco; alagament,relevante,TRUE,FALSE,FALSE,TRUE,TRUE,FALSE,FALSE,FALSE,FALSE,FALSE,FALSE,FALSE,FALSE,FALSE,3,relevante,,,,,,,,,,,,,,,,TRUE,FALSE,FALSE,TRUE,TRUE,3,TRUE,TRUE,TRUE,3,FALSE
170002537227_J0010,170002537227,85,148,mudancas climaticas; adaptacao climatica,relevante,FALSE,FALSE,FALSE,TRUE,FALSE,FALSE,FALSE,FALSE,FALSE,FALSE,FALSE,FALSE,FALSE,TRUE,2,relevante,,,,,,,,,,,,,,,,FALSE,FALSE,FALSE,FALSE,FALSE,0,TRUE,TRUE,TRUE,2,FALSE
170002537227_J0011,170002537227,86,110,resiliencia; adaptacao climatica; resiliencia climatica; contingencia; desastre; riscos climaticos,relevante,TRUE,FALSE,FALSE,TRUE,FALSE,FALSE,FALSE,FALSE,FALSE,FALSE,FALSE,FALSE,FALSE,TRUE,3,relevante,TRUE,FALSE,FALSE,TRUE,FALSE,FALSE,FALSE,FALSE,FALSE,FALSE,FALSE,FALSE,FALSE,TRUE,3,FALSE,FALSE,FALSE,TRUE,FALSE,1,TRUE,TRUE,TRUE,3,FALSE
170002537227_J0012,170002537227,86,12,resiliencia climatica,relevante,FALSE,FALSE,FALSE,TRUE,FALSE,FALSE,FALSE,FALSE,FALSE,FALSE,FALSE,FALSE,FALSE,TRUE,2,clima_geral,,,,,,,,,,,,,,,,FALSE,FALSE,FALSE,FALSE,FALSE,0,TRUE,FALSE,FALSE,2,FALSE
170002537227_J0013,170002537227,87,24,adaptacao climatica,relevante,FALSE,FALSE,FALSE,FALSE,FALSE,FALSE,FALSE,FALSE,FALSE,FALSE,FALSE,FALSE,FALSE,FALSE,2,relevante,,,,,,,,,,,,,,,,FALSE,FALSE,FALSE,FALSE,FALSE,0,TRUE,TRUE,TRUE,2,FALSE
170002537227_J0014,170002537227,88,117,crise climatica; vulnerabilidade,relevante,TRUE,FALSE,FALSE,FALSE,FALSE,FALSE,FALSE,FALSE,FALSE,FALSE,FALSE,FALSE,FALSE,TRUE,1,clima_geral,,,,,,,,,,,,,,,,FALSE,FALSE,FALSE,FALSE,FALSE,0,TRUE,FALSE,FALSE,1,FALSE
170002537227_J0015,170002537227,89,91,desastre; encosta; deslizament; drenagem,relevante,TRUE,FALSE,FALSE,FALSE,FALSE,TRUE,FALSE,FALSE,FALSE,FALSE,FALSE,FALSE,FALSE,FALSE,1,relevante,,,,,,,,,,,,,,,,TRUE,FALSE,TRUE,FALSE,FALSE,2,TRUE,TRUE,TRUE,4,TRUE
170002537227_J0016,170002537227,89,95,mudancas climaticas; drenagem; enchente,relevante,TRUE,FALSE,TRUE,FALSE,TRUE,FALSE,FALSE,FALSE,FALSE,FALSE,FALSE,FALSE,FALSE,FALSE,3,relevante,,,,,,,,,,,,,,,,FALSE,FALSE,FALSE,FALSE,FALSE,0,TRUE,TRUE,TRUE,3,FALSE
170002537227_J0017,170002537227,91,34,drenagem; encosta; areas de risco,relevante,TRUE,FALSE,FALSE,FALSE,FALSE,TRUE,FALSE,FALSE,FALSE,FALSE,FALSE,FALSE,FALSE,FALSE,3,relevante,TRUE,FALSE,FALSE,FALSE,TRUE,TRUE,FALSE,FALSE,FALSE,FALSE,FALSE,FALSE,FALSE,FALSE,3,FALSE,FALSE,FALSE,FALSE,FALSE,0,TRUE,TRUE,TRUE,3,FALSE
170002537227_J0018,170002537227,91,55,encosta; areas de risco; defesa civil; eventos climaticos,relevante,TRUE,FALSE,FALSE,FALSE,FALSE,TRUE,FALSE,FALSE,FALSE,FALSE,FALSE,FALSE,FALSE,FALSE,3,relevante,TRUE,FALSE,FALSE,FALSE,FALSE,TRUE,FALSE,FALSE,FALSE,FALSE,FALSE,FALSE,FALSE,FALSE,3,FALSE,FALSE,FALSE,FALSE,TRUE,1,TRUE,TRUE,TRUE,3,FALSE
170002537227_J0019,170002537227,91,50,defesa civil; barragens; enchente,relevante,TRUE,FALSE,FALSE,FALSE,TRUE,FALSE,FALSE,FALSE,FALSE,FALSE,FALSE,FALSE,FALSE,FALSE,2,relevante,,,,,,,,,,,,,,,,FALSE,FALSE,FALSE,FALSE,TRUE,1,TRUE,TRUE,TRUE,2,FALSE
170002537227_J0020,170002537227,99,133,adaptacao climatica,relevante,FALSE,FALSE,FALSE,FALSE,FALSE,FALSE,FALSE,FALSE,FALSE,FALSE,FALSE,FALSE,FALSE,FALSE,0,relevante,,,,,,,,,,,,,,,,FALSE,FALSE,FALSE,FALSE,FALSE,0,TRUE,TRUE,TRUE,0,FALSE
170002537227_J0021,170002537227,103,86,mudancas climaticas,clima_geral,,,,,,,,,,,,,,,,clima_geral,,,,,,,,,,,,,,,,FALSE,FALSE,FALSE,FALSE,FALSE,0,FALSE,FALSE,TRUE,,FALSE
170002537230_J0001,170002537230,3,70,crise climatica,clima_geral,,,,,,,,,,,,,,,,clima_geral,,,,,,,,,,,,,,,,FALSE,FALSE,FALSE,FALSE,FALSE,0,FALSE,FALSE,TRUE,,FALSE
170002537230_J0002,170002537230,13,87,defesa civil; gestao de risco,nao_relevante,,,,,,,,,,,,,,,,relevante,,,,,,,,,,,,,,,,FALSE,FALSE,FALSE,TRUE,TRUE,2,FALSE,TRUE,FALSE,,FALSE
170002537230_J0003,170002537230,22,89,mudanca climatica,clima_geral,,,,,,,,,,,,,,,,clima_geral,,,,,,,,,,,,,,,,FALSE,FALSE,FALSE,FALSE,FALSE,0,FALSE,FALSE,TRUE,,FALSE
170002537230_J0004,170002537230,24,104,secas; enchente; barragem,relevante,TRUE,FALSE,FALSE,FALSE,TRUE,FALSE,TRUE,FALSE,FALSE,FALSE,FALSE,FALSE,FALSE,FALSE,3,relevante,TRUE,FALSE,FALSE,FALSE,TRUE,FALSE,TRUE,FALSE,FALSE,FALSE,FALSE,FALSE,FALSE,FALSE,3,FALSE,FALSE,FALSE,FALSE,FALSE,0,TRUE,TRUE,TRUE,3,FALSE
170002537230_J0005,170002537230,25,122,drenagem; encosta; adaptacao climatica,relevante,TRUE,FALSE,FALSE,TRUE,FALSE,TRUE,FALSE,FALSE,FALSE,FALSE,FALSE,FALSE,FALSE,FALSE,2,relevante,,,,,,,,,,,,,,,,FALSE,FALSE,FALSE,FALSE,FALSE,0,TRUE,TRUE,TRUE,2,FALSE
170002537230_J0006,170002537230,26,61,drenagem; reducao de risco,nao_relevante,,,,,,,,,,,,,,,,relevante,,,,,,,,,,,,,,,,FALSE,FALSE,FALSE,FALSE,FALSE,0,FALSE,TRUE,FALSE,,FALSE
170002537230_J0007,170002537230,26,91,reducao de risco; mudancas climaticas; deslizament; alagament; eventos extremos; drenagem,relevante,TRUE,FALSE,FALSE,FALSE,TRUE,TRUE,FALSE,FALSE,FALSE,FALSE,FALSE,FALSE,FALSE,FALSE,3,relevante,,,,,,,,,,,,,,,,FALSE,FALSE,FALSE,FALSE,FALSE,0,TRUE,TRUE,TRUE,3,FALSE
170002537230_J0008,170002537230,26,166,mudancas climaticas; defesa civil,relevante,TRUE,FALSE,FALSE,FALSE,FALSE,FALSE,FALSE,FALSE,FALSE,FALSE,FALSE,FALSE,FALSE,TRUE,2,relevante,,,,,,,,,,,,,,,,FALSE,FALSE,TRUE,FALSE,TRUE,2,TRUE,TRUE,TRUE,2,FALSE
170002537230_J0009,170002537230,26,81,mudancas climaticas; resiliencia climatica; desastre,relevante,TRUE,TRUE,TRUE,FALSE,FALSE,FALSE,FALSE,FALSE,FALSE,FALSE,FALSE,FALSE,FALSE,TRUE,3,relevante,FALSE,FALSE,FALSE,TRUE,FALSE,FALSE,FALSE,FALSE,FALSE,FALSE,FALSE,FALSE,FALSE,TRUE,2,FALSE,FALSE,FALSE,FALSE,FALSE,0,TRUE,TRUE,TRUE,3,FALSE
170002537230_J0010,170002537230,27,166,eventos extremos; erosao costeira; mudancas climaticas; adaptacao climatica,relevante,TRUE,FALSE,FALSE,TRUE,FALSE,FALSE,FALSE,FALSE,FALSE,FALSE,TRUE,FALSE,FALSE,FALSE,3,relevante,,,,,,,,,,,,,,,,FALSE,FALSE,FALSE,FALSE,FALSE,0,TRUE,TRUE,TRUE,3,FALSE
170002537320_J0001,170002537320,4,81,seca,relevante,FALSE,FALSE,FALSE,FALSE,FALSE,FALSE,TRUE,FALSE,FALSE,FALSE,FALSE,FALSE,FALSE,FALSE,2,relevante,,,,,,,,,,,,,,,,FALSE,FALSE,FALSE,FALSE,TRUE,1,TRUE,TRUE,TRUE,2,FALSE
170002537320_J0002,170002537320,5,41,deslizament; encosta,relevante,TRUE,FALSE,FALSE,FALSE,FALSE,TRUE,FALSE,FALSE,FALSE,FALSE,FALSE,FALSE,FALSE,FALSE,1,relevante,,,,,,,,,,,,,,,,FALSE,FALSE,FALSE,FALSE,FALSE,0,TRUE,TRUE,TRUE,1,FALSE
170002538097_J0001,170002538097,7,82,reducao de risco,nao_relevante,,,,,,,,,,,,,,,,nao_relevante,,,,,,,,,,,,,,,,FALSE,FALSE,FALSE,FALSE,FALSE,0,FALSE,FALSE,TRUE,,FALSE
170002538097_J0002,170002538097,13,74,enxurrada; barragens,nao_relevante,,,,,,,,,,,,,,,,nao_relevante,,,,,,,,,,,,,,,,FALSE,FALSE,FALSE,FALSE,FALSE,0,FALSE,FALSE,TRUE,,FALSE
170002538097_J0003,170002538097,26,91,mudancas climaticas,relevante,TRUE,FALSE,FALSE,TRUE,FALSE,FALSE,FALSE,FALSE,FALSE,FALSE,FALSE,FALSE,FALSE,TRUE,2,relevante,,,,,,,,,,,,,,,,FALSE,FALSE,FALSE,FALSE,FALSE,0,TRUE,TRUE,TRUE,2,FALSE
170002538097_J0004,170002538097,28,172,mudancas climaticas; alagament; deslizament; calor extremo; escassez hidrica; defesa civil,relevante,TRUE,TRUE,FALSE,TRUE,TRUE,TRUE,TRUE,FALSE,TRUE,FALSE,FALSE,FALSE,FALSE,FALSE,3,relevante,TRUE,TRUE,FALSE,TRUE,TRUE,TRUE,TRUE,FALSE,TRUE,FALSE,FALSE,FALSE,FALSE,FALSE,3,FALSE,FALSE,FALSE,FALSE,TRUE,1,TRUE,TRUE,TRUE,3,FALSE
170002538097_J0005,170002538097,39,91,calamidade; defesa civil,relevante,TRUE,FALSE,FALSE,FALSE,FALSE,FALSE,FALSE,FALSE,FALSE,FALSE,FALSE,FALSE,FALSE,TRUE,2,relevante,FALSE,FALSE,FALSE,FALSE,FALSE,FALSE,FALSE,FALSE,FALSE,FALSE,FALSE,FALSE,FALSE,TRUE,0,FALSE,FALSE,FALSE,FALSE,TRUE,1,TRUE,TRUE,TRUE,2,FALSE
170002538097_J0006,170002538097,40,78,calamidade; vulnerabilidade; enchente; deslizament,relevante,TRUE,FALSE,FALSE,FALSE,TRUE,TRUE,FALSE,FALSE,FALSE,FALSE,FALSE,FALSE,FALSE,FALSE,2,relevante,,,,,,,,,,,,,,,,FALSE,FALSE,FALSE,FALSE,FALSE,0,TRUE,TRUE,TRUE,2,FALSE
170002538097_J0007,170002538097,43,53,eventos climaticos,relevante,TRUE,FALSE,FALSE,FALSE,FALSE,FALSE,FALSE,FALSE,TRUE,FALSE,FALSE,FALSE,FALSE,FALSE,3,relevante,,,,,,,,,,,,,,,,FALSE,FALSE,FALSE,FALSE,FALSE,0,TRUE,TRUE,TRUE,3,FALSE
170002538097_J0008,170002538097,44,285,crise climatica; areas de risco; encosta; alagament; desastre; adaptacao climatica,relevante,TRUE,FALSE,FALSE,TRUE,TRUE,TRUE,FALSE,FALSE,FALSE,FALSE,FALSE,FALSE,FALSE,FALSE,3,relevante,,,,,,,,,,,,,,,,FALSE,FALSE,FALSE,FALSE,TRUE,1,TRUE,TRUE,TRUE,3,FALSE
170002538097_J0009,170002538097,46,153,areas de risco; mudancas climaticas; defesa civil,relevante,TRUE,FALSE,FALSE,TRUE,FALSE,FALSE,FALSE,FALSE,FALSE,FALSE,FALSE,FALSE,FALSE,TRUE,2,relevante,,,,,,,,,,,,,,,,FALSE,FALSE,FALSE,FALSE,TRUE,1,TRUE,TRUE,TRUE,2,FALSE
170002538097_J0010,170002538097,47,381,elevacao do nivel do mar; enchente; erosao costeira; secas; desertificac; emergencia climatica,relevante,TRUE,FALSE,FALSE,FALSE,TRUE,TRUE,TRUE,FALSE,TRUE,FALSE,TRUE,FALSE,FALSE,FALSE,3,relevante,,,,,,,,,,,,,,,,FALSE,TRUE,TRUE,FALSE,FALSE,2,TRUE,TRUE,TRUE,3,FALSE
170002538097_J0011,170002538097,49,51,emergencia climatica,clima_geral,,,,,,,,,,,,,,,,clima_geral,,,,,,,,,,,,,,,,FALSE,FALSE,FALSE,FALSE,FALSE,0,FALSE,FALSE,TRUE,,FALSE
170002538097_J0012,170002538097,50,350,defesa civil; mudancas climaticas; desastre; adaptacao climatica; resiliencia; vulnerabilidade,relevante,TRUE,FALSE,FALSE,TRUE,TRUE,TRUE,FALSE,FALSE,FALSE,FALSE,FALSE,FALSE,FALSE,FALSE,3,relevante,TRUE,FALSE,FALSE,TRUE,TRUE,TRUE,FALSE,FALSE,FALSE,FALSE,FALSE,FALSE,FALSE,TRUE,2,FALSE,FALSE,FALSE,FALSE,TRUE,1,TRUE,TRUE,TRUE,3,FALSE
170002538097_J0013,170002538097,57,100,escassez hidrica; mudancas climaticas,relevante,FALSE,FALSE,FALSE,FALSE,FALSE,FALSE,TRUE,FALSE,FALSE,FALSE,FALSE,FALSE,FALSE,FALSE,1,relevante,,,,,,,,,,,,,,,,FALSE,FALSE,FALSE,FALSE,FALSE,0,TRUE,TRUE,TRUE,1,FALSE
170002540337_J0001,170002540337,5,81,seca,nao_relevante,,,,,,,,,,,,,,,,relevante,,,,,,,,,,,,,,,,FALSE,FALSE,FALSE,FALSE,FALSE,0,FALSE,TRUE,FALSE,,FALSE
170002540337_J0002,170002540337,6,165,mudancas climaticas; seca; secas; barragens,relevante,TRUE,FALSE,FALSE,TRUE,FALSE,FALSE,TRUE,FALSE,FALSE,FALSE,FALSE,FALSE,FALSE,FALSE,1,relevante,TRUE,FALSE,FALSE,TRUE,FALSE,FALSE,TRUE,FALSE,FALSE,FALSE,FALSE,FALSE,FALSE,FALSE,1,FALSE,FALSE,FALSE,FALSE,FALSE,0,TRUE,TRUE,TRUE,1,FALSE
170002540337_J0003,170002540337,7,52,adaptacao climatica; mudancas climaticas,relevante,TRUE,FALSE,FALSE,FALSE,FALSE,FALSE,FALSE,FALSE,FALSE,FALSE,FALSE,FALSE,FALSE,FALSE,2,relevante,FALSE,FALSE,FALSE,TRUE,FALSE,FALSE,FALSE,FALSE,FALSE,FALSE,FALSE,FALSE,FALSE,FALSE,0,FALSE,FALSE,FALSE,FALSE,FALSE,0,TRUE,TRUE,TRUE,2,FALSE
170002540337_J0004,170002540337,9,65,vulnerabilidade; secas,relevante,TRUE,FALSE,FALSE,FALSE,FALSE,FALSE,TRUE,FALSE,FALSE,FALSE,FALSE,FALSE,FALSE,FALSE,2,relevante,,,,,,,,,,,,,,,,FALSE,FALSE,FALSE,FALSE,FALSE,0,TRUE,TRUE,TRUE,2,FALSE
170002540337_J0005,170002540337,9,71,seca; eventos climaticos,relevante,TRUE,FALSE,FALSE,FALSE,FALSE,FALSE,TRUE,FALSE,FALSE,FALSE,FALSE,FALSE,FALSE,FALSE,3,relevante,,,,,,,,,,,,,,,,FALSE,FALSE,FALSE,FALSE,FALSE,0,TRUE,TRUE,TRUE,3,FALSE
170002540337_J0006,170002540337,18,40,erosao costeira,relevante,FALSE,FALSE,FALSE,FALSE,FALSE,FALSE,FALSE,FALSE,FALSE,FALSE,TRUE,FALSE,FALSE,FALSE,1,relevante,FALSE,FALSE,FALSE,FALSE,FALSE,FALSE,FALSE,FALSE,FALSE,FALSE,TRUE,FALSE,FALSE,FALSE,1,FALSE,FALSE,FALSE,FALSE,FALSE,0,TRUE,TRUE,TRUE,1,FALSE
170002540337_J0007,170002540337,20,82,erosao costeira,relevante,TRUE,FALSE,FALSE,FALSE,FALSE,FALSE,FALSE,FALSE,FALSE,FALSE,TRUE,FALSE,FALSE,FALSE,3,relevante,TRUE,FALSE,FALSE,FALSE,FALSE,FALSE,FALSE,FALSE,FALSE,FALSE,TRUE,FALSE,FALSE,FALSE,2,FALSE,FALSE,FALSE,FALSE,FALSE,0,TRUE,TRUE,TRUE,3,FALSE
170002540337_J0008,170002540337,22,35,erosao costeira,relevante,TRUE,FALSE,FALSE,FALSE,FALSE,FALSE,FALSE,FALSE,FALSE,FALSE,TRUE,FALSE,FALSE,FALSE,3,relevante,TRUE,FALSE,FALSE,FALSE,FALSE,FALSE,FALSE,FALSE,FALSE,FALSE,TRUE,FALSE,FALSE,FALSE,3,FALSE,FALSE,FALSE,FALSE,FALSE,0,TRUE,TRUE,TRUE,3,FALSE
170002540337_J0009,170002540337,48,60,barragens; cheias,relevante,TRUE,FALSE,FALSE,FALSE,TRUE,FALSE,FALSE,FALSE,FALSE,FALSE,FALSE,FALSE,FALSE,FALSE,2,relevante,TRUE,FALSE,FALSE,FALSE,TRUE,FALSE,FALSE,FALSE,FALSE,FALSE,FALSE,FALSE,FALSE,FALSE,2,FALSE,FALSE,FALSE,FALSE,FALSE,0,TRUE,TRUE,TRUE,2,FALSE
170002540337_J0010,170002540337,50,60,erosao; enchente,relevante,FALSE,FALSE,TRUE,FALSE,TRUE,FALSE,FALSE,FALSE,FALSE,FALSE,TRUE,FALSE,FALSE,FALSE,3,relevante,,,,,,,,,,,,,,,,FALSE,FALSE,FALSE,FALSE,FALSE,0,TRUE,TRUE,TRUE,3,FALSE
170002540337_J0011,170002540337,57,53,incendios; enchente,relevante,FALSE,FALSE,FALSE,FALSE,TRUE,TRUE,FALSE,TRUE,FALSE,FALSE,FALSE,FALSE,FALSE,FALSE,1,relevante,FALSE,FALSE,FALSE,FALSE,TRUE,TRUE,FALSE,TRUE,FALSE,FALSE,FALSE,FALSE,TRUE,FALSE,1,FALSE,FALSE,FALSE,FALSE,FALSE,0,TRUE,TRUE,TRUE,1,FALSE
170002540337_J0012,170002540337,62,147,encosta; alagament; deslizament; enchente,relevante,FALSE,FALSE,FALSE,FALSE,TRUE,TRUE,FALSE,FALSE,FALSE,FALSE,FALSE,FALSE,FALSE,FALSE,1,relevante,,,,,,,,,,,,,,,,FALSE,FALSE,FALSE,FALSE,FALSE,0,TRUE,TRUE,TRUE,1,FALSE
170002540337_J0013,170002540337,63,84,defesa civil; drenagem; enchente; deslizament; vulnerabilidade,relevante,TRUE,FALSE,FALSE,FALSE,TRUE,TRUE,FALSE,FALSE,FALSE,FALSE,FALSE,FALSE,FALSE,FALSE,1,relevante,,,,,,,,,,,,,,,,FALSE,FALSE,FALSE,FALSE,TRUE,1,TRUE,TRUE,TRUE,1,FALSE
170002540337_J0014,170002540337,63,86,drenagem; areas de risco,relevante,TRUE,FALSE,FALSE,FALSE,FALSE,FALSE,FALSE,FALSE,FALSE,FALSE,FALSE,FALSE,FALSE,TRUE,2,relevante,TRUE,FALSE,FALSE,FALSE,TRUE,TRUE,FALSE,FALSE,FALSE,FALSE,FALSE,FALSE,FALSE,FALSE,2,FALSE,FALSE,FALSE,FALSE,FALSE,0,TRUE,TRUE,TRUE,2,FALSE
170002540337_J0015,170002540337,63,45,drenagem; alagament,relevante,TRUE,FALSE,FALSE,FALSE,TRUE,FALSE,FALSE,FALSE,FALSE,FALSE,FALSE,FALSE,FALSE,FALSE,3,relevante,TRUE,FALSE,FALSE,FALSE,TRUE,FALSE,FALSE,FALSE,FALSE,FALSE,FALSE,FALSE,FALSE,FALSE,3,FALSE,FALSE,FALSE,FALSE,FALSE,0,TRUE,TRUE,TRUE,3,FALSE
170002540337_J0016,170002540337,63,32,defesa civil,relevante,TRUE,FALSE,FALSE,FALSE,TRUE,FALSE,FALSE,FALSE,FALSE,FALSE,FALSE,FALSE,FALSE,FALSE,2,relevante,TRUE,FALSE,FALSE,FALSE,TRUE,FALSE,FALSE,FALSE,FALSE,FALSE,TRUE,FALSE,FALSE,FALSE,2,FALSE,FALSE,FALSE,FALSE,TRUE,1,TRUE,TRUE,TRUE,2,FALSE
170002540337_J0017,170002540337,64,54,defesa civil; alerta,relevante,TRUE,FALSE,FALSE,FALSE,TRUE,FALSE,FALSE,FALSE,FALSE,FALSE,FALSE,FALSE,FALSE,FALSE,3,relevante,TRUE,FALSE,FALSE,FALSE,TRUE,FALSE,FALSE,FALSE,FALSE,FALSE,TRUE,FALSE,FALSE,FALSE,3,FALSE,FALSE,FALSE,TRUE,TRUE,2,TRUE,TRUE,TRUE,3,FALSE
170002540337_J0018,170002540337,64,131,alagament; encosta; deslizament; erosao; drenagem; defesa civil,relevante,TRUE,FALSE,FALSE,FALSE,TRUE,TRUE,FALSE,FALSE,FALSE,FALSE,FALSE,FALSE,FALSE,FALSE,3,relevante,TRUE,FALSE,FALSE,FALSE,TRUE,TRUE,FALSE,FALSE,FALSE,FALSE,FALSE,FALSE,FALSE,FALSE,3,FALSE,FALSE,FALSE,TRUE,TRUE,2,TRUE,TRUE,TRUE,3,FALSE
170002540337_J0019,170002540337,66,64,defesa civil,relevante,TRUE,FALSE,FALSE,FALSE,FALSE,FALSE,FALSE,FALSE,FALSE,FALSE,FALSE,FALSE,FALSE,TRUE,3,relevante,TRUE,FALSE,FALSE,FALSE,FALSE,FALSE,FALSE,FALSE,FALSE,FALSE,FALSE,FALSE,FALSE,TRUE,3,FALSE,FALSE,FALSE,FALSE,TRUE,1,TRUE,TRUE,TRUE,3,FALSE
170002552776_J0001,170002552776,5,47,plano de emergencia,nao_relevante,,,,,,,,,,,,,,,,nao_relevante,,,,,,,,,,,,,,,,FALSE,FALSE,FALSE,FALSE,FALSE,0,FALSE,FALSE,TRUE,,FALSE
180002532987_J0001,180002532987,55,135,defesa civil; incendios florestais; queimada,relevante,TRUE,FALSE,FALSE,FALSE,FALSE,FALSE,FALSE,TRUE,FALSE,FALSE,FALSE,FALSE,FALSE,FALSE,3,relevante,TRUE,FALSE,FALSE,FALSE,FALSE,FALSE,FALSE,TRUE,FALSE,FALSE,FALSE,FALSE,FALSE,FALSE,1,TRUE,TRUE,TRUE,TRUE,TRUE,5,TRUE,TRUE,TRUE,3,FALSE
180002532987_J0002,180002532987,56,284,mudancas climaticas; desastre; queimada; eventos climaticos; adaptacao climatica; contingencia,relevante,TRUE,FALSE,FALSE,TRUE,FALSE,FALSE,FALSE,TRUE,FALSE,FALSE,FALSE,FALSE,FALSE,FALSE,3,relevante,,,,,,,,,,,,,,,,FALSE,TRUE,FALSE,FALSE,FALSE,1,TRUE,TRUE,TRUE,4,TRUE
180002532987_J0003,180002532987,58,28,incendios florestais,relevante,TRUE,FALSE,FALSE,FALSE,FALSE,FALSE,FALSE,TRUE,FALSE,FALSE,FALSE,FALSE,FALSE,FALSE,3,relevante,,,,,,,,,,,,,,,,FALSE,FALSE,FALSE,FALSE,FALSE,0,TRUE,TRUE,TRUE,3,FALSE
180002532987_J0004,180002532987,60,84,gestao de risco; desastre; plano de contingencia; drenagem; defesa civil,relevante,TRUE,FALSE,FALSE,FALSE,TRUE,FALSE,FALSE,FALSE,FALSE,FALSE,FALSE,FALSE,FALSE,FALSE,4,relevante,,,,,,,,,,,,,,,,FALSE,TRUE,FALSE,FALSE,TRUE,2,TRUE,TRUE,TRUE,4,FALSE
180002532987_J0005,180002532987,60,52,desastre; gestao de risco; riscos climaticos,relevante,TRUE,FALSE,FALSE,FALSE,FALSE,FALSE,FALSE,FALSE,FALSE,FALSE,FALSE,FALSE,FALSE,TRUE,3,relevante,,,,,,,,,,,,,,,,FALSE,FALSE,FALSE,TRUE,TRUE,2,TRUE,TRUE,TRUE,3,FALSE
180002532987_J0006,180002532987,67,27,resiliencia; mudancas climaticas,relevante,FALSE,FALSE,FALSE,TRUE,FALSE,FALSE,FALSE,FALSE,FALSE,FALSE,FALSE,FALSE,FALSE,FALSE,2,relevante,,,,,,,,,,,,,,,,FALSE,FALSE,FALSE,FALSE,FALSE,0,TRUE,TRUE,TRUE,2,FALSE
180002538530_J0001,180002538530,23,48,gestao de risco,nao_relevante,,,,,,,,,,,,,,,,nao_relevante,,,,,,,,,,,,,,,,FALSE,FALSE,FALSE,FALSE,FALSE,0,FALSE,FALSE,TRUE,,FALSE
180002538530_J0002,180002538530,35,79,alerta; defesa civil,nao_relevante,,,,,,,,,,,,,,,,nao_relevante,,,,,,,,,,,,,,,,FALSE,FALSE,FALSE,FALSE,TRUE,1,FALSE,FALSE,TRUE,,FALSE
180002538530_J0003,180002538530,36,114,secas; enchente; eventos climaticos,relevante,FALSE,TRUE,FALSE,FALSE,TRUE,FALSE,TRUE,FALSE,TRUE,FALSE,FALSE,FALSE,FALSE,FALSE,3,relevante,,,,,,,,,,,,,,,,FALSE,FALSE,FALSE,FALSE,FALSE,0,TRUE,TRUE,TRUE,3,FALSE
180002538530_J0004,180002538530,52,123,gestao de risco; alerta,nao_relevante,,,,,,,,,,,,,,,,nao_relevante,,,,,,,,,,,,,,,,FALSE,FALSE,FALSE,FALSE,TRUE,1,FALSE,FALSE,TRUE,,FALSE
180002538530_J0005,180002538530,53,112,abrigo temporario,nao_relevante,,,,,,,,,,,,,,,,nao_relevante,,,,,,,,,,,,,,,,FALSE,FALSE,FALSE,FALSE,FALSE,0,FALSE,FALSE,TRUE,,FALSE
180002538530_J0006,180002538530,69,64,secas,relevante,TRUE,FALSE,FALSE,FALSE,FALSE,FALSE,TRUE,FALSE,FALSE,FALSE,FALSE,FALSE,FALSE,FALSE,2,relevante,,,,,,,,,,,,,,,,FALSE,FALSE,FALSE,FALSE,FALSE,0,TRUE,TRUE,TRUE,2,FALSE
180002538530_J0007,180002538530,69,107,resiliencia; seca; contingencia,relevante,TRUE,FALSE,FALSE,FALSE,FALSE,FALSE,TRUE,FALSE,FALSE,FALSE,FALSE,FALSE,FALSE,FALSE,3,relevante,,,,,,,,,,,,,,,,FALSE,FALSE,FALSE,FALSE,FALSE,0,TRUE,TRUE,TRUE,3,FALSE
180002538530_J0008,180002538530,73,89,alagament,relevante,TRUE,FALSE,FALSE,FALSE,TRUE,FALSE,FALSE,FALSE,FALSE,FALSE,FALSE,FALSE,FALSE,FALSE,2,relevante,FALSE,FALSE,FALSE,FALSE,TRUE,FALSE,FALSE,FALSE,FALSE,FALSE,FALSE,FALSE,FALSE,FALSE,1,FALSE,FALSE,FALSE,FALSE,FALSE,0,TRUE,TRUE,TRUE,2,FALSE
180002538530_J0009,180002538530,74,48,areas de risco,relevante,TRUE,FALSE,FALSE,FALSE,FALSE,FALSE,FALSE,FALSE,FALSE,FALSE,FALSE,FALSE,FALSE,TRUE,3,relevante,TRUE,FALSE,FALSE,FALSE,FALSE,FALSE,FALSE,FALSE,FALSE,FALSE,FALSE,FALSE,FALSE,TRUE,3,FALSE,FALSE,FALSE,FALSE,FALSE,0,TRUE,TRUE,TRUE,3,FALSE
180002538530_J0010,180002538530,76,111,vulnerabilidade; risco ambiental,nao_relevante,,,,,,,,,,,,,,,,nao_relevante,,,,,,,,,,,,,,,,FALSE,FALSE,FALSE,FALSE,FALSE,0,FALSE,FALSE,TRUE,,FALSE
180002538530_J0011,180002538530,77,93,alagament,relevante,TRUE,FALSE,FALSE,FALSE,TRUE,FALSE,FALSE,FALSE,FALSE,FALSE,FALSE,FALSE,FALSE,FALSE,2,relevante,,,,,,,,,,,,,,,,FALSE,FALSE,FALSE,FALSE,FALSE,0,TRUE,TRUE,TRUE,2,FALSE
180002538530_J0012,180002538530,87,119,adaptacao climatica; resiliencia; mudancas climaticas,relevante,FALSE,FALSE,FALSE,FALSE,FALSE,FALSE,FALSE,FALSE,FALSE,FALSE,FALSE,FALSE,FALSE,FALSE,1,relevante,FALSE,FALSE,FALSE,TRUE,FALSE,FALSE,FALSE,FALSE,FALSE,FALSE,FALSE,FALSE,FALSE,FALSE,2,FALSE,FALSE,FALSE,FALSE,FALSE,0,TRUE,TRUE,TRUE,1,FALSE
180002538530_J0013,180002538530,87,110,reducao de risco; adaptacao climatica; resiliencia,relevante,TRUE,FALSE,TRUE,FALSE,FALSE,FALSE,FALSE,FALSE,FALSE,FALSE,FALSE,FALSE,FALSE,TRUE,2,relevante,FALSE,FALSE,FALSE,TRUE,FALSE,FALSE,FALSE,FALSE,FALSE,FALSE,FALSE,FALSE,FALSE,TRUE,2,FALSE,FALSE,FALSE,FALSE,FALSE,0,TRUE,TRUE,TRUE,2,FALSE
180002538530_J0014,180002538530,88,41,queimada,relevante,TRUE,FALSE,FALSE,FALSE,FALSE,FALSE,FALSE,TRUE,FALSE,FALSE,FALSE,FALSE,FALSE,FALSE,2,relevante,,,,,,,,,,,,,,,,FALSE,FALSE,FALSE,FALSE,FALSE,0,TRUE,TRUE,TRUE,2,FALSE
180002538530_J0015,180002538530,88,70,alerta; queimada,relevante,TRUE,FALSE,FALSE,FALSE,FALSE,FALSE,FALSE,TRUE,FALSE,FALSE,FALSE,FALSE,FALSE,FALSE,3,relevante,TRUE,FALSE,FALSE,FALSE,FALSE,FALSE,FALSE,TRUE,FALSE,FALSE,FALSE,FALSE,FALSE,FALSE,3,FALSE,FALSE,FALSE,FALSE,FALSE,0,TRUE,TRUE,TRUE,3,FALSE
180002538530_J0016,180002538530,89,101,barragens; barragem; alerta; defesa civil,relevante,TRUE,FALSE,FALSE,FALSE,FALSE,FALSE,FALSE,FALSE,FALSE,FALSE,FALSE,TRUE,FALSE,FALSE,3,relevante,,,,,,,,,,,,,,,,FALSE,FALSE,FALSE,FALSE,TRUE,1,TRUE,TRUE,TRUE,3,FALSE
180002538530_J0017,180002538530,90,88,seca; alerta; contingencia,relevante,TRUE,FALSE,FALSE,FALSE,FALSE,FALSE,TRUE,FALSE,FALSE,FALSE,FALSE,FALSE,FALSE,FALSE,3,relevante,,,,,,,,,,,,,,,,FALSE,FALSE,FALSE,FALSE,FALSE,0,TRUE,TRUE,TRUE,3,FALSE
180002538530_J0018,180002538530,92,74,incendios; drenagem,nao_relevante,,,,,,,,,,,,,,,,relevante,,,,,,,,,,,,,,,,FALSE,FALSE,FALSE,TRUE,FALSE,1,FALSE,TRUE,FALSE,,FALSE
180002538530_J0019,180002538530,93,43,adaptacao climatica; resiliencia; alerta,relevante,TRUE,FALSE,FALSE,FALSE,FALSE,FALSE,FALSE,FALSE,FALSE,FALSE,FALSE,FALSE,FALSE,TRUE,2,relevante,TRUE,FALSE,FALSE,TRUE,FALSE,FALSE,FALSE,FALSE,FALSE,FALSE,FALSE,FALSE,FALSE,TRUE,2,FALSE,FALSE,FALSE,FALSE,FALSE,0,TRUE,TRUE,TRUE,2,FALSE
180002538530_J0020,180002538530,93,16,vulnerabilidade; risco climatico,relevante,TRUE,FALSE,FALSE,FALSE,FALSE,FALSE,FALSE,FALSE,FALSE,FALSE,FALSE,FALSE,FALSE,TRUE,2,relevante,,,,,,,,,,,,,,,,FALSE,FALSE,FALSE,FALSE,FALSE,0,TRUE,TRUE,TRUE,2,FALSE
180002538530_J0021,180002538530,93,179,vulnerabilidade; queimada; alerta; seca; incendios; ondas de calor,relevante,TRUE,TRUE,FALSE,FALSE,TRUE,FALSE,TRUE,TRUE,TRUE,FALSE,FALSE,FALSE,FALSE,FALSE,3,relevante,TRUE,TRUE,FALSE,TRUE,TRUE,FALSE,TRUE,TRUE,TRUE,TRUE,FALSE,FALSE,FALSE,FALSE,3,FALSE,FALSE,FALSE,TRUE,TRUE,2,TRUE,TRUE,TRUE,3,FALSE
180002538530_J0022,180002538530,106,94,defesa civil,nao_relevante,,,,,,,,,,,,,,,,nao_relevante,,,,,,,,,,,,,,,,FALSE,FALSE,FALSE,FALSE,TRUE,1,FALSE,FALSE,TRUE,,FALSE
180002549970_J0001,180002549970,15,107,resiliencia; emergencia climatica; encosta; defesa civil; contingencia,relevante,TRUE,FALSE,FALSE,TRUE,FALSE,TRUE,FALSE,FALSE,FALSE,FALSE,FALSE,FALSE,FALSE,TRUE,3,relevante,,,,,,,,,,,,,,,,FALSE,FALSE,FALSE,FALSE,TRUE,1,TRUE,TRUE,TRUE,3,FALSE
180002549970_J0002,180002549970,16,135,area de risco; defesa civil,relevante,TRUE,FALSE,FALSE,FALSE,FALSE,TRUE,FALSE,FALSE,FALSE,FALSE,FALSE,FALSE,FALSE,FALSE,3,relevante,,,,,,,,,,,,,,,,FALSE,FALSE,FALSE,TRUE,TRUE,2,TRUE,TRUE,TRUE,3,FALSE
180002549970_J0003,180002549970,18,61,queimada,relevante,TRUE,FALSE,FALSE,FALSE,FALSE,FALSE,FALSE,TRUE,FALSE,FALSE,FALSE,FALSE,TRUE,FALSE,0,relevante,FALSE,FALSE,FALSE,FALSE,FALSE,FALSE,FALSE,TRUE,FALSE,FALSE,FALSE,FALSE,FALSE,FALSE,0,FALSE,FALSE,FALSE,FALSE,FALSE,0,TRUE,TRUE,TRUE,0,FALSE
190002536162_J0003,190002536162,8,98,desastre,relevante,TRUE,FALSE,FALSE,FALSE,FALSE,FALSE,FALSE,FALSE,FALSE,FALSE,FALSE,FALSE,FALSE,TRUE,2,relevante,,,,,,,,,,,,,,,,FALSE,FALSE,FALSE,FALSE,TRUE,1,TRUE,TRUE,TRUE,2,FALSE
190002536162_J0004,190002536162,9,125,defesa civil,relevante,TRUE,FALSE,FALSE,FALSE,FALSE,FALSE,FALSE,FALSE,FALSE,FALSE,FALSE,FALSE,FALSE,TRUE,2,relevante,FALSE,FALSE,FALSE,FALSE,FALSE,FALSE,FALSE,FALSE,FALSE,FALSE,FALSE,FALSE,FALSE,TRUE,2,FALSE,FALSE,FALSE,TRUE,TRUE,2,TRUE,TRUE,TRUE,2,FALSE
190002536162_J0005,190002536162,33,134,drenagem; encosta,relevante,TRUE,FALSE,FALSE,FALSE,FALSE,TRUE,FALSE,FALSE,FALSE,FALSE,FALSE,FALSE,FALSE,FALSE,3,relevante,,,,,,,,,,,,,,,,FALSE,FALSE,FALSE,FALSE,FALSE,0,TRUE,TRUE,TRUE,3,FALSE
190002536162_J0006,190002536162,47,500,defesa civil; vulnerabilidade; encosta; enchente; alerta; desastre,relevante,TRUE,FALSE,FALSE,TRUE,TRUE,TRUE,FALSE,FALSE,FALSE,FALSE,TRUE,FALSE,FALSE,FALSE,3,relevante,,,,,,,,,,,,,,,,FALSE,FALSE,TRUE,TRUE,TRUE,3,TRUE,TRUE,TRUE,3,FALSE
190002536162_J0007,190002536162,49,133,adaptacao climatica,relevante,TRUE,FALSE,FALSE,TRUE,FALSE,FALSE,FALSE,FALSE,FALSE,FALSE,FALSE,FALSE,FALSE,FALSE,0,relevante,FALSE,FALSE,FALSE,TRUE,FALSE,FALSE,FALSE,FALSE,FALSE,FALSE,TRUE,FALSE,FALSE,FALSE,2,FALSE,FALSE,FALSE,FALSE,FALSE,0,TRUE,TRUE,TRUE,0,FALSE
190002536162_J0008,190002536162,50,194,queimada,nao_relevante,,,,,,,,,,,,,,,,relevante,,,,,,,,,,,,,,,,FALSE,FALSE,FALSE,TRUE,TRUE,2,FALSE,TRUE,FALSE,,FALSE
190002536162_J0009,190002536162,50,95,incendios; encosta; defesa civil,relevante,TRUE,FALSE,FALSE,FALSE,FALSE,FALSE,FALSE,TRUE,FALSE,FALSE,FALSE,FALSE,FALSE,FALSE,3,relevante,TRUE,FALSE,FALSE,FALSE,FALSE,FALSE,FALSE,TRUE,FALSE,FALSE,FALSE,FALSE,FALSE,FALSE,3,FALSE,FALSE,FALSE,FALSE,TRUE,1,TRUE,TRUE,TRUE,3,FALSE
190002536162_J0010,190002536162,55,186,mudancas climaticas,clima_geral,,,,,,,,,,,,,,,,clima_geral,,,,,,,,,,,,,,,,FALSE,FALSE,FALSE,FALSE,FALSE,0,FALSE,FALSE,TRUE,,FALSE
190002536162_J0011,190002536162,56,162,encosta; enchente,relevante,TRUE,FALSE,FALSE,FALSE,TRUE,TRUE,FALSE,FALSE,FALSE,FALSE,FALSE,FALSE,FALSE,FALSE,0,relevante,,,,,,,,,,,,,,,,FALSE,FALSE,FALSE,FALSE,FALSE,0,TRUE,TRUE,TRUE,0,FALSE
190002536162_J0012,190002536162,57,456,desastre; enchente; inundac; defesa civil; cemaden; deslizament,relevante,TRUE,TRUE,FALSE,FALSE,TRUE,TRUE,FALSE,FALSE,FALSE,FALSE,FALSE,FALSE,FALSE,FALSE,3,relevante,TRUE,FALSE,FALSE,TRUE,TRUE,FALSE,FALSE,FALSE,FALSE,FALSE,FALSE,FALSE,FALSE,FALSE,3,FALSE,FALSE,FALSE,TRUE,TRUE,2,TRUE,TRUE,TRUE,3,FALSE
190002536162_J0013,190002536162,58,113,areas de risco; desastre; enchente; inundac,relevante,TRUE,FALSE,FALSE,FALSE,TRUE,FALSE,FALSE,FALSE,FALSE,FALSE,FALSE,FALSE,FALSE,FALSE,3,relevante,,,,,,,,,,,,,,,,FALSE,FALSE,FALSE,TRUE,FALSE,1,TRUE,TRUE,TRUE,3,FALSE
190002536162_J0014,190002536162,59,257,alerta; inundac; enchente; desastre; alagament; encosta,relevante,TRUE,FALSE,FALSE,FALSE,TRUE,TRUE,FALSE,FALSE,FALSE,FALSE,FALSE,FALSE,FALSE,FALSE,3,relevante,,,,,,,,,,,,,,,,FALSE,FALSE,FALSE,TRUE,FALSE,1,TRUE,TRUE,TRUE,3,FALSE
190002536162_J0015,190002536162,60,433,encosta; desastre; defesa civil; plano de contingencia; inundac; enxurrada,relevante,TRUE,TRUE,FALSE,FALSE,TRUE,TRUE,FALSE,FALSE,FALSE,FALSE,FALSE,FALSE,FALSE,FALSE,3,relevante,,,,,,,,,,,,,,,,FALSE,FALSE,FALSE,TRUE,TRUE,2,TRUE,TRUE,TRUE,3,FALSE
190002536162_J0016,190002536162,62,342,enxurrada; deslizament; inundac; sistema de alerta; areas de risco; desastre,relevante,TRUE,FALSE,FALSE,FALSE,TRUE,TRUE,FALSE,FALSE,FALSE,FALSE,FALSE,FALSE,FALSE,FALSE,3,relevante,,,,,,,,,,,,,,,,FALSE,FALSE,FALSE,TRUE,FALSE,1,TRUE,TRUE,TRUE,3,FALSE
190002536162_J0017,190002536162,64,91,mudancas climaticas,clima_geral,,,,,,,,,,,,,,,,clima_geral,,,,,,,,,,,,,,,,FALSE,FALSE,FALSE,FALSE,FALSE,0,FALSE,FALSE,TRUE,,FALSE
190002536162_J0018,190002536162,65,85,inundac; drenagem,relevante,TRUE,FALSE,FALSE,FALSE,TRUE,FALSE,FALSE,FALSE,FALSE,FALSE,FALSE,FALSE,FALSE,FALSE,3,relevante,,,,,,,,,,,,,,,,FALSE,FALSE,FALSE,FALSE,FALSE,0,TRUE,TRUE,TRUE,3,FALSE
190002536162_J0019,190002536162,79,60,calamidade,nao_relevante,,,,,,,,,,,,,,,,relevante,,,,,,,,,,,,,,,,FALSE,FALSE,FALSE,FALSE,FALSE,0,FALSE,TRUE,FALSE,,FALSE
190002536162_J0020,190002536162,85,105,cheias,nao_relevante,,,,,,,,,,,,,,,,nao_relevante,,,,,,,,,,,,,,,,FALSE,FALSE,FALSE,FALSE,FALSE,0,FALSE,FALSE,TRUE,,FALSE
190002536162_J0021,190002536162,93,99,defesa civil,nao_relevante,,,,,,,,,,,,,,,,relevante,,,,,,,,,,,,,,,,FALSE,FALSE,FALSE,FALSE,TRUE,1,FALSE,TRUE,FALSE,,FALSE
190002536162_J0022,190002536162,104,26,desastre,relevante,FALSE,FALSE,FALSE,FALSE,FALSE,FALSE,FALSE,FALSE,FALSE,FALSE,FALSE,FALSE,FALSE,FALSE,1,relevante,FALSE,FALSE,FALSE,FALSE,FALSE,FALSE,FALSE,FALSE,FALSE,FALSE,FALSE,FALSE,FALSE,FALSE,1,FALSE,FALSE,FALSE,FALSE,FALSE,0,TRUE,TRUE,TRUE,1,FALSE
190002536162_J0023,190002536162,138,93,eventos climaticos; areas de risco; alerta,relevante,TRUE,FALSE,FALSE,FALSE,FALSE,FALSE,FALSE,FALSE,FALSE,FALSE,FALSE,FALSE,FALSE,TRUE,3,relevante,TRUE,TRUE,FALSE,FALSE,FALSE,FALSE,FALSE,FALSE,FALSE,FALSE,FALSE,FALSE,FALSE,TRUE,3,FALSE,FALSE,FALSE,FALSE,FALSE,0,TRUE,TRUE,TRUE,3,FALSE
190002536162_J0024,190002536162,140,88,desastre,relevante,TRUE,FALSE,FALSE,TRUE,FALSE,FALSE,FALSE,FALSE,FALSE,FALSE,FALSE,FALSE,FALSE,TRUE,2,relevante,,,,,,,,,,,,,,,,FALSE,FALSE,FALSE,FALSE,FALSE,0,TRUE,TRUE,TRUE,2,FALSE
190002536162_J0025,190002536162,140,126,defesa civil,nao_relevante,,,,,,,,,,,,,,,,nao_relevante,,,,,,,,,,,,,,,,FALSE,FALSE,FALSE,FALSE,TRUE,1,FALSE,FALSE,TRUE,,FALSE
190002537524_J0001,190002537524,11,93,drenagem; encosta; sistema de alerta,relevante,TRUE,FALSE,FALSE,FALSE,FALSE,TRUE,FALSE,FALSE,FALSE,FALSE,FALSE,FALSE,FALSE,FALSE,3,relevante,,,,,,,,,,,,,,,,FALSE,FALSE,FALSE,FALSE,FALSE,0,TRUE,TRUE,TRUE,3,FALSE
190002537524_J0002,190002537524,12,43,desastre,relevante,TRUE,FALSE,FALSE,FALSE,FALSE,FALSE,FALSE,FALSE,FALSE,FALSE,FALSE,FALSE,FALSE,TRUE,2,relevante,,,,,,,,,,,,,,,,FALSE,FALSE,FALSE,FALSE,FALSE,0,TRUE,TRUE,TRUE,2,FALSE
190002537524_J0003,190002537524,20,118,encosta; deslizament,relevante,TRUE,FALSE,FALSE,FALSE,FALSE,TRUE,FALSE,FALSE,FALSE,FALSE,FALSE,FALSE,FALSE,FALSE,3,relevante,,,,,,,,,,,,,,,,FALSE,FALSE,FALSE,FALSE,FALSE,0,TRUE,TRUE,TRUE,3,FALSE
190002537524_J0004,190002537524,20,90,encosta,nao_relevante,,,,,,,,,,,,,,,,relevante,,,,,,,,,,,,,,,,FALSE,FALSE,FALSE,FALSE,FALSE,0,FALSE,TRUE,FALSE,,FALSE
190002537524_J0005,190002537524,24,49,desastre; drenagem; encosta; sistema de alerta,relevante,TRUE,FALSE,FALSE,FALSE,TRUE,TRUE,FALSE,FALSE,FALSE,FALSE,FALSE,FALSE,FALSE,FALSE,1,relevante,,,,,,,,,,,,,,,,FALSE,FALSE,FALSE,FALSE,FALSE,0,TRUE,TRUE,TRUE,1,FALSE
190002537524_J0006,190002537524,38,31,seca,nao_relevante,,,,,,,,,,,,,,,,nao_relevante,,,,,,,,,,,,,,,,FALSE,FALSE,FALSE,FALSE,FALSE,0,FALSE,FALSE,TRUE,,FALSE
190002537524_J0007,190002537524,45,70,seca,nao_relevante,,,,,,,,,,,,,,,,nao_relevante,,,,,,,,,,,,,,,,FALSE,FALSE,FALSE,FALSE,FALSE,0,FALSE,FALSE,TRUE,,FALSE
190002537524_J0008,190002537524,46,84,seca,nao_relevante,,,,,,,,,,,,,,,,nao_relevante,,,,,,,,,,,,,,,,FALSE,FALSE,FALSE,FALSE,FALSE,0,FALSE,FALSE,TRUE,,FALSE
190002537524_J0009,190002537524,100,71,catastrofe,nao_relevante,,,,,,,,,,,,,,,,nao_relevante,,,,,,,,,,,,,,,,FALSE,FALSE,FALSE,FALSE,FALSE,0,FALSE,FALSE,TRUE,,FALSE
190002537524_J0010,190002537524,104,154,encosta; drenagem; alerta; queimada,relevante,FALSE,FALSE,FALSE,FALSE,TRUE,TRUE,FALSE,FALSE,FALSE,FALSE,FALSE,FALSE,FALSE,FALSE,2,relevante,TRUE,FALSE,FALSE,FALSE,FALSE,TRUE,FALSE,TRUE,FALSE,FALSE,FALSE,FALSE,FALSE,FALSE,1,FALSE,FALSE,FALSE,FALSE,FALSE,0,TRUE,TRUE,TRUE,2,FALSE
190002537524_J0011,190002537524,104,50,drenagem; encosta; alerta,relevante,TRUE,FALSE,FALSE,FALSE,TRUE,TRUE,FALSE,FALSE,FALSE,FALSE,FALSE,FALSE,FALSE,FALSE,3,relevante,,,,,,,,,,,,,,,,FALSE,FALSE,TRUE,FALSE,FALSE,1,TRUE,TRUE,TRUE,3,FALSE
190002537524_J0012,190002537524,104,108,deslizament; enchente; encosta,relevante,TRUE,FALSE,FALSE,FALSE,TRUE,TRUE,FALSE,FALSE,FALSE,FALSE,FALSE,FALSE,FALSE,FALSE,3,relevante,,,,,,,,,,,,,,,,FALSE,FALSE,FALSE,FALSE,FALSE,0,TRUE,TRUE,TRUE,3,FALSE
190002537524_J0013,190002537524,105,344,queimada; encosta; seca; enchente; defesa civil; desastre,relevante,TRUE,FALSE,FALSE,FALSE,TRUE,TRUE,TRUE,TRUE,FALSE,FALSE,FALSE,FALSE,FALSE,FALSE,4,relevante,,,,,,,,,,,,,,,,TRUE,TRUE,FALSE,FALSE,TRUE,3,TRUE,TRUE,TRUE,4,FALSE
190002537524_J0014,190002537524,106,108,drenagem; enchente,relevante,TRUE,FALSE,FALSE,FALSE,TRUE,FALSE,FALSE,FALSE,FALSE,FALSE,FALSE,FALSE,FALSE,FALSE,3,relevante,TRUE,FALSE,FALSE,FALSE,TRUE,FALSE,FALSE,FALSE,FALSE,FALSE,FALSE,FALSE,FALSE,FALSE,3,FALSE,FALSE,FALSE,TRUE,FALSE,1,TRUE,TRUE,TRUE,3,FALSE
190002537524_J0015,190002537524,106,142,enchente,relevante,FALSE,FALSE,FALSE,FALSE,TRUE,FALSE,FALSE,FALSE,FALSE,FALSE,FALSE,FALSE,FALSE,FALSE,1,relevante,FALSE,FALSE,FALSE,FALSE,TRUE,FALSE,FALSE,FALSE,FALSE,FALSE,FALSE,FALSE,FALSE,FALSE,1,FALSE,TRUE,FALSE,FALSE,FALSE,1,TRUE,TRUE,TRUE,1,FALSE
190002537524_J0016,190002537524,108,135,drenagem; gestao de risco; sistema de alerta,relevante,TRUE,FALSE,FALSE,FALSE,FALSE,FALSE,FALSE,FALSE,FALSE,FALSE,FALSE,FALSE,FALSE,TRUE,4,relevante,,,,,,,,,,,,,,,,TRUE,FALSE,TRUE,TRUE,FALSE,3,TRUE,TRUE,TRUE,4,FALSE
190002537524_J0017,190002537524,109,54,cheia,nao_relevante,,,,,,,,,,,,,,,,nao_relevante,,,,,,,,,,,,,,,,FALSE,FALSE,FALSE,FALSE,FALSE,0,FALSE,FALSE,TRUE,,FALSE
190002537524_J0018,190002537524,109,201,encosta; deslizament; enchente; sistema de alerta,relevante,TRUE,FALSE,FALSE,FALSE,TRUE,TRUE,FALSE,FALSE,FALSE,FALSE,FALSE,FALSE,FALSE,FALSE,3,relevante,TRUE,FALSE,FALSE,FALSE,TRUE,TRUE,FALSE,FALSE,FALSE,FALSE,FALSE,FALSE,FALSE,FALSE,3,TRUE,FALSE,TRUE,FALSE,FALSE,2,TRUE,TRUE,TRUE,3,FALSE
190002537524_J0019,190002537524,121,145,desastre; drenagem; encosta; sistema de alerta; resiliencia climatica; alerta,relevante,TRUE,FALSE,FALSE,FALSE,TRUE,TRUE,FALSE,FALSE,FALSE,FALSE,FALSE,FALSE,FALSE,FALSE,3,relevante,,,,,,,,,,,,,,,,FALSE,FALSE,FALSE,FALSE,FALSE,0,TRUE,TRUE,TRUE,3,FALSE
190002537524_J0020,190002537524,131,43,seca,nao_relevante,,,,,,,,,,,,,,,,relevante,,,,,,,,,,,,,,,,FALSE,FALSE,FALSE,FALSE,FALSE,0,FALSE,TRUE,FALSE,,FALSE
190002537524_J0021,190002537524,138,133,drenagem; encosta; alerta,relevante,TRUE,FALSE,TRUE,FALSE,FALSE,TRUE,FALSE,FALSE,FALSE,FALSE,FALSE,FALSE,FALSE,FALSE,3,relevante,TRUE,FALSE,FALSE,TRUE,FALSE,TRUE,FALSE,FALSE,FALSE,FALSE,FALSE,FALSE,FALSE,FALSE,3,FALSE,FALSE,TRUE,FALSE,FALSE,1,TRUE,TRUE,TRUE,3,FALSE
190002542887_J0001,190002542887,7,44,seca,nao_relevante,,,,,,,,,,,,,,,,nao_relevante,,,,,,,,,,,,,,,,FALSE,FALSE,FALSE,FALSE,FALSE,0,FALSE,FALSE,TRUE,,FALSE
190002542887_J0002,190002542887,17,41,encosta,relevante,FALSE,FALSE,FALSE,FALSE,FALSE,TRUE,FALSE,FALSE,FALSE,FALSE,FALSE,FALSE,FALSE,FALSE,1,relevante,,,,,,,,,,,,,,,,FALSE,FALSE,FALSE,FALSE,FALSE,0,TRUE,TRUE,TRUE,1,FALSE
190002542887_J0003,190002542887,24,67,alerta precoce,nao_relevante,,,,,,,,,,,,,,,,nao_relevante,,,,,,,,,,,,,,,,FALSE,FALSE,FALSE,FALSE,FALSE,0,FALSE,FALSE,TRUE,,FALSE
190002542887_J0004,190002542887,25,88,encosta,relevante,TRUE,FALSE,FALSE,FALSE,FALSE,TRUE,FALSE,FALSE,FALSE,FALSE,FALSE,FALSE,FALSE,FALSE,3,relevante,,,,,,,,,,,,,,,,FALSE,FALSE,FALSE,TRUE,FALSE,1,TRUE,TRUE,TRUE,3,FALSE
190002542887_J0005,190002542887,39,111,desastre; enchente; deslizament,relevante,TRUE,FALSE,FALSE,FALSE,TRUE,TRUE,FALSE,FALSE,FALSE,FALSE,FALSE,FALSE,FALSE,FALSE,2,relevante,,,,,,,,,,,,,,,,FALSE,FALSE,FALSE,FALSE,FALSE,0,TRUE,TRUE,TRUE,2,FALSE
190002542887_J0006,190002542887,40,116,desastre; eventos climaticos,relevante,TRUE,FALSE,FALSE,FALSE,FALSE,FALSE,FALSE,FALSE,FALSE,FALSE,FALSE,FALSE,FALSE,TRUE,2,relevante,,,,,,,,,,,,,,,,FALSE,FALSE,FALSE,FALSE,FALSE,0,TRUE,TRUE,TRUE,2,FALSE
190002542887_J0007,190002542887,41,64,drenagem; encosta,nao_relevante,,,,,,,,,,,,,,,,relevante,,,,,,,,,,,,,,,,FALSE,FALSE,FALSE,FALSE,FALSE,0,FALSE,TRUE,FALSE,,FALSE
190002542887_J0008,190002542887,48,224,enchente; deslizament; defesa civil; alagament; cemaden; alerta,relevante,TRUE,TRUE,FALSE,FALSE,TRUE,TRUE,FALSE,FALSE,FALSE,FALSE,FALSE,FALSE,FALSE,FALSE,3,relevante,TRUE,TRUE,FALSE,TRUE,TRUE,TRUE,FALSE,FALSE,FALSE,FALSE,FALSE,FALSE,FALSE,FALSE,2,FALSE,FALSE,FALSE,TRUE,TRUE,2,TRUE,TRUE,TRUE,3,FALSE
190002543380_J0001,190002543380,7,97,enchente; deslizament,relevante,TRUE,FALSE,TRUE,FALSE,TRUE,TRUE,FALSE,FALSE,FALSE,FALSE,FALSE,FALSE,FALSE,FALSE,3,relevante,,,,,,,,,,,,,,,,FALSE,FALSE,FALSE,FALSE,FALSE,0,TRUE,TRUE,TRUE,3,FALSE
190002544120_J0001,190002544120,41,65,resiliencia; resiliencia climatica; defesa civil,relevante,FALSE,FALSE,FALSE,FALSE,FALSE,FALSE,FALSE,FALSE,FALSE,FALSE,FALSE,FALSE,FALSE,TRUE,2,relevante,,,,,,,,,,,,,,,,FALSE,FALSE,FALSE,FALSE,TRUE,1,TRUE,TRUE,TRUE,2,FALSE
190002544120_J0002,190002544120,42,310,areas de risco; encosta; desastre; alerta; defesa civil; evento extremo,relevante,TRUE,FALSE,TRUE,FALSE,TRUE,TRUE,FALSE,FALSE,FALSE,FALSE,FALSE,FALSE,FALSE,FALSE,3,relevante,,,,,,,,,,,,,,,,FALSE,FALSE,TRUE,FALSE,TRUE,2,TRUE,TRUE,TRUE,3,FALSE
190002544120_J0003,190002544120,44,308,resiliencia; encosta; risco de desastre; areas de risco; drenagem; resiliencia climatica,relevante,TRUE,TRUE,FALSE,FALSE,TRUE,TRUE,FALSE,FALSE,FALSE,FALSE,FALSE,FALSE,FALSE,FALSE,3,relevante,,,,,,,,,,,,,,,,TRUE,FALSE,FALSE,FALSE,TRUE,2,TRUE,TRUE,TRUE,3,FALSE
190002544120_J0004,190002544120,73,101,encosta; deslizament; alagament,relevante,FALSE,FALSE,FALSE,FALSE,TRUE,TRUE,FALSE,FALSE,FALSE,FALSE,FALSE,FALSE,FALSE,FALSE,1,relevante,FALSE,FALSE,FALSE,FALSE,TRUE,TRUE,FALSE,FALSE,FALSE,FALSE,FALSE,FALSE,FALSE,FALSE,1,FALSE,FALSE,FALSE,FALSE,FALSE,0,TRUE,TRUE,TRUE,1,FALSE
190002544120_J0005,190002544120,74,101,encosta,relevante,TRUE,FALSE,FALSE,FALSE,FALSE,TRUE,FALSE,FALSE,FALSE,FALSE,FALSE,FALSE,FALSE,FALSE,2,relevante,TRUE,FALSE,FALSE,FALSE,FALSE,TRUE,FALSE,FALSE,FALSE,FALSE,FALSE,FALSE,FALSE,FALSE,2,FALSE,FALSE,FALSE,TRUE,FALSE,1,TRUE,TRUE,TRUE,2,FALSE
190002544120_J0006,190002544120,75,101,areas de risco,relevante,TRUE,FALSE,FALSE,FALSE,FALSE,FALSE,FALSE,FALSE,FALSE,FALSE,FALSE,FALSE,FALSE,FALSE,2,relevante,,,,,,,,,,,,,,,,FALSE,FALSE,FALSE,FALSE,FALSE,0,TRUE,TRUE,TRUE,2,FALSE
190002544120_J0007,190002544120,76,89,encosta; areas de risco; defesa civil,relevante,TRUE,FALSE,FALSE,FALSE,FALSE,TRUE,FALSE,FALSE,FALSE,FALSE,FALSE,FALSE,FALSE,FALSE,3,relevante,,,,,,,,,,,,,,,,FALSE,FALSE,FALSE,FALSE,TRUE,1,TRUE,TRUE,TRUE,3,FALSE
190002547272_J0001,190002547272,1,65,encosta,nao_relevante,,,,,,,,,,,,,,,,nao_relevante,,,,,,,,,,,,,,,,FALSE,FALSE,FALSE,FALSE,FALSE,0,FALSE,FALSE,TRUE,,FALSE
190002552513_J0001,190002552513,5,47,plano de emergencia,nao_relevante,,,,,,,,,,,,,,,,nao_relevante,,,,,,,,,,,,,,,,FALSE,FALSE,FALSE,FALSE,FALSE,0,FALSE,FALSE,TRUE,,FALSE
200002534001_J0001,200002534001,6,49,adaptacao climatica; resiliencia,relevante,FALSE,FALSE,FALSE,FALSE,FALSE,FALSE,FALSE,FALSE,FALSE,FALSE,FALSE,FALSE,FALSE,FALSE,2,relevante,FALSE,FALSE,FALSE,TRUE,FALSE,FALSE,FALSE,FALSE,FALSE,FALSE,FALSE,FALSE,FALSE,FALSE,0,FALSE,FALSE,FALSE,FALSE,FALSE,0,TRUE,TRUE,TRUE,2,FALSE
200002534001_J0002,200002534001,17,53,gestao de risco,nao_relevante,,,,,,,,,,,,,,,,nao_relevante,,,,,,,,,,,,,,,,FALSE,FALSE,FALSE,FALSE,FALSE,0,FALSE,FALSE,TRUE,,FALSE
200002534001_J0003,200002534001,21,83,secas; enchente,relevante,FALSE,FALSE,FALSE,FALSE,TRUE,FALSE,TRUE,FALSE,FALSE,FALSE,FALSE,FALSE,FALSE,FALSE,1,relevante,,,,,,,,,,,,,,,,FALSE,FALSE,FALSE,FALSE,FALSE,0,TRUE,TRUE,TRUE,1,FALSE
200002534001_J0004,200002534001,31,49,mudancas climaticas,clima_geral,,,,,,,,,,,,,,,,clima_geral,,,,,,,,,,,,,,,,FALSE,FALSE,FALSE,FALSE,FALSE,0,FALSE,FALSE,TRUE,,FALSE
200002534001_J0005,200002534001,61,44,drenagem; secas,relevante,TRUE,FALSE,FALSE,FALSE,TRUE,FALSE,TRUE,FALSE,FALSE,FALSE,FALSE,FALSE,FALSE,FALSE,1,relevante,,,,,,,,,,,,,,,,FALSE,FALSE,FALSE,FALSE,FALSE,0,TRUE,TRUE,TRUE,1,FALSE
200002534001_J0006,200002534001,62,93,resiliencia; secas; drenagem; adaptacao climatica; eventos extremos,relevante,TRUE,FALSE,FALSE,FALSE,FALSE,FALSE,TRUE,FALSE,FALSE,FALSE,FALSE,FALSE,FALSE,FALSE,2,relevante,,,,,,,,,,,,,,,,FALSE,FALSE,FALSE,FALSE,FALSE,0,TRUE,TRUE,TRUE,2,FALSE
200002534001_J0007,200002534001,63,59,secas; eventos climaticos; vulnerabilidade,relevante,TRUE,FALSE,FALSE,FALSE,TRUE,FALSE,TRUE,FALSE,FALSE,FALSE,FALSE,FALSE,FALSE,FALSE,2,relevante,TRUE,FALSE,FALSE,TRUE,TRUE,FALSE,TRUE,FALSE,FALSE,FALSE,FALSE,FALSE,FALSE,FALSE,2,FALSE,FALSE,FALSE,FALSE,FALSE,0,TRUE,TRUE,TRUE,2,FALSE
200002534001_J0008,200002534001,70,192,resiliencia climatica; mudancas climaticas,clima_geral,,,,,,,,,,,,,,,,clima_geral,,,,,,,,,,,,,,,,FALSE,FALSE,FALSE,FALSE,FALSE,0,FALSE,FALSE,TRUE,,FALSE
200002534001_J0009,200002534001,71,58,adaptacao climatica; secas; calor extremo; erosao costeira,relevante,TRUE,FALSE,FALSE,FALSE,TRUE,FALSE,TRUE,FALSE,TRUE,FALSE,TRUE,FALSE,FALSE,FALSE,2,relevante,,,,,,,,,,,,,,,,FALSE,FALSE,FALSE,FALSE,FALSE,0,TRUE,TRUE,TRUE,2,FALSE
200002534001_J0010,200002534001,71,20,eventos extremos,relevante,TRUE,FALSE,FALSE,FALSE,FALSE,FALSE,FALSE,FALSE,FALSE,FALSE,FALSE,FALSE,FALSE,TRUE,2,relevante,,,,,,,,,,,,,,,,FALSE,FALSE,FALSE,FALSE,FALSE,0,TRUE,TRUE,TRUE,2,FALSE
200002534001_J0011,200002534001,71,106,adaptacao climatica,relevante,FALSE,FALSE,FALSE,FALSE,FALSE,FALSE,FALSE,FALSE,FALSE,FALSE,FALSE,FALSE,FALSE,FALSE,0,relevante,,,,,,,,,,,,,,,,FALSE,FALSE,FALSE,FALSE,FALSE,0,TRUE,TRUE,TRUE,0,FALSE
200002534001_J0012,200002534001,71,128,escassez hidrica; drenagem; mudancas climaticas; secas; calor extremo; erosao costeira,relevante,TRUE,FALSE,FALSE,TRUE,TRUE,FALSE,TRUE,FALSE,TRUE,FALSE,TRUE,FALSE,FALSE,FALSE,1,relevante,,,,,,,,,,,,,,,,FALSE,FALSE,FALSE,FALSE,FALSE,0,TRUE,TRUE,TRUE,1,FALSE
200002534001_J0013,200002534001,72,91,adaptacao climatica; drenagem; resiliencia; desastre; eventos extremos,relevante,TRUE,FALSE,FALSE,FALSE,FALSE,FALSE,FALSE,FALSE,FALSE,FALSE,FALSE,FALSE,FALSE,TRUE,3,relevante,TRUE,FALSE,FALSE,TRUE,FALSE,FALSE,TRUE,FALSE,FALSE,FALSE,FALSE,FALSE,FALSE,TRUE,2,FALSE,FALSE,FALSE,FALSE,FALSE,0,TRUE,TRUE,TRUE,3,FALSE
200002534001_J0014,200002534001,73,59,secas; calor extremo; erosao costeira,relevante,TRUE,FALSE,FALSE,FALSE,TRUE,FALSE,TRUE,FALSE,TRUE,FALSE,TRUE,FALSE,FALSE,FALSE,2,relevante,,,,,,,,,,,,,,,,FALSE,FALSE,FALSE,FALSE,FALSE,0,TRUE,TRUE,TRUE,2,FALSE
200002534442_J0001,200002534442,3,21,resiliencia climatica,clima_geral,,,,,,,,,,,,,,,,clima_geral,,,,,,,,,,,,,,,,FALSE,FALSE,FALSE,FALSE,FALSE,0,FALSE,FALSE,TRUE,,FALSE
200002534442_J0002,200002534442,30,105,mudancas climaticas,clima_geral,,,,,,,,,,,,,,,,relevante,,,,,,,,,,,,,,,,FALSE,FALSE,FALSE,FALSE,FALSE,0,FALSE,TRUE,FALSE,,FALSE
200002534442_J0003,200002534442,31,66,cheia,nao_relevante,,,,,,,,,,,,,,,,nao_relevante,,,,,,,,,,,,,,,,FALSE,FALSE,FALSE,FALSE,FALSE,0,FALSE,FALSE,TRUE,,FALSE
200002534442_J0004,200002534442,43,58,gestao de risco,nao_relevante,,,,,,,,,,,,,,,,nao_relevante,,,,,,,,,,,,,,,,FALSE,FALSE,FALSE,TRUE,FALSE,1,FALSE,FALSE,TRUE,,FALSE
200002534442_J0005,200002534442,50,88,desastre; mudancas climaticas; drenagem; encosta,relevante,TRUE,FALSE,FALSE,TRUE,FALSE,TRUE,FALSE,FALSE,FALSE,FALSE,FALSE,FALSE,FALSE,FALSE,3,relevante,,,,,,,,,,,,,,,,FALSE,FALSE,FALSE,FALSE,FALSE,0,TRUE,TRUE,TRUE,3,FALSE
200002534442_J0006,200002534442,50,86,mudancas climaticas,relevante,TRUE,FALSE,FALSE,TRUE,FALSE,FALSE,FALSE,FALSE,FALSE,FALSE,FALSE,FALSE,FALSE,TRUE,3,relevante,,,,,,,,,,,,,,,,FALSE,FALSE,TRUE,FALSE,FALSE,1,TRUE,TRUE,TRUE,3,FALSE
200002534442_J0007,200002534442,51,162,resiliencia; contingencia; seca; barragens; defesa civil,relevante,TRUE,FALSE,FALSE,FALSE,FALSE,FALSE,TRUE,FALSE,FALSE,FALSE,FALSE,TRUE,FALSE,FALSE,3,relevante,TRUE,FALSE,FALSE,FALSE,FALSE,FALSE,TRUE,FALSE,FALSE,FALSE,FALSE,TRUE,FALSE,FALSE,3,FALSE,FALSE,FALSE,TRUE,TRUE,2,TRUE,TRUE,TRUE,3,FALSE
200002534442_J0008,200002534442,56,105,mudancas climaticas,relevante,TRUE,FALSE,FALSE,TRUE,FALSE,FALSE,FALSE,FALSE,FALSE,FALSE,FALSE,FALSE,FALSE,FALSE,2,relevante,FALSE,FALSE,FALSE,TRUE,FALSE,FALSE,FALSE,FALSE,FALSE,FALSE,FALSE,FALSE,FALSE,FALSE,2,FALSE,FALSE,FALSE,FALSE,FALSE,0,TRUE,TRUE,TRUE,2,FALSE
200002534442_J0009,200002534442,63,121,gestao de risco,nao_relevante,,,,,,,,,,,,,,,,nao_relevante,,,,,,,,,,,,,,,,FALSE,FALSE,FALSE,TRUE,FALSE,1,FALSE,FALSE,TRUE,,FALSE
200002534442_J0010,200002534442,67,163,incendios; desastre; defesa civil,relevante,TRUE,TRUE,FALSE,FALSE,FALSE,FALSE,FALSE,FALSE,FALSE,FALSE,FALSE,FALSE,FALSE,TRUE,3,relevante,,,,,,,,,,,,,,,,FALSE,FALSE,FALSE,FALSE,TRUE,1,TRUE,TRUE,TRUE,3,FALSE
200002534442_J0011,200002534442,71,109,calamidade; vulnerabilidade,nao_relevante,,,,,,,,,,,,,,,,relevante,,,,,,,,,,,,,,,,FALSE,FALSE,FALSE,FALSE,FALSE,0,FALSE,TRUE,FALSE,,FALSE
200002534442_J0012,200002534442,72,114,vulnerabilidade; calamidade; defesa civil,relevante,TRUE,TRUE,FALSE,FALSE,FALSE,FALSE,FALSE,FALSE,FALSE,FALSE,FALSE,FALSE,FALSE,TRUE,3,relevante,,,,,,,,,,,,,,,,FALSE,FALSE,FALSE,FALSE,TRUE,1,TRUE,TRUE,TRUE,3,FALSE
200002534442_J0013,200002534442,81,124,resiliencia climatica; mudancas climaticas; desertificac,relevante,TRUE,FALSE,FALSE,FALSE,FALSE,FALSE,TRUE,FALSE,FALSE,FALSE,FALSE,FALSE,FALSE,FALSE,2,relevante,FALSE,FALSE,FALSE,TRUE,FALSE,FALSE,TRUE,FALSE,FALSE,FALSE,FALSE,FALSE,FALSE,FALSE,0,FALSE,FALSE,FALSE,FALSE,FALSE,0,TRUE,TRUE,TRUE,2,FALSE
200002534442_J0014,200002534442,83,68,drenagem; adaptacao climatica,relevante,TRUE,FALSE,FALSE,FALSE,FALSE,FALSE,FALSE,FALSE,FALSE,FALSE,FALSE,FALSE,FALSE,FALSE,1,relevante,FALSE,FALSE,FALSE,TRUE,FALSE,FALSE,FALSE,FALSE,FALSE,FALSE,FALSE,FALSE,FALSE,FALSE,1,FALSE,FALSE,FALSE,FALSE,FALSE,0,TRUE,TRUE,TRUE,1,FALSE
200002534442_J0015,200002534442,84,216,mudancas climaticas; secas; desertificac; erosao costeira; enchente; ondas de calor,relevante,TRUE,FALSE,FALSE,TRUE,TRUE,FALSE,TRUE,FALSE,TRUE,FALSE,TRUE,FALSE,FALSE,FALSE,3,relevante,TRUE,FALSE,FALSE,TRUE,TRUE,FALSE,TRUE,FALSE,TRUE,FALSE,TRUE,FALSE,FALSE,FALSE,3,FALSE,FALSE,FALSE,TRUE,FALSE,1,TRUE,TRUE,TRUE,3,FALSE
200002534442_J0016,200002534442,85,183,queimada; mudancas climaticas; erosao,relevante,TRUE,FALSE,FALSE,TRUE,FALSE,FALSE,FALSE,TRUE,FALSE,FALSE,TRUE,FALSE,FALSE,FALSE,3,relevante,,,,,,,,,,,,,,,,FALSE,FALSE,FALSE,TRUE,FALSE,1,TRUE,TRUE,TRUE,3,FALSE
200002534442_J0017,200002534442,88,122,desastre; enchente; secas; incendios; defesa civil; vulnerabilidade,relevante,FALSE,TRUE,FALSE,FALSE,TRUE,FALSE,TRUE,TRUE,FALSE,FALSE,FALSE,FALSE,FALSE,FALSE,3,relevante,FALSE,TRUE,FALSE,FALSE,TRUE,FALSE,TRUE,TRUE,FALSE,FALSE,FALSE,FALSE,FALSE,FALSE,3,FALSE,FALSE,FALSE,FALSE,TRUE,1,TRUE,TRUE,TRUE,3,FALSE
200002534442_J0018,200002534442,92,47,mudancas climaticas,relevante,TRUE,FALSE,FALSE,TRUE,FALSE,FALSE,FALSE,FALSE,FALSE,FALSE,FALSE,FALSE,FALSE,TRUE,2,relevante,,,,,,,,,,,,,,,,FALSE,FALSE,FALSE,FALSE,FALSE,0,TRUE,TRUE,TRUE,2,FALSE
200002535255_J0001,200002535255,18,139,alerta precoce,nao_relevante,,,,,,,,,,,,,,,,nao_relevante,,,,,,,,,,,,,,,,FALSE,FALSE,FALSE,FALSE,FALSE,0,FALSE,FALSE,TRUE,,FALSE
200002535255_J0002,200002535255,23,92,defesa civil; incendios; alerta; contingencia,relevante,FALSE,FALSE,FALSE,FALSE,FALSE,FALSE,FALSE,FALSE,FALSE,FALSE,FALSE,FALSE,FALSE,FALSE,3,relevante,,,,,,,,,,,,,,,,FALSE,FALSE,FALSE,FALSE,TRUE,1,TRUE,TRUE,TRUE,3,FALSE
200002535255_J0003,200002535255,26,84,drenagem; enchente; erosao; riscos climaticos,relevante,TRUE,FALSE,TRUE,FALSE,TRUE,FALSE,FALSE,FALSE,FALSE,FALSE,FALSE,FALSE,FALSE,FALSE,2,relevante,,,,,,,,,,,,,,,,FALSE,FALSE,FALSE,FALSE,FALSE,0,TRUE,TRUE,TRUE,2,FALSE
200002535255_J0004,200002535255,29,60,resiliencia; secas,relevante,TRUE,FALSE,FALSE,TRUE,FALSE,FALSE,TRUE,FALSE,FALSE,FALSE,FALSE,FALSE,FALSE,FALSE,3,relevante,,,,,,,,,,,,,,,,FALSE,FALSE,FALSE,FALSE,FALSE,0,TRUE,TRUE,TRUE,3,FALSE
200002542481_J0001,200002542481,4,28,seca; barragens,relevante,TRUE,FALSE,FALSE,FALSE,FALSE,FALSE,TRUE,FALSE,FALSE,FALSE,FALSE,FALSE,FALSE,FALSE,2,relevante,,,,,,,,,,,,,,,,FALSE,FALSE,FALSE,FALSE,FALSE,0,TRUE,TRUE,TRUE,2,FALSE
200002546757_J0001,200002546757,5,99,mudancas climaticas,clima_geral,,,,,,,,,,,,,,,,clima_geral,,,,,,,,,,,,,,,,FALSE,FALSE,FALSE,FALSE,FALSE,0,FALSE,FALSE,TRUE,,FALSE
200002546757_J0002,200002546757,11,63,vulnerabilidade; areas de risco; encosta,relevante,TRUE,FALSE,FALSE,FALSE,FALSE,TRUE,FALSE,FALSE,FALSE,FALSE,FALSE,FALSE,FALSE,FALSE,4,relevante,TRUE,FALSE,FALSE,FALSE,FALSE,TRUE,FALSE,FALSE,FALSE,FALSE,FALSE,FALSE,FALSE,FALSE,2,FALSE,FALSE,TRUE,FALSE,FALSE,1,TRUE,TRUE,TRUE,4,FALSE
200002547826_J0001,200002547826,8,38,seca,relevante,TRUE,FALSE,FALSE,FALSE,FALSE,FALSE,TRUE,FALSE,FALSE,FALSE,FALSE,FALSE,FALSE,FALSE,2,relevante,,,,,,,,,,,,,,,,FALSE,FALSE,FALSE,FALSE,FALSE,0,TRUE,TRUE,TRUE,2,FALSE
20002539642_J0001,20002539642,5,93,drenagem; enchente; areas de risco,relevante,TRUE,FALSE,FALSE,FALSE,TRUE,FALSE,FALSE,FALSE,FALSE,FALSE,FALSE,FALSE,FALSE,FALSE,3,relevante,,,,,,,,,,,,,,,,FALSE,FALSE,FALSE,FALSE,FALSE,0,TRUE,TRUE,TRUE,3,FALSE
20002539642_J0002,20002539642,11,54,eventos climaticos; alerta; defesa civil; crise climatica,relevante,TRUE,FALSE,FALSE,FALSE,FALSE,FALSE,FALSE,FALSE,FALSE,FALSE,FALSE,FALSE,FALSE,TRUE,3,relevante,,,,,,,,,,,,,,,,FALSE,FALSE,FALSE,TRUE,TRUE,2,TRUE,TRUE,TRUE,3,FALSE
20002539642_J0003,20002539642,13,108,calamidade; vulnerabilidade,nao_relevante,,,,,,,,,,,,,,,,relevante,,,,,,,,,,,,,,,,FALSE,FALSE,FALSE,FALSE,FALSE,0,FALSE,TRUE,FALSE,,FALSE
20002553350_J0001,20002553350,11,112,enchente; riscos climaticos; seca; inundac; deslizament; erosao costeira,relevante,FALSE,FALSE,FALSE,FALSE,TRUE,TRUE,TRUE,FALSE,FALSE,FALSE,TRUE,FALSE,FALSE,FALSE,1,relevante,FALSE,FALSE,FALSE,FALSE,TRUE,TRUE,TRUE,FALSE,FALSE,FALSE,TRUE,FALSE,FALSE,FALSE,1,FALSE,TRUE,FALSE,FALSE,FALSE,1,TRUE,TRUE,TRUE,1,FALSE
20002553350_J0002,20002553350,41,98,enchente; secas; erosao costeira; eventos extremos,relevante,TRUE,FALSE,FALSE,TRUE,TRUE,FALSE,TRUE,FALSE,FALSE,FALSE,TRUE,FALSE,FALSE,FALSE,1,relevante,,,,,,,,,,,,,,,,FALSE,FALSE,FALSE,FALSE,FALSE,0,TRUE,TRUE,TRUE,1,FALSE
20002553350_J0003,20002553350,41,119,erosao costeira; enchente; secas; mudancas climaticas,relevante,FALSE,FALSE,TRUE,TRUE,TRUE,FALSE,TRUE,FALSE,FALSE,FALSE,TRUE,FALSE,FALSE,FALSE,3,relevante,,,,,,,,,,,,,,,,FALSE,TRUE,FALSE,FALSE,FALSE,1,TRUE,TRUE,TRUE,3,FALSE
20002553350_J0004,20002553350,41,77,erosao costeira,clima_geral,,,,,,,,,,,,,,,,clima_geral,,,,,,,,,,,,,,,,FALSE,FALSE,FALSE,FALSE,FALSE,0,FALSE,FALSE,TRUE,,FALSE
20002553350_J0005,20002553350,42,94,enchente; secas; ondas de calor; mudancas climaticas; adaptacao climatica; alerta,relevante,TRUE,FALSE,FALSE,TRUE,TRUE,FALSE,TRUE,FALSE,TRUE,FALSE,FALSE,FALSE,FALSE,FALSE,3,relevante,,,,,,,,,,,,,,,,FALSE,FALSE,FALSE,FALSE,TRUE,1,TRUE,TRUE,TRUE,3,FALSE
20002553350_J0006,20002553350,43,83,seca,relevante,TRUE,FALSE,FALSE,FALSE,FALSE,FALSE,TRUE,FALSE,FALSE,FALSE,FALSE,FALSE,FALSE,FALSE,3,relevante,TRUE,FALSE,FALSE,FALSE,FALSE,FALSE,TRUE,FALSE,FALSE,FALSE,FALSE,FALSE,FALSE,FALSE,0,FALSE,FALSE,FALSE,FALSE,FALSE,0,TRUE,TRUE,TRUE,3,FALSE
20002553350_J0007,20002553350,44,139,drenagem; enchente; area de risco,relevante,TRUE,FALSE,FALSE,FALSE,TRUE,FALSE,FALSE,FALSE,FALSE,FALSE,FALSE,FALSE,FALSE,FALSE,2,relevante,,,,,,,,,,,,,,,,FALSE,FALSE,FALSE,FALSE,FALSE,0,TRUE,TRUE,TRUE,2,FALSE
20002553350_J0008,20002553350,45,154,drenagem; encosta; areas de risco,relevante,TRUE,FALSE,FALSE,FALSE,FALSE,TRUE,FALSE,FALSE,FALSE,FALSE,FALSE,FALSE,FALSE,FALSE,3,relevante,,,,,,,,,,,,,,,,FALSE,FALSE,FALSE,FALSE,FALSE,0,TRUE,TRUE,TRUE,3,FALSE
20002553350_J0009,20002553350,45,162,drenagem; encosta; enchente; alagament; mudancas climaticas; areas de risco,relevante,TRUE,FALSE,FALSE,FALSE,TRUE,TRUE,FALSE,FALSE,FALSE,FALSE,FALSE,FALSE,FALSE,FALSE,3,relevante,TRUE,FALSE,FALSE,TRUE,TRUE,TRUE,FALSE,FALSE,FALSE,FALSE,FALSE,FALSE,FALSE,FALSE,2,FALSE,FALSE,FALSE,FALSE,FALSE,0,TRUE,TRUE,TRUE,3,FALSE
20002553745_J0001,20002553745,6,33,mudancas climaticas,relevante,TRUE,FALSE,FALSE,TRUE,FALSE,FALSE,FALSE,FALSE,FALSE,FALSE,FALSE,FALSE,FALSE,TRUE,2,relevante,,,,,,,,,,,,,,,,FALSE,FALSE,FALSE,FALSE,FALSE,0,TRUE,TRUE,TRUE,2,FALSE
20002553745_J0002,20002553745,9,32,desastre,relevante,TRUE,TRUE,TRUE,FALSE,FALSE,FALSE,FALSE,FALSE,FALSE,FALSE,FALSE,FALSE,FALSE,TRUE,3,relevante,,,,,,,,,,,,,,,,FALSE,FALSE,FALSE,FALSE,FALSE,0,TRUE,TRUE,TRUE,3,FALSE
20002553745_J0003,20002553745,10,52,defesa civil,nao_relevante,,,,,,,,,,,,,,,,nao_relevante,,,,,,,,,,,,,,,,FALSE,FALSE,FALSE,TRUE,TRUE,2,FALSE,FALSE,TRUE,,FALSE
20002553745_J0004,20002553745,21,95,encosta; vulnerabilidade; areas de risco,relevante,TRUE,FALSE,FALSE,FALSE,FALSE,FALSE,FALSE,FALSE,FALSE,FALSE,FALSE,FALSE,FALSE,TRUE,2,relevante,,,,,,,,,,,,,,,,FALSE,TRUE,FALSE,FALSE,TRUE,2,TRUE,TRUE,TRUE,2,FALSE
20002553745_J0005,20002553745,24,156,calor extremo; seca; desastre; resiliencia,relevante,TRUE,FALSE,FALSE,FALSE,TRUE,FALSE,TRUE,FALSE,TRUE,FALSE,TRUE,FALSE,FALSE,FALSE,2,relevante,,,,,,,,,,,,,,,,FALSE,FALSE,FALSE,FALSE,FALSE,0,TRUE,TRUE,TRUE,2,FALSE
20002553745_J0006,20002553745,25,121,adaptacao climatica; riscos climaticos; desertificac; erosao costeira,relevante,TRUE,FALSE,FALSE,FALSE,FALSE,FALSE,FALSE,FALSE,FALSE,FALSE,TRUE,FALSE,FALSE,FALSE,3,relevante,,,,,,,,,,,,,,,,FALSE,FALSE,FALSE,FALSE,FALSE,0,TRUE,TRUE,TRUE,3,FALSE
20002553745_J0007,20002553745,25,127,adaptacao climatica; alerta; defesa civil; seca; risco climatico; drenagem,relevante,TRUE,FALSE,FALSE,TRUE,FALSE,TRUE,TRUE,TRUE,FALSE,FALSE,FALSE,FALSE,FALSE,FALSE,3,relevante,,,,,,,,,,,,,,,,FALSE,FALSE,FALSE,TRUE,TRUE,2,TRUE,TRUE,TRUE,3,FALSE
20002553745_J0008,20002553745,26,37,adaptacao climatica,clima_geral,,,,,,,,,,,,,,,,relevante,,,,,,,,,,,,,,,,FALSE,FALSE,FALSE,FALSE,FALSE,0,FALSE,TRUE,FALSE,,FALSE
20002553745_J0009,20002553745,33,34,mudancas climaticas,clima_geral,,,,,,,,,,,,,,,,clima_geral,,,,,,,,,,,,,,,,FALSE,FALSE,FALSE,FALSE,FALSE,0,FALSE,FALSE,TRUE,,FALSE
210002533355_J0001,210002533355,3,412,desastre; enchente; cheias,relevante,TRUE,FALSE,TRUE,FALSE,TRUE,FALSE,FALSE,FALSE,FALSE,FALSE,FALSE,FALSE,FALSE,FALSE,1,relevante,,,,,,,,,,,,,,,,TRUE,TRUE,TRUE,FALSE,FALSE,3,TRUE,TRUE,TRUE,1,FALSE
210002533355_J0002,210002533355,6,259,enchente; cheias; inundac,relevante,TRUE,FALSE,TRUE,FALSE,TRUE,FALSE,FALSE,FALSE,FALSE,FALSE,FALSE,FALSE,FALSE,FALSE,3,relevante,,,,,,,,,,,,,,,,FALSE,FALSE,FALSE,FALSE,FALSE,0,TRUE,TRUE,TRUE,3,FALSE
210002535802_J0001,210002535802,2,76,resiliencia climatica,clima_geral,,,,,,,,,,,,,,,,clima_geral,,,,,,,,,,,,,,,,FALSE,FALSE,FALSE,FALSE,FALSE,0,FALSE,FALSE,TRUE,,FALSE
210002535802_J0002,210002535802,2,48,cheias,relevante,FALSE,FALSE,FALSE,FALSE,TRUE,FALSE,FALSE,FALSE,FALSE,FALSE,FALSE,FALSE,FALSE,FALSE,2,relevante,FALSE,FALSE,FALSE,FALSE,TRUE,FALSE,FALSE,FALSE,FALSE,FALSE,FALSE,FALSE,FALSE,FALSE,0,FALSE,FALSE,FALSE,FALSE,FALSE,0,TRUE,TRUE,TRUE,2,FALSE
210002535802_J0003,210002535802,3,22,defesa civil; resiliencia climatica,relevante,FALSE,FALSE,FALSE,FALSE,FALSE,FALSE,FALSE,FALSE,FALSE,FALSE,FALSE,FALSE,FALSE,TRUE,2,relevante,,,,,,,,,,,,,,,,FALSE,FALSE,FALSE,FALSE,TRUE,1,TRUE,TRUE,TRUE,2,FALSE
210002535802_J0004,210002535802,4,21,enchente,relevante,FALSE,FALSE,FALSE,FALSE,TRUE,FALSE,TRUE,FALSE,FALSE,FALSE,FALSE,FALSE,FALSE,FALSE,1,relevante,,,,,,,,,,,,,,,,FALSE,FALSE,FALSE,FALSE,FALSE,0,TRUE,TRUE,TRUE,1,FALSE
210002535802_J0005,210002535802,4,37,seca,relevante,FALSE,FALSE,FALSE,FALSE,TRUE,FALSE,TRUE,FALSE,FALSE,FALSE,FALSE,FALSE,FALSE,FALSE,1,relevante,,,,,,,,,,,,,,,,FALSE,FALSE,FALSE,FALSE,FALSE,0,TRUE,TRUE,TRUE,1,FALSE
210002535802_J0006,210002535802,5,53,resiliencia climatica,clima_geral,,,,,,,,,,,,,,,,clima_geral,,,,,,,,,,,,,,,,FALSE,FALSE,FALSE,FALSE,FALSE,0,FALSE,FALSE,TRUE,,FALSE
210002535802_J0007,210002535802,5,153,resiliencia climatica; enchente,relevante,TRUE,FALSE,FALSE,FALSE,TRUE,FALSE,FALSE,FALSE,FALSE,FALSE,FALSE,FALSE,FALSE,FALSE,2,relevante,FALSE,FALSE,FALSE,TRUE,TRUE,FALSE,FALSE,FALSE,FALSE,FALSE,FALSE,FALSE,FALSE,FALSE,2,FALSE,FALSE,FALSE,FALSE,FALSE,0,TRUE,TRUE,TRUE,2,FALSE
210002535802_J0008,210002535802,10,17,adaptacao climatica,relevante,FALSE,FALSE,FALSE,TRUE,FALSE,FALSE,FALSE,FALSE,FALSE,FALSE,FALSE,FALSE,FALSE,FALSE,3,relevante,FALSE,FALSE,FALSE,TRUE,FALSE,FALSE,FALSE,FALSE,FALSE,FALSE,FALSE,FALSE,FALSE,FALSE,2,FALSE,FALSE,FALSE,FALSE,FALSE,0,TRUE,TRUE,TRUE,3,FALSE
210002535802_J0009,210002535802,10,13,eventos climaticos,relevante,FALSE,TRUE,FALSE,FALSE,FALSE,FALSE,FALSE,FALSE,FALSE,FALSE,FALSE,FALSE,FALSE,TRUE,3,relevante,,,,,,,,,,,,,,,,FALSE,FALSE,FALSE,FALSE,FALSE,0,TRUE,TRUE,TRUE,3,FALSE
210002535802_J0010,210002535802,10,38,gestao de risco; cheias,relevante,TRUE,FALSE,FALSE,FALSE,TRUE,FALSE,FALSE,FALSE,FALSE,FALSE,FALSE,FALSE,FALSE,FALSE,2,relevante,,,,,,,,,,,,,,,,FALSE,FALSE,FALSE,FALSE,FALSE,0,TRUE,TRUE,TRUE,2,FALSE
210002535802_J0011,210002535802,11,28,secas,relevante,TRUE,FALSE,FALSE,FALSE,FALSE,FALSE,TRUE,FALSE,FALSE,FALSE,FALSE,FALSE,FALSE,FALSE,3,relevante,,,,,,,,,,,,,,,,FALSE,FALSE,FALSE,FALSE,FALSE,0,TRUE,TRUE,TRUE,3,FALSE
210002535802_J0012,210002535802,12,70,enchente,relevante,FALSE,FALSE,FALSE,FALSE,TRUE,FALSE,FALSE,FALSE,FALSE,FALSE,FALSE,FALSE,FALSE,FALSE,2,relevante,,,,,,,,,,,,,,,,FALSE,FALSE,FALSE,FALSE,FALSE,0,TRUE,TRUE,TRUE,2,FALSE
210002535802_J0013,210002535802,12,34,enchente; secas,relevante,TRUE,FALSE,FALSE,FALSE,TRUE,FALSE,TRUE,FALSE,FALSE,FALSE,FALSE,FALSE,FALSE,FALSE,2,relevante,,,,,,,,,,,,,,,,FALSE,FALSE,FALSE,FALSE,FALSE,0,TRUE,TRUE,TRUE,2,FALSE
210002535802_J0014,210002535802,13,71,eventos climaticos,relevante,FALSE,FALSE,TRUE,FALSE,FALSE,FALSE,FALSE,FALSE,FALSE,FALSE,FALSE,FALSE,FALSE,TRUE,0,relevante,FALSE,FALSE,TRUE,FALSE,FALSE,FALSE,FALSE,FALSE,FALSE,FALSE,FALSE,FALSE,FALSE,TRUE,1,FALSE,FALSE,FALSE,FALSE,FALSE,0,TRUE,TRUE,TRUE,0,FALSE
210002535802_J0015,210002535802,13,77,eventos climaticos,relevante,FALSE,FALSE,FALSE,FALSE,FALSE,FALSE,FALSE,FALSE,FALSE,FALSE,FALSE,FALSE,FALSE,TRUE,2,relevante,FALSE,FALSE,FALSE,FALSE,FALSE,FALSE,FALSE,FALSE,FALSE,FALSE,FALSE,FALSE,FALSE,TRUE,0,FALSE,FALSE,TRUE,FALSE,FALSE,1,TRUE,TRUE,TRUE,2,FALSE
210002535802_J0016,210002535802,13,16,cheias,relevante,FALSE,FALSE,FALSE,FALSE,TRUE,FALSE,FALSE,FALSE,FALSE,FALSE,FALSE,FALSE,FALSE,FALSE,2,relevante,,,,,,,,,,,,,,,,FALSE,FALSE,FALSE,FALSE,FALSE,0,TRUE,TRUE,TRUE,2,FALSE
210002535802_J0017,210002535802,14,50,riscos climaticos,relevante,FALSE,FALSE,FALSE,FALSE,FALSE,FALSE,FALSE,FALSE,FALSE,FALSE,FALSE,FALSE,FALSE,TRUE,2,relevante,,,,,,,,,,,,,,,,FALSE,FALSE,FALSE,FALSE,FALSE,0,TRUE,TRUE,TRUE,2,FALSE
210002535802_J0018,210002535802,14,26,resiliencia climatica,clima_geral,,,,,,,,,,,,,,,,clima_geral,,,,,,,,,,,,,,,,FALSE,FALSE,FALSE,FALSE,FALSE,0,FALSE,FALSE,TRUE,,FALSE
210002535802_J0019,210002535802,15,51,riscos climaticos,relevante,FALSE,FALSE,FALSE,FALSE,FALSE,FALSE,FALSE,FALSE,FALSE,FALSE,FALSE,FALSE,FALSE,TRUE,2,relevante,,,,,,,,,,,,,,,,FALSE,FALSE,FALSE,FALSE,FALSE,0,TRUE,TRUE,TRUE,2,FALSE
210002535802_J0020,210002535802,16,25,resiliencia climatica,clima_geral,,,,,,,,,,,,,,,,clima_geral,,,,,,,,,,,,,,,,FALSE,FALSE,FALSE,FALSE,FALSE,0,FALSE,FALSE,TRUE,,FALSE
210002535802_J0021,210002535802,17,47,riscos climaticos,relevante,FALSE,FALSE,FALSE,FALSE,FALSE,FALSE,FALSE,FALSE,FALSE,FALSE,FALSE,FALSE,FALSE,TRUE,2,relevante,FALSE,FALSE,FALSE,FALSE,FALSE,FALSE,FALSE,FALSE,FALSE,FALSE,FALSE,FALSE,FALSE,TRUE,2,FALSE,FALSE,FALSE,FALSE,FALSE,0,TRUE,TRUE,TRUE,2,FALSE
210002535802_J0022,210002535802,18,35,resiliencia climatica,clima_geral,,,,,,,,,,,,,,,,clima_geral,,,,,,,,,,,,,,,,FALSE,FALSE,FALSE,FALSE,FALSE,0,FALSE,FALSE,TRUE,,FALSE
210002535802_J0023,210002535802,19,45,riscos climaticos,relevante,FALSE,FALSE,FALSE,FALSE,FALSE,FALSE,FALSE,FALSE,FALSE,FALSE,FALSE,FALSE,FALSE,TRUE,2,relevante,,,,,,,,,,,,,,,,FALSE,FALSE,FALSE,FALSE,FALSE,0,TRUE,TRUE,TRUE,2,FALSE
210002535802_J0024,210002535802,20,24,resiliencia climatica,clima_geral,,,,,,,,,,,,,,,,clima_geral,,,,,,,,,,,,,,,,FALSE,FALSE,FALSE,FALSE,FALSE,0,FALSE,FALSE,TRUE,,FALSE
210002535802_J0025,210002535802,21,48,riscos climaticos,relevante,FALSE,FALSE,FALSE,FALSE,FALSE,FALSE,FALSE,FALSE,FALSE,FALSE,FALSE,FALSE,FALSE,TRUE,2,relevante,FALSE,FALSE,FALSE,FALSE,FALSE,FALSE,FALSE,FALSE,FALSE,FALSE,FALSE,FALSE,FALSE,FALSE,2,FALSE,FALSE,FALSE,FALSE,FALSE,0,TRUE,TRUE,TRUE,2,FALSE
210002535802_J0026,210002535802,22,24,resiliencia climatica,clima_geral,,,,,,,,,,,,,,,,clima_geral,,,,,,,,,,,,,,,,FALSE,FALSE,FALSE,FALSE,FALSE,0,FALSE,FALSE,TRUE,,FALSE
210002535802_J0027,210002535802,26,73,riscos climaticos,relevante,FALSE,FALSE,FALSE,FALSE,FALSE,FALSE,FALSE,FALSE,FALSE,FALSE,FALSE,FALSE,FALSE,TRUE,2,relevante,,,,,,,,,,,,,,,,FALSE,FALSE,FALSE,FALSE,FALSE,0,TRUE,TRUE,TRUE,2,FALSE
210002535802_J0028,210002535802,26,22,resiliencia climatica,clima_geral,,,,,,,,,,,,,,,,clima_geral,,,,,,,,,,,,,,,,FALSE,FALSE,FALSE,FALSE,FALSE,0,FALSE,FALSE,TRUE,,FALSE
210002535802_J0029,210002535802,29,66,riscos climaticos,relevante,FALSE,FALSE,FALSE,FALSE,FALSE,FALSE,FALSE,FALSE,FALSE,FALSE,FALSE,FALSE,FALSE,TRUE,2,relevante,,,,,,,,,,,,,,,,FALSE,FALSE,FALSE,FALSE,FALSE,0,TRUE,TRUE,TRUE,2,FALSE
210002535802_J0030,210002535802,29,22,resiliencia climatica,clima_geral,,,,,,,,,,,,,,,,clima_geral,,,,,,,,,,,,,,,,FALSE,FALSE,FALSE,FALSE,FALSE,0,FALSE,FALSE,TRUE,,FALSE
210002535802_J0031,210002535802,31,48,riscos climaticos,relevante,FALSE,FALSE,FALSE,FALSE,FALSE,FALSE,FALSE,FALSE,FALSE,FALSE,FALSE,FALSE,FALSE,TRUE,2,relevante,,,,,,,,,,,,,,,,FALSE,FALSE,FALSE,FALSE,FALSE,0,TRUE,TRUE,TRUE,2,FALSE
210002535802_J0032,210002535802,31,19,resiliencia climatica,clima_geral,,,,,,,,,,,,,,,,clima_geral,,,,,,,,,,,,,,,,FALSE,FALSE,FALSE,FALSE,FALSE,0,FALSE,FALSE,TRUE,,FALSE
210002535802_J0033,210002535802,33,58,adaptacao climatica,relevante,FALSE,FALSE,FALSE,TRUE,FALSE,FALSE,FALSE,FALSE,FALSE,FALSE,FALSE,FALSE,FALSE,FALSE,2,relevante,,,,,,,,,,,,,,,,FALSE,FALSE,FALSE,FALSE,FALSE,0,TRUE,TRUE,TRUE,2,FALSE
210002535802_J0034,210002535802,33,40,adaptacao climatica,relevante,TRUE,FALSE,FALSE,TRUE,FALSE,FALSE,FALSE,FALSE,FALSE,FALSE,FALSE,FALSE,FALSE,FALSE,3,relevante,FALSE,FALSE,FALSE,TRUE,FALSE,FALSE,FALSE,FALSE,FALSE,FALSE,FALSE,FALSE,FALSE,FALSE,2,FALSE,FALSE,FALSE,FALSE,FALSE,0,TRUE,TRUE,TRUE,3,FALSE
210002535802_J0035,210002535802,34,36,eventos climaticos,relevante,FALSE,TRUE,FALSE,FALSE,FALSE,FALSE,FALSE,FALSE,FALSE,FALSE,FALSE,FALSE,FALSE,TRUE,3,relevante,,,,,,,,,,,,,,,,FALSE,FALSE,FALSE,FALSE,FALSE,0,TRUE,TRUE,TRUE,3,FALSE
210002535802_J0036,210002535802,34,42,gestao de risco,nao_relevante,,,,,,,,,,,,,,,,nao_relevante,,,,,,,,,,,,,,,,FALSE,FALSE,FALSE,FALSE,FALSE,0,FALSE,FALSE,TRUE,,FALSE
210002535802_J0037,210002535802,34,23,adaptacao climatica,relevante,FALSE,FALSE,FALSE,TRUE,FALSE,FALSE,FALSE,FALSE,FALSE,FALSE,FALSE,FALSE,FALSE,FALSE,2,relevante,,,,,,,,,,,,,,,,FALSE,FALSE,FALSE,FALSE,FALSE,0,TRUE,TRUE,TRUE,2,FALSE
210002535802_J0038,210002535802,34,64,resiliencia; riscos climaticos,relevante,FALSE,FALSE,FALSE,FALSE,FALSE,FALSE,FALSE,FALSE,FALSE,FALSE,FALSE,FALSE,FALSE,TRUE,2,relevante,,,,,,,,,,,,,,,,FALSE,FALSE,FALSE,FALSE,FALSE,0,TRUE,TRUE,TRUE,2,FALSE
210002535802_J0039,210002535802,35,22,resiliencia climatica,clima_geral,,,,,,,,,,,,,,,,clima_geral,,,,,,,,,,,,,,,,FALSE,FALSE,FALSE,FALSE,FALSE,0,FALSE,FALSE,TRUE,,FALSE
210002535802_J0040,210002535802,36,43,riscos climaticos,relevante,FALSE,FALSE,FALSE,FALSE,FALSE,FALSE,FALSE,FALSE,FALSE,FALSE,FALSE,FALSE,FALSE,TRUE,2,relevante,,,,,,,,,,,,,,,,FALSE,FALSE,FALSE,FALSE,FALSE,0,TRUE,TRUE,TRUE,2,FALSE
210002535802_J0041,210002535802,37,22,resiliencia climatica,relevante,FALSE,FALSE,FALSE,FALSE,FALSE,FALSE,FALSE,FALSE,FALSE,FALSE,FALSE,FALSE,FALSE,FALSE,3,clima_geral,,,,,,,,,,,,,,,,FALSE,FALSE,FALSE,FALSE,FALSE,0,TRUE,FALSE,FALSE,3,FALSE
210002535802_J0042,210002535802,37,29,gestao de risco,relevante,TRUE,FALSE,FALSE,FALSE,FALSE,FALSE,FALSE,FALSE,FALSE,FALSE,FALSE,FALSE,FALSE,FALSE,3,relevante,FALSE,FALSE,FALSE,FALSE,FALSE,FALSE,FALSE,FALSE,FALSE,FALSE,FALSE,FALSE,FALSE,TRUE,2,FALSE,FALSE,FALSE,FALSE,FALSE,0,TRUE,TRUE,TRUE,3,FALSE
210002535802_J0043,210002535802,38,46,riscos climaticos,relevante,TRUE,FALSE,FALSE,FALSE,FALSE,FALSE,FALSE,FALSE,FALSE,FALSE,FALSE,FALSE,FALSE,TRUE,2,relevante,,,,,,,,,,,,,,,,FALSE,FALSE,FALSE,FALSE,FALSE,0,TRUE,TRUE,TRUE,2,FALSE
210002535802_J0044,210002535802,39,23,resiliencia climatica,clima_geral,,,,,,,,,,,,,,,,clima_geral,,,,,,,,,,,,,,,,FALSE,FALSE,FALSE,FALSE,FALSE,0,FALSE,FALSE,TRUE,,FALSE
210002535802_J0045,210002535802,40,73,resiliencia climatica; riscos climaticos,relevante,TRUE,FALSE,FALSE,FALSE,FALSE,FALSE,FALSE,FALSE,FALSE,FALSE,FALSE,FALSE,FALSE,TRUE,1,relevante,,,,,,,,,,,,,,,,FALSE,FALSE,FALSE,FALSE,FALSE,0,TRUE,TRUE,TRUE,1,FALSE
210002535802_J0046,210002535802,40,23,resiliencia climatica,clima_geral,,,,,,,,,,,,,,,,clima_geral,,,,,,,,,,,,,,,,FALSE,FALSE,FALSE,FALSE,FALSE,0,FALSE,FALSE,TRUE,,FALSE
210002535802_J0047,210002535802,43,46,riscos climaticos,relevante,FALSE,FALSE,FALSE,FALSE,FALSE,FALSE,FALSE,FALSE,FALSE,FALSE,FALSE,FALSE,FALSE,TRUE,2,relevante,,,,,,,,,,,,,,,,FALSE,FALSE,FALSE,FALSE,FALSE,0,TRUE,TRUE,TRUE,2,FALSE
210002535802_J0048,210002535802,43,18,resiliencia climatica,clima_geral,,,,,,,,,,,,,,,,clima_geral,,,,,,,,,,,,,,,,FALSE,FALSE,FALSE,FALSE,FALSE,0,FALSE,FALSE,TRUE,,FALSE
210002535802_J0049,210002535802,43,28,resiliencia; eventos extremos,relevante,TRUE,FALSE,FALSE,FALSE,FALSE,FALSE,FALSE,FALSE,FALSE,FALSE,FALSE,FALSE,FALSE,TRUE,3,relevante,,,,,,,,,,,,,,,,FALSE,FALSE,FALSE,FALSE,FALSE,0,TRUE,TRUE,TRUE,3,FALSE
210002535802_J0050,210002535802,44,40,riscos climaticos,relevante,FALSE,FALSE,FALSE,FALSE,FALSE,FALSE,FALSE,FALSE,FALSE,FALSE,FALSE,FALSE,FALSE,TRUE,2,relevante,FALSE,FALSE,FALSE,FALSE,FALSE,FALSE,FALSE,FALSE,FALSE,FALSE,FALSE,FALSE,FALSE,TRUE,2,FALSE,FALSE,FALSE,FALSE,FALSE,0,TRUE,TRUE,TRUE,2,FALSE
210002535802_J0051,210002535802,45,20,resiliencia climatica,clima_geral,,,,,,,,,,,,,,,,clima_geral,,,,,,,,,,,,,,,,FALSE,FALSE,FALSE,FALSE,FALSE,0,FALSE,FALSE,TRUE,,FALSE
210002535802_J0052,210002535802,46,64,riscos climaticos,relevante,FALSE,FALSE,FALSE,FALSE,FALSE,FALSE,FALSE,FALSE,FALSE,FALSE,FALSE,FALSE,FALSE,TRUE,2,relevante,,,,,,,,,,,,,,,,FALSE,FALSE,FALSE,FALSE,FALSE,0,TRUE,TRUE,TRUE,2,FALSE
210002535802_J0053,210002535802,47,21,resiliencia climatica,clima_geral,,,,,,,,,,,,,,,,clima_geral,,,,,,,,,,,,,,,,FALSE,FALSE,FALSE,FALSE,FALSE,0,FALSE,FALSE,TRUE,,FALSE
210002535802_J0054,210002535802,48,49,riscos climaticos,relevante,TRUE,FALSE,FALSE,FALSE,FALSE,FALSE,FALSE,FALSE,FALSE,FALSE,FALSE,FALSE,FALSE,TRUE,2,relevante,,,,,,,,,,,,,,,,FALSE,FALSE,FALSE,FALSE,FALSE,0,TRUE,TRUE,TRUE,2,FALSE
210002535802_J0055,210002535802,49,24,resiliencia climatica,clima_geral,,,,,,,,,,,,,,,,clima_geral,,,,,,,,,,,,,,,,FALSE,FALSE,FALSE,FALSE,FALSE,0,FALSE,FALSE,TRUE,,FALSE
210002535802_J0056,210002535802,50,53,riscos climaticos,relevante,FALSE,FALSE,FALSE,FALSE,FALSE,FALSE,FALSE,FALSE,FALSE,FALSE,FALSE,FALSE,FALSE,TRUE,2,relevante,,,,,,,,,,,,,,,,FALSE,FALSE,FALSE,FALSE,FALSE,0,TRUE,TRUE,TRUE,2,FALSE
210002535802_J0057,210002535802,51,18,resiliencia climatica,clima_geral,,,,,,,,,,,,,,,,clima_geral,,,,,,,,,,,,,,,,FALSE,FALSE,FALSE,FALSE,FALSE,0,FALSE,FALSE,TRUE,,FALSE
210002535802_J0058,210002535802,51,63,sistema de alerta,nao_relevante,,,,,,,,,,,,,,,,nao_relevante,,,,,,,,,,,,,,,,FALSE,FALSE,FALSE,FALSE,TRUE,1,FALSE,FALSE,TRUE,,FALSE
210002535802_J0059,210002535802,52,118,gestao de risco; adaptacao climatica; enchente; deslizament; ondas de calor; drenagem,relevante,TRUE,FALSE,FALSE,TRUE,TRUE,TRUE,TRUE,FALSE,TRUE,TRUE,FALSE,FALSE,FALSE,FALSE,3,relevante,,,,,,,,,,,,,,,,FALSE,FALSE,FALSE,FALSE,FALSE,0,TRUE,TRUE,TRUE,3,FALSE
210002535802_J0060,210002535802,52,65,gestao de risco,relevante,FALSE,FALSE,FALSE,FALSE,FALSE,FALSE,FALSE,FALSE,FALSE,FALSE,FALSE,FALSE,FALSE,FALSE,2,relevante,,,,,,,,,,,,,,,,FALSE,FALSE,FALSE,FALSE,FALSE,0,TRUE,TRUE,TRUE,2,FALSE
210002535802_J0061,210002535802,53,49,adaptacao climatica,relevante,FALSE,FALSE,FALSE,TRUE,FALSE,FALSE,FALSE,FALSE,FALSE,FALSE,FALSE,FALSE,FALSE,FALSE,2,relevante,,,,,,,,,,,,,,,,FALSE,FALSE,FALSE,FALSE,FALSE,0,TRUE,TRUE,TRUE,2,FALSE
210002535802_J0062,210002535802,53,40,vulnerabilidade; risco climatico,relevante,TRUE,FALSE,FALSE,FALSE,FALSE,FALSE,FALSE,FALSE,FALSE,FALSE,FALSE,FALSE,FALSE,TRUE,2,relevante,,,,,,,,,,,,,,,,FALSE,FALSE,FALSE,FALSE,FALSE,0,TRUE,TRUE,TRUE,2,FALSE
210002535802_J0063,210002535802,53,121,contingencia; calamidade; eventos climaticos; mudancas climaticas,relevante,TRUE,FALSE,FALSE,FALSE,FALSE,FALSE,FALSE,FALSE,FALSE,FALSE,FALSE,FALSE,FALSE,TRUE,3,relevante,,,,,,,,,,,,,,,,FALSE,FALSE,FALSE,FALSE,FALSE,0,TRUE,TRUE,TRUE,3,FALSE
210002535802_J0064,210002535802,55,23,eventos extremos,relevante,TRUE,FALSE,FALSE,FALSE,FALSE,FALSE,FALSE,FALSE,FALSE,FALSE,FALSE,FALSE,FALSE,TRUE,2,relevante,FALSE,FALSE,TRUE,FALSE,FALSE,FALSE,FALSE,FALSE,FALSE,FALSE,FALSE,FALSE,FALSE,TRUE,1,FALSE,FALSE,FALSE,FALSE,FALSE,0,TRUE,TRUE,TRUE,2,FALSE
210002535802_J0065,210002535802,55,64,riscos climaticos,relevante,FALSE,FALSE,FALSE,FALSE,FALSE,FALSE,FALSE,FALSE,FALSE,FALSE,FALSE,FALSE,FALSE,TRUE,2,relevante,,,,,,,,,,,,,,,,FALSE,FALSE,FALSE,FALSE,FALSE,0,TRUE,TRUE,TRUE,2,FALSE
210002535802_J0066,210002535802,55,20,resiliencia climatica,clima_geral,,,,,,,,,,,,,,,,clima_geral,,,,,,,,,,,,,,,,FALSE,FALSE,FALSE,FALSE,FALSE,0,FALSE,FALSE,TRUE,,FALSE
210002535802_J0067,210002535802,57,46,riscos climaticos,relevante,TRUE,FALSE,FALSE,FALSE,FALSE,FALSE,FALSE,FALSE,FALSE,FALSE,FALSE,FALSE,FALSE,TRUE,2,relevante,FALSE,FALSE,FALSE,FALSE,FALSE,FALSE,FALSE,FALSE,FALSE,FALSE,FALSE,FALSE,FALSE,FALSE,2,FALSE,FALSE,FALSE,FALSE,FALSE,0,TRUE,TRUE,TRUE,2,FALSE
210002535802_J0068,210002535802,58,22,resiliencia climatica,clima_geral,,,,,,,,,,,,,,,,clima_geral,,,,,,,,,,,,,,,,FALSE,FALSE,FALSE,FALSE,FALSE,0,FALSE,FALSE,TRUE,,FALSE
210002535802_J0069,210002535802,60,61,riscos climaticos,relevante,FALSE,FALSE,FALSE,FALSE,FALSE,FALSE,FALSE,FALSE,FALSE,FALSE,FALSE,FALSE,FALSE,TRUE,2,relevante,,,,,,,,,,,,,,,,FALSE,FALSE,FALSE,FALSE,FALSE,0,TRUE,TRUE,TRUE,2,FALSE
210002535802_J0070,210002535802,61,23,resiliencia climatica,clima_geral,,,,,,,,,,,,,,,,clima_geral,,,,,,,,,,,,,,,,FALSE,FALSE,FALSE,FALSE,FALSE,0,FALSE,FALSE,TRUE,,FALSE
210002535802_J0071,210002535802,63,85,defesa civil; resiliencia climatica; enchente; adaptacao climatica; riscos climaticos,relevante,TRUE,TRUE,TRUE,TRUE,TRUE,FALSE,FALSE,FALSE,FALSE,FALSE,FALSE,FALSE,FALSE,FALSE,2,relevante,,,,,,,,,,,,,,,,FALSE,FALSE,TRUE,FALSE,TRUE,2,TRUE,TRUE,TRUE,2,FALSE
210002535802_J0072,210002535802,64,23,resiliencia climatica,clima_geral,,,,,,,,,,,,,,,,clima_geral,,,,,,,,,,,,,,,,FALSE,FALSE,FALSE,FALSE,FALSE,0,FALSE,FALSE,TRUE,,FALSE
210002535802_J0073,210002535802,64,27,defesa civil,relevante,TRUE,FALSE,FALSE,FALSE,FALSE,FALSE,FALSE,FALSE,FALSE,FALSE,FALSE,FALSE,FALSE,TRUE,2,relevante,,,,,,,,,,,,,,,,FALSE,FALSE,FALSE,FALSE,TRUE,1,TRUE,TRUE,TRUE,2,FALSE
210002535802_J0074,210002535802,64,29,cheias,relevante,FALSE,FALSE,TRUE,FALSE,TRUE,FALSE,FALSE,FALSE,FALSE,FALSE,FALSE,FALSE,FALSE,FALSE,3,relevante,,,,,,,,,,,,,,,,FALSE,FALSE,FALSE,FALSE,FALSE,0,TRUE,TRUE,TRUE,3,FALSE
210002535802_J0075,210002535802,65,58,cheias,relevante,TRUE,FALSE,FALSE,FALSE,TRUE,FALSE,FALSE,FALSE,FALSE,FALSE,FALSE,FALSE,FALSE,FALSE,2,relevante,,,,,,,,,,,,,,,,FALSE,FALSE,FALSE,FALSE,FALSE,0,TRUE,TRUE,TRUE,2,FALSE
210002535802_J0076,210002535802,66,51,secas,relevante,TRUE,FALSE,FALSE,FALSE,FALSE,FALSE,TRUE,FALSE,FALSE,FALSE,FALSE,FALSE,FALSE,FALSE,3,relevante,,,,,,,,,,,,,,,,FALSE,FALSE,FALSE,FALSE,FALSE,0,TRUE,TRUE,TRUE,4,TRUE
210002535802_J0077,210002535802,66,58,riscos climaticos,relevante,TRUE,FALSE,FALSE,FALSE,FALSE,FALSE,FALSE,FALSE,FALSE,FALSE,FALSE,FALSE,FALSE,TRUE,2,relevante,FALSE,FALSE,FALSE,FALSE,FALSE,FALSE,FALSE,FALSE,FALSE,FALSE,FALSE,FALSE,FALSE,TRUE,2,FALSE,FALSE,FALSE,FALSE,FALSE,0,TRUE,TRUE,TRUE,2,FALSE
210002535802_J0078,210002535802,67,19,resiliencia climatica,clima_geral,,,,,,,,,,,,,,,,clima_geral,,,,,,,,,,,,,,,,FALSE,FALSE,FALSE,FALSE,FALSE,0,FALSE,FALSE,TRUE,,FALSE
210002535802_J0079,210002535802,67,29,areas de risco,relevante,TRUE,FALSE,FALSE,FALSE,FALSE,FALSE,FALSE,FALSE,FALSE,FALSE,FALSE,FALSE,FALSE,FALSE,3,relevante,TRUE,FALSE,FALSE,FALSE,FALSE,FALSE,FALSE,FALSE,FALSE,FALSE,FALSE,FALSE,FALSE,TRUE,2,FALSE,FALSE,FALSE,FALSE,FALSE,0,TRUE,TRUE,TRUE,3,FALSE
210002535802_J0080,210002535802,68,28,adaptacao climatica,relevante,FALSE,FALSE,FALSE,TRUE,FALSE,FALSE,FALSE,FALSE,FALSE,FALSE,FALSE,FALSE,FALSE,FALSE,2,relevante,,,,,,,,,,,,,,,,FALSE,FALSE,FALSE,FALSE,FALSE,0,TRUE,TRUE,TRUE,2,FALSE
210002535802_J0081,210002535802,68,44,resiliencia; riscos climaticos,relevante,TRUE,FALSE,FALSE,FALSE,FALSE,FALSE,FALSE,FALSE,FALSE,FALSE,FALSE,FALSE,FALSE,FALSE,2,relevante,,,,,,,,,,,,,,,,FALSE,FALSE,FALSE,FALSE,FALSE,0,TRUE,TRUE,TRUE,2,FALSE
210002535802_J0082,210002535802,68,22,resiliencia climatica,clima_geral,,,,,,,,,,,,,,,,clima_geral,,,,,,,,,,,,,,,,FALSE,FALSE,FALSE,FALSE,FALSE,0,FALSE,FALSE,TRUE,,FALSE
210002535802_J0083,210002535802,70,63,riscos climaticos,relevante,TRUE,FALSE,FALSE,TRUE,FALSE,FALSE,FALSE,FALSE,FALSE,FALSE,FALSE,FALSE,FALSE,TRUE,2,relevante,TRUE,FALSE,FALSE,TRUE,FALSE,FALSE,FALSE,FALSE,FALSE,FALSE,FALSE,FALSE,FALSE,TRUE,2,FALSE,FALSE,FALSE,FALSE,FALSE,0,TRUE,TRUE,TRUE,2,FALSE
210002535802_J0084,210002535802,70,23,resiliencia climatica,clima_geral,,,,,,,,,,,,,,,,clima_geral,,,,,,,,,,,,,,,,FALSE,FALSE,FALSE,FALSE,FALSE,0,FALSE,FALSE,TRUE,,FALSE
210002535802_J0085,210002535802,72,45,riscos climaticos,relevante,FALSE,FALSE,FALSE,FALSE,FALSE,FALSE,FALSE,FALSE,FALSE,FALSE,FALSE,FALSE,FALSE,TRUE,2,relevante,,,,,,,,,,,,,,,,FALSE,FALSE,FALSE,FALSE,FALSE,0,TRUE,TRUE,TRUE,2,FALSE
210002535802_J0086,210002535802,72,22,resiliencia climatica,clima_geral,,,,,,,,,,,,,,,,clima_geral,,,,,,,,,,,,,,,,FALSE,FALSE,FALSE,FALSE,FALSE,0,FALSE,FALSE,TRUE,,FALSE
210002535802_J0087,210002535802,75,63,riscos climaticos,relevante,FALSE,FALSE,FALSE,FALSE,FALSE,FALSE,FALSE,FALSE,FALSE,FALSE,FALSE,FALSE,FALSE,FALSE,2,relevante,,,,,,,,,,,,,,,,FALSE,FALSE,FALSE,FALSE,FALSE,0,TRUE,TRUE,TRUE,2,FALSE
210002535802_J0088,210002535802,75,37,resiliencia climatica,clima_geral,,,,,,,,,,,,,,,,clima_geral,,,,,,,,,,,,,,,,FALSE,FALSE,FALSE,FALSE,FALSE,0,FALSE,FALSE,TRUE,,FALSE
210002535802_J0089,210002535802,76,64,riscos climaticos,relevante,FALSE,FALSE,FALSE,FALSE,FALSE,FALSE,FALSE,FALSE,FALSE,FALSE,FALSE,FALSE,FALSE,TRUE,2,relevante,,,,,,,,,,,,,,,,FALSE,FALSE,FALSE,FALSE,FALSE,0,TRUE,TRUE,TRUE,2,FALSE
210002535802_J0090,210002535802,77,21,resiliencia climatica,clima_geral,,,,,,,,,,,,,,,,clima_geral,,,,,,,,,,,,,,,,FALSE,FALSE,FALSE,FALSE,FALSE,0,FALSE,FALSE,TRUE,,FALSE
210002535802_J0091,210002535802,80,48,riscos climaticos,relevante,FALSE,FALSE,FALSE,FALSE,FALSE,FALSE,FALSE,FALSE,FALSE,FALSE,FALSE,FALSE,FALSE,TRUE,2,relevante,FALSE,FALSE,FALSE,FALSE,FALSE,FALSE,FALSE,FALSE,FALSE,FALSE,FALSE,FALSE,FALSE,TRUE,2,FALSE,FALSE,FALSE,FALSE,FALSE,0,TRUE,TRUE,TRUE,2,FALSE
210002535802_J0092,210002535802,81,20,resiliencia climatica,clima_geral,,,,,,,,,,,,,,,,clima_geral,,,,,,,,,,,,,,,,FALSE,FALSE,FALSE,FALSE,FALSE,0,FALSE,FALSE,TRUE,,FALSE
210002535802_J0093,210002535802,81,26,eventos climaticos,relevante,FALSE,FALSE,TRUE,FALSE,FALSE,FALSE,FALSE,FALSE,FALSE,FALSE,FALSE,FALSE,FALSE,TRUE,3,relevante,,,,,,,,,,,,,,,,FALSE,FALSE,FALSE,FALSE,FALSE,0,TRUE,TRUE,TRUE,3,FALSE
210002535802_J0094,210002535802,82,45,riscos climaticos,relevante,FALSE,FALSE,FALSE,FALSE,FALSE,FALSE,FALSE,FALSE,FALSE,FALSE,FALSE,FALSE,FALSE,TRUE,2,relevante,,,,,,,,,,,,,,,,FALSE,FALSE,FALSE,FALSE,FALSE,0,TRUE,TRUE,TRUE,2,FALSE
210002535802_J0095,210002535802,82,20,resiliencia climatica,clima_geral,,,,,,,,,,,,,,,,clima_geral,,,,,,,,,,,,,,,,FALSE,FALSE,FALSE,FALSE,FALSE,0,FALSE,FALSE,TRUE,,FALSE
210002535802_J0096,210002535802,84,56,riscos climaticos,relevante,FALSE,FALSE,FALSE,FALSE,FALSE,FALSE,FALSE,FALSE,FALSE,FALSE,FALSE,FALSE,FALSE,FALSE,2,relevante,FALSE,FALSE,FALSE,FALSE,FALSE,FALSE,FALSE,FALSE,FALSE,FALSE,FALSE,FALSE,FALSE,FALSE,2,FALSE,FALSE,FALSE,FALSE,FALSE,0,TRUE,TRUE,TRUE,2,FALSE
210002535802_J0097,210002535802,84,18,resiliencia climatica,clima_geral,,,,,,,,,,,,,,,,clima_geral,,,,,,,,,,,,,,,,FALSE,FALSE,FALSE,FALSE,FALSE,0,FALSE,FALSE,TRUE,,FALSE
210002535802_J0098,210002535802,85,25,enchente,relevante,FALSE,FALSE,TRUE,FALSE,TRUE,FALSE,FALSE,FALSE,FALSE,FALSE,FALSE,FALSE,FALSE,FALSE,3,relevante,,,,,,,,,,,,,,,,FALSE,FALSE,FALSE,FALSE,FALSE,0,TRUE,TRUE,TRUE,3,FALSE
210002535802_J0099,210002535802,86,43,riscos climaticos,relevante,FALSE,FALSE,FALSE,FALSE,FALSE,FALSE,FALSE,FALSE,FALSE,FALSE,FALSE,FALSE,FALSE,TRUE,2,relevante,FALSE,FALSE,FALSE,FALSE,FALSE,FALSE,FALSE,FALSE,FALSE,FALSE,FALSE,FALSE,FALSE,FALSE,2,FALSE,FALSE,FALSE,FALSE,FALSE,0,TRUE,TRUE,TRUE,2,FALSE
210002535802_J0100,210002535802,86,20,resiliencia climatica,clima_geral,,,,,,,,,,,,,,,,clima_geral,,,,,,,,,,,,,,,,FALSE,FALSE,FALSE,FALSE,FALSE,0,FALSE,FALSE,TRUE,,FALSE
210002541367_J0001,210002541367,2,16,enchente,relevante,FALSE,FALSE,FALSE,FALSE,TRUE,FALSE,FALSE,FALSE,FALSE,FALSE,FALSE,FALSE,FALSE,FALSE,1,nao_relevante,,,,,,,,,,,,,,,,FALSE,FALSE,FALSE,FALSE,FALSE,0,TRUE,FALSE,FALSE,1,FALSE
210002541367_J0004,210002541367,4,156,eventos climaticos; areas de risco,relevante,FALSE,FALSE,FALSE,FALSE,TRUE,FALSE,FALSE,FALSE,FALSE,FALSE,FALSE,FALSE,FALSE,FALSE,1,relevante,,,,,,,,,,,,,,,,FALSE,FALSE,FALSE,FALSE,FALSE,0,TRUE,TRUE,TRUE,1,FALSE
210002541367_J0005,210002541367,5,72,drenagem; enchente,relevante,TRUE,FALSE,FALSE,FALSE,TRUE,FALSE,FALSE,FALSE,FALSE,FALSE,FALSE,FALSE,FALSE,FALSE,3,relevante,TRUE,FALSE,FALSE,FALSE,TRUE,FALSE,FALSE,FALSE,FALSE,FALSE,FALSE,FALSE,FALSE,FALSE,3,FALSE,FALSE,FALSE,FALSE,FALSE,0,TRUE,TRUE,TRUE,3,FALSE
210002541367_J0006,210002541367,6,77,enchente,relevante,FALSE,FALSE,TRUE,FALSE,TRUE,FALSE,FALSE,FALSE,FALSE,FALSE,FALSE,FALSE,FALSE,FALSE,2,relevante,,,,,,,,,,,,,,,,FALSE,FALSE,FALSE,FALSE,FALSE,0,TRUE,TRUE,TRUE,2,FALSE
210002541367_J0007,210002541367,8,122,enchente; areas de risco,relevante,TRUE,FALSE,TRUE,FALSE,TRUE,FALSE,FALSE,FALSE,FALSE,FALSE,FALSE,FALSE,FALSE,FALSE,3,relevante,,,,,,,,,,,,,,,,FALSE,FALSE,TRUE,FALSE,FALSE,1,TRUE,TRUE,TRUE,3,FALSE
210002541367_J0008,210002541367,12,54,enchente,relevante,FALSE,FALSE,FALSE,FALSE,TRUE,FALSE,FALSE,FALSE,FALSE,FALSE,FALSE,FALSE,FALSE,FALSE,1,relevante,,,,,,,,,,,,,,,,FALSE,FALSE,TRUE,FALSE,FALSE,1,TRUE,TRUE,TRUE,1,FALSE
210002541367_J0009,210002541367,14,47,enchente,relevante,FALSE,FALSE,FALSE,FALSE,TRUE,FALSE,FALSE,FALSE,FALSE,FALSE,FALSE,FALSE,FALSE,FALSE,1,relevante,,,,,,,,,,,,,,,,TRUE,FALSE,TRUE,FALSE,FALSE,2,TRUE,TRUE,TRUE,1,FALSE
210002541367_J0010,210002541367,15,62,crise climatica,clima_geral,,,,,,,,,,,,,,,,clima_geral,,,,,,,,,,,,,,,,FALSE,FALSE,FALSE,FALSE,FALSE,0,FALSE,FALSE,TRUE,,FALSE
210002541367_J0011,210002541367,22,72,mudancas climaticas,clima_geral,,,,,,,,,,,,,,,,clima_geral,,,,,,,,,,,,,,,,TRUE,FALSE,TRUE,FALSE,FALSE,2,FALSE,FALSE,TRUE,,FALSE
210002541367_J0012,210002541367,23,54,eventos climaticos,relevante,FALSE,FALSE,FALSE,FALSE,FALSE,FALSE,FALSE,FALSE,FALSE,FALSE,FALSE,FALSE,FALSE,TRUE,1,relevante,,,,,,,,,,,,,,,,FALSE,FALSE,FALSE,FALSE,FALSE,0,TRUE,TRUE,TRUE,1,FALSE
210002541367_J0013,210002541367,24,102,enchente,relevante,FALSE,FALSE,FALSE,FALSE,TRUE,FALSE,FALSE,FALSE,FALSE,FALSE,FALSE,FALSE,FALSE,FALSE,1,relevante,FALSE,FALSE,FALSE,FALSE,FALSE,FALSE,FALSE,FALSE,FALSE,FALSE,FALSE,FALSE,FALSE,FALSE,0,TRUE,TRUE,TRUE,FALSE,FALSE,3,TRUE,TRUE,TRUE,1,FALSE
210002541367_J0014,210002541367,26,59,enchente,relevante,FALSE,FALSE,FALSE,FALSE,TRUE,FALSE,FALSE,FALSE,FALSE,FALSE,FALSE,FALSE,FALSE,FALSE,1,relevante,,,,,,,,,,,,,,,,FALSE,TRUE,TRUE,FALSE,FALSE,2,TRUE,TRUE,TRUE,1,FALSE
210002541367_J0015,210002541367,27,45,enchente,relevante,FALSE,FALSE,FALSE,FALSE,TRUE,FALSE,FALSE,FALSE,FALSE,FALSE,FALSE,FALSE,FALSE,FALSE,1,relevante,,,,,,,,,,,,,,,,FALSE,FALSE,FALSE,FALSE,FALSE,0,TRUE,TRUE,TRUE,1,FALSE
210002541367_J0016,210002541367,27,66,eventos climaticos,relevante,TRUE,FALSE,FALSE,FALSE,FALSE,FALSE,FALSE,FALSE,FALSE,FALSE,FALSE,FALSE,FALSE,TRUE,3,relevante,,,,,,,,,,,,,,,,FALSE,FALSE,FALSE,FALSE,FALSE,0,TRUE,TRUE,TRUE,3,FALSE
210002541367_J0017,210002541367,30,167,eventos climaticos; drenagem; alerta,relevante,TRUE,FALSE,FALSE,FALSE,FALSE,FALSE,FALSE,FALSE,FALSE,FALSE,FALSE,FALSE,FALSE,TRUE,2,relevante,,,,,,,,,,,,,,,,FALSE,FALSE,FALSE,FALSE,FALSE,0,TRUE,TRUE,TRUE,2,FALSE
210002541367_J0018,210002541367,30,70,crise climatica,clima_geral,,,,,,,,,,,,,,,,clima_geral,,,,,,,,,,,,,,,,FALSE,FALSE,FALSE,FALSE,FALSE,0,FALSE,FALSE,TRUE,,FALSE
210002541367_J0019,210002541367,30,30,tempestade; alerta,relevante,FALSE,FALSE,FALSE,FALSE,TRUE,FALSE,FALSE,FALSE,FALSE,TRUE,FALSE,FALSE,FALSE,FALSE,1,relevante,,,,,,,,,,,,,,,,FALSE,FALSE,FALSE,FALSE,FALSE,0,TRUE,TRUE,TRUE,1,FALSE
210002541367_J0020,210002541367,31,163,defesa civil; inundac,relevante,TRUE,FALSE,FALSE,FALSE,TRUE,FALSE,FALSE,FALSE,FALSE,FALSE,FALSE,FALSE,FALSE,FALSE,1,relevante,,,,,,,,,,,,,,,,FALSE,TRUE,FALSE,TRUE,TRUE,3,TRUE,TRUE,TRUE,1,FALSE
210002541367_J0021,210002541367,31,330,deslizament; encosta; alerta; defesa civil; area de risco; enchente,relevante,FALSE,FALSE,FALSE,FALSE,TRUE,TRUE,FALSE,FALSE,FALSE,FALSE,FALSE,FALSE,FALSE,FALSE,1,relevante,,,,,,,,,,,,,,,,FALSE,FALSE,FALSE,FALSE,TRUE,1,TRUE,TRUE,TRUE,1,FALSE
210002541367_J0022,210002541367,32,61,enchente,relevante,FALSE,FALSE,TRUE,FALSE,TRUE,FALSE,FALSE,FALSE,FALSE,FALSE,FALSE,FALSE,FALSE,FALSE,1,relevante,,,,,,,,,,,,,,,,FALSE,FALSE,FALSE,FALSE,FALSE,0,TRUE,TRUE,TRUE,1,FALSE
210002541367_J0023,210002541367,32,122,sistema de alerta; enchente,relevante,TRUE,FALSE,FALSE,FALSE,TRUE,FALSE,FALSE,FALSE,FALSE,FALSE,FALSE,FALSE,FALSE,FALSE,1,relevante,,,,,,,,,,,,,,,,FALSE,FALSE,FALSE,FALSE,FALSE,0,TRUE,TRUE,TRUE,1,FALSE
210002541367_J0024,210002541367,32,114,enchente; calamidade; inundac,relevante,FALSE,FALSE,TRUE,FALSE,TRUE,FALSE,FALSE,FALSE,FALSE,FALSE,FALSE,FALSE,FALSE,FALSE,1,relevante,FALSE,FALSE,TRUE,FALSE,TRUE,FALSE,FALSE,FALSE,FALSE,FALSE,FALSE,FALSE,FALSE,FALSE,1,TRUE,TRUE,TRUE,FALSE,FALSE,3,TRUE,TRUE,TRUE,4,TRUE
210002541367_J0025,210002541367,33,177,areas de risco; eventos climaticos; drenagem; encosta,relevante,TRUE,FALSE,FALSE,FALSE,FALSE,TRUE,FALSE,FALSE,FALSE,FALSE,FALSE,FALSE,FALSE,FALSE,3,relevante,TRUE,FALSE,TRUE,TRUE,TRUE,TRUE,FALSE,FALSE,FALSE,FALSE,FALSE,FALSE,FALSE,FALSE,3,FALSE,FALSE,FALSE,FALSE,TRUE,1,TRUE,TRUE,TRUE,3,FALSE
210002541367_J0026,210002541367,34,199,inundac; adaptacao climatica; alerta; eventos climaticos; catastrofe; onda de calor,relevante,TRUE,TRUE,FALSE,TRUE,TRUE,FALSE,TRUE,FALSE,TRUE,FALSE,FALSE,FALSE,FALSE,FALSE,3,relevante,TRUE,FALSE,TRUE,TRUE,TRUE,FALSE,TRUE,FALSE,TRUE,FALSE,FALSE,FALSE,FALSE,FALSE,3,FALSE,FALSE,TRUE,FALSE,FALSE,1,TRUE,TRUE,TRUE,3,FALSE
210002541367_J0027,210002541367,35,27,catastrofe,nao_relevante,,,,,,,,,,,,,,,,nao_relevante,,,,,,,,,,,,,,,,FALSE,FALSE,FALSE,FALSE,FALSE,0,FALSE,FALSE,TRUE,,FALSE
210002541367_J0028,210002541367,36,101,enchente; cheias; enxurrada,relevante,FALSE,FALSE,FALSE,FALSE,TRUE,FALSE,FALSE,FALSE,FALSE,FALSE,FALSE,FALSE,FALSE,FALSE,1,relevante,FALSE,FALSE,FALSE,FALSE,TRUE,FALSE,FALSE,FALSE,FALSE,FALSE,FALSE,FALSE,FALSE,FALSE,1,FALSE,FALSE,TRUE,FALSE,FALSE,1,TRUE,TRUE,TRUE,1,FALSE
210002541367_J0029,210002541367,38,124,barragem; rejeito,relevante,FALSE,FALSE,FALSE,FALSE,FALSE,FALSE,FALSE,FALSE,FALSE,FALSE,FALSE,TRUE,FALSE,FALSE,1,relevante,,,,,,,,,,,,,,,,FALSE,FALSE,FALSE,FALSE,FALSE,0,TRUE,TRUE,TRUE,1,FALSE
210002541367_J0030,210002541367,39,128,enchente,nao_relevante,,,,,,,,,,,,,,,,relevante,,,,,,,,,,,,,,,,FALSE,FALSE,TRUE,FALSE,FALSE,1,FALSE,TRUE,FALSE,,FALSE
210002541367_J0031,210002541367,40,109,enchente,relevante,FALSE,FALSE,FALSE,FALSE,TRUE,FALSE,FALSE,FALSE,FALSE,FALSE,FALSE,FALSE,FALSE,FALSE,1,relevante,FALSE,FALSE,FALSE,FALSE,TRUE,FALSE,FALSE,FALSE,FALSE,FALSE,FALSE,FALSE,FALSE,FALSE,1,FALSE,FALSE,TRUE,FALSE,FALSE,1,TRUE,TRUE,TRUE,1,FALSE
210002541367_J0032,210002541367,41,155,plano de emergencia,nao_relevante,,,,,,,,,,,,,,,,nao_relevante,,,,,,,,,,,,,,,,FALSE,FALSE,FALSE,FALSE,FALSE,0,FALSE,FALSE,TRUE,,FALSE
210002541367_J0033,210002541367,42,103,mudancas climaticas,relevante,TRUE,FALSE,FALSE,FALSE,FALSE,FALSE,FALSE,FALSE,FALSE,FALSE,FALSE,FALSE,FALSE,TRUE,2,clima_geral,,,,,,,,,,,,,,,,FALSE,FALSE,FALSE,FALSE,TRUE,1,TRUE,FALSE,FALSE,2,FALSE
210002541367_J0034,210002541367,53,123,enchente; vulnerabilidade,relevante,FALSE,FALSE,TRUE,FALSE,TRUE,FALSE,FALSE,FALSE,FALSE,FALSE,FALSE,FALSE,FALSE,FALSE,1,relevante,,,,,,,,,,,,,,,,FALSE,FALSE,FALSE,FALSE,FALSE,0,TRUE,TRUE,TRUE,4,TRUE
210002541367_J0035,210002541367,63,93,enchente; eventos climaticos,relevante,FALSE,FALSE,FALSE,FALSE,TRUE,FALSE,FALSE,FALSE,FALSE,FALSE,FALSE,FALSE,FALSE,FALSE,1,relevante,,,,,,,,,,,,,,,,FALSE,FALSE,TRUE,FALSE,FALSE,1,TRUE,TRUE,TRUE,1,FALSE
210002541367_J0036,210002541367,63,37,catastrofe,relevante,TRUE,FALSE,FALSE,FALSE,FALSE,FALSE,FALSE,FALSE,FALSE,FALSE,FALSE,FALSE,FALSE,TRUE,2,relevante,,,,,,,,,,,,,,,,FALSE,FALSE,FALSE,FALSE,FALSE,0,TRUE,TRUE,TRUE,2,FALSE
210002541367_J0037,210002541367,67,67,enchente,relevante,FALSE,FALSE,FALSE,FALSE,TRUE,FALSE,FALSE,FALSE,FALSE,FALSE,FALSE,FALSE,FALSE,FALSE,1,relevante,FALSE,FALSE,FALSE,FALSE,TRUE,FALSE,FALSE,FALSE,FALSE,FALSE,FALSE,FALSE,FALSE,FALSE,1,FALSE,FALSE,FALSE,FALSE,FALSE,0,TRUE,TRUE,TRUE,1,FALSE
210002541367_J0038,210002541367,67,83,enchente,relevante,FALSE,FALSE,FALSE,FALSE,TRUE,FALSE,FALSE,FALSE,FALSE,FALSE,FALSE,FALSE,FALSE,FALSE,1,relevante,,,,,,,,,,,,,,,,FALSE,FALSE,TRUE,FALSE,FALSE,1,TRUE,TRUE,TRUE,1,FALSE
210002542892_J0001,210002542892,3,70,resiliencia climatica; adaptacao climatica; gestao de risco; defesa civil,relevante,FALSE,FALSE,FALSE,FALSE,FALSE,FALSE,FALSE,FALSE,FALSE,FALSE,FALSE,FALSE,FALSE,TRUE,0,relevante,,,,,,,,,,,,,,,,FALSE,FALSE,FALSE,FALSE,TRUE,1,TRUE,TRUE,TRUE,0,FALSE
210002542892_J0002,210002542892,6,59,mudancas climaticas,clima_geral,,,,,,,,,,,,,,,,clima_geral,,,,,,,,,,,,,,,,FALSE,FALSE,FALSE,FALSE,FALSE,0,FALSE,FALSE,TRUE,,FALSE
210002542892_J0003,210002542892,7,31,gestao de risco,relevante,TRUE,FALSE,FALSE,FALSE,FALSE,FALSE,FALSE,FALSE,FALSE,FALSE,FALSE,FALSE,FALSE,FALSE,2,relevante,,,,,,,,,,,,,,,,TRUE,FALSE,FALSE,TRUE,FALSE,2,TRUE,TRUE,TRUE,2,FALSE
210002542892_J0004,210002542892,8,94,enchente,relevante,FALSE,FALSE,FALSE,FALSE,TRUE,FALSE,TRUE,FALSE,FALSE,FALSE,FALSE,FALSE,FALSE,FALSE,1,relevante,,,,,,,,,,,,,,,,FALSE,FALSE,FALSE,FALSE,FALSE,0,TRUE,TRUE,TRUE,1,FALSE
210002542892_J0005,210002542892,9,50,mudancas climaticas,clima_geral,,,,,,,,,,,,,,,,relevante,,,,,,,,,,,,,,,,FALSE,FALSE,TRUE,FALSE,FALSE,1,FALSE,TRUE,FALSE,,FALSE
210002542892_J0006,210002542892,10,80,riscos climaticos,relevante,FALSE,FALSE,FALSE,FALSE,FALSE,FALSE,FALSE,FALSE,FALSE,FALSE,FALSE,FALSE,FALSE,TRUE,1,relevante,,,,,,,,,,,,,,,,FALSE,FALSE,FALSE,FALSE,FALSE,0,TRUE,TRUE,TRUE,1,FALSE
210002542892_J0007,210002542892,14,77,catastrofe; enchente; resiliencia,relevante,TRUE,TRUE,TRUE,FALSE,TRUE,FALSE,FALSE,FALSE,FALSE,FALSE,FALSE,FALSE,FALSE,FALSE,1,relevante,TRUE,TRUE,TRUE,TRUE,TRUE,FALSE,FALSE,FALSE,FALSE,FALSE,FALSE,FALSE,FALSE,FALSE,1,FALSE,FALSE,TRUE,FALSE,FALSE,1,TRUE,TRUE,TRUE,1,FALSE
210002542892_J0008,210002542892,14,113,mudancas climaticas; enchente; desastre,relevante,TRUE,FALSE,FALSE,FALSE,TRUE,FALSE,FALSE,FALSE,FALSE,FALSE,FALSE,FALSE,FALSE,FALSE,2,relevante,,,,,,,,,,,,,,,,FALSE,FALSE,FALSE,FALSE,FALSE,0,TRUE,TRUE,TRUE,2,FALSE
210002542892_J0009,210002542892,16,47,resiliencia; mudancas climaticas,relevante,TRUE,FALSE,FALSE,TRUE,FALSE,FALSE,FALSE,FALSE,FALSE,FALSE,FALSE,FALSE,FALSE,FALSE,2,clima_geral,FALSE,FALSE,FALSE,TRUE,FALSE,FALSE,FALSE,FALSE,FALSE,FALSE,FALSE,FALSE,FALSE,FALSE,2,FALSE,FALSE,FALSE,FALSE,FALSE,0,TRUE,FALSE,FALSE,2,FALSE
210002542892_J0010,210002542892,16,69,mudancas climaticas,clima_geral,,,,,,,,,,,,,,,,clima_geral,,,,,,,,,,,,,,,,FALSE,FALSE,FALSE,FALSE,FALSE,0,FALSE,FALSE,TRUE,,FALSE
210002542892_J0011,210002542892,17,90,mudancas climaticas; eventos extremos,relevante,TRUE,TRUE,FALSE,FALSE,FALSE,FALSE,FALSE,FALSE,FALSE,FALSE,FALSE,FALSE,FALSE,TRUE,2,relevante,,,,,,,,,,,,,,,,FALSE,FALSE,FALSE,FALSE,FALSE,0,TRUE,TRUE,TRUE,2,FALSE
210002542892_J0012,210002542892,23,61,vulnerabilidade; eventos climaticos,relevante,FALSE,FALSE,FALSE,FALSE,FALSE,FALSE,FALSE,FALSE,FALSE,FALSE,FALSE,FALSE,FALSE,TRUE,2,relevante,,,,,,,,,,,,,,,,FALSE,FALSE,FALSE,FALSE,FALSE,0,TRUE,TRUE,TRUE,2,FALSE
210002542892_J0013,210002542892,23,84,enchente; vulnerabilidade; eventos climaticos,relevante,TRUE,TRUE,TRUE,FALSE,TRUE,FALSE,FALSE,FALSE,FALSE,FALSE,FALSE,FALSE,FALSE,FALSE,2,relevante,,,,,,,,,,,,,,,,FALSE,FALSE,TRUE,FALSE,FALSE,1,TRUE,TRUE,TRUE,2,FALSE
210002542892_J0014,210002542892,25,96,resiliencia climatica,clima_geral,,,,,,,,,,,,,,,,clima_geral,,,,,,,,,,,,,,,,FALSE,FALSE,TRUE,FALSE,FALSE,1,FALSE,FALSE,TRUE,,FALSE
210002542892_J0015,210002542892,26,202,eventos climaticos; enchente; vulnerabilidade; areas de risco; defesa civil; mudancas climaticas,relevante,TRUE,FALSE,TRUE,TRUE,TRUE,FALSE,FALSE,FALSE,FALSE,FALSE,FALSE,FALSE,FALSE,FALSE,2,relevante,TRUE,FALSE,TRUE,TRUE,TRUE,FALSE,FALSE,FALSE,FALSE,FALSE,FALSE,FALSE,FALSE,FALSE,1,FALSE,FALSE,FALSE,FALSE,TRUE,1,TRUE,TRUE,TRUE,2,FALSE
210002542892_J0016,210002542892,26,126,eventos climaticos; reducao de risco; enchente; deslizament; adaptacao climatica,relevante,TRUE,FALSE,FALSE,TRUE,TRUE,TRUE,FALSE,FALSE,FALSE,FALSE,FALSE,FALSE,FALSE,FALSE,3,relevante,,,,,,,,,,,,,,,,FALSE,FALSE,FALSE,FALSE,FALSE,0,TRUE,TRUE,TRUE,3,FALSE
210002542892_J0017,210002542892,34,75,mudancas climaticas; eventos extremos; vulnerabilidade,relevante,TRUE,FALSE,FALSE,FALSE,FALSE,FALSE,FALSE,FALSE,FALSE,FALSE,FALSE,FALSE,FALSE,TRUE,1,relevante,,,,,,,,,,,,,,,,FALSE,FALSE,FALSE,FALSE,FALSE,0,TRUE,TRUE,TRUE,1,FALSE
210002542892_J0018,210002542892,35,56,mudancas climaticas; eventos climaticos; vulnerabilidade,relevante,TRUE,TRUE,TRUE,FALSE,FALSE,FALSE,FALSE,FALSE,FALSE,FALSE,FALSE,FALSE,FALSE,TRUE,2,relevante,,,,,,,,,,,,,,,,FALSE,FALSE,FALSE,FALSE,FALSE,0,TRUE,TRUE,TRUE,2,FALSE
210002542892_J0019,210002542892,40,177,enchente; resiliencia climatica,relevante,FALSE,FALSE,TRUE,FALSE,TRUE,FALSE,FALSE,FALSE,FALSE,FALSE,FALSE,FALSE,FALSE,FALSE,3,relevante,FALSE,FALSE,TRUE,TRUE,TRUE,FALSE,FALSE,FALSE,FALSE,FALSE,FALSE,FALSE,FALSE,FALSE,1,TRUE,FALSE,FALSE,FALSE,FALSE,1,TRUE,TRUE,TRUE,3,FALSE
210002542892_J0020,210002542892,41,30,adaptacao climatica; eventos climaticos,relevante,FALSE,FALSE,FALSE,TRUE,FALSE,FALSE,FALSE,FALSE,FALSE,FALSE,FALSE,FALSE,FALSE,TRUE,3,relevante,,,,,,,,,,,,,,,,FALSE,FALSE,FALSE,FALSE,FALSE,0,TRUE,TRUE,TRUE,3,FALSE
210002542892_J0021,210002542892,43,63,eventos climaticos; resiliencia,relevante,FALSE,FALSE,FALSE,FALSE,FALSE,FALSE,FALSE,FALSE,FALSE,FALSE,FALSE,FALSE,FALSE,TRUE,1,relevante,,,,,,,,,,,,,,,,FALSE,FALSE,FALSE,FALSE,FALSE,0,TRUE,TRUE,TRUE,1,FALSE
210002542892_J0022,210002542892,43,69,enchente; eventos climaticos,relevante,TRUE,FALSE,FALSE,FALSE,TRUE,FALSE,TRUE,FALSE,FALSE,FALSE,FALSE,FALSE,FALSE,FALSE,1,relevante,,,,,,,,,,,,,,,,FALSE,FALSE,FALSE,FALSE,FALSE,0,TRUE,TRUE,TRUE,1,FALSE
210002542892_J0023,210002542892,44,80,mudancas climaticas; adaptacao climatica; eventos extremos,relevante,FALSE,FALSE,FALSE,TRUE,FALSE,FALSE,FALSE,FALSE,FALSE,FALSE,FALSE,FALSE,FALSE,TRUE,2,relevante,FALSE,FALSE,FALSE,TRUE,FALSE,FALSE,FALSE,FALSE,FALSE,FALSE,FALSE,FALSE,FALSE,TRUE,2,FALSE,FALSE,FALSE,FALSE,FALSE,0,TRUE,TRUE,TRUE,2,FALSE
210002542892_J0024,210002542892,44,134,resiliencia climatica; mudancas climaticas; eventos climaticos,relevante,TRUE,FALSE,TRUE,TRUE,FALSE,FALSE,FALSE,FALSE,FALSE,FALSE,FALSE,FALSE,FALSE,TRUE,3,relevante,FALSE,FALSE,TRUE,TRUE,FALSE,FALSE,FALSE,FALSE,FALSE,FALSE,FALSE,FALSE,FALSE,TRUE,2,FALSE,FALSE,FALSE,FALSE,FALSE,0,TRUE,TRUE,TRUE,3,FALSE
210002542892_J0025,210002542892,46,126,mudancas climaticas; resiliencia climatica,clima_geral,,,,,,,,,,,,,,,,clima_geral,,,,,,,,,,,,,,,,FALSE,FALSE,FALSE,FALSE,FALSE,0,FALSE,FALSE,TRUE,,FALSE
210002542892_J0026,210002542892,48,74,eventos climaticos,relevante,TRUE,FALSE,FALSE,FALSE,FALSE,FALSE,FALSE,FALSE,FALSE,FALSE,FALSE,FALSE,FALSE,TRUE,1,relevante,FALSE,FALSE,FALSE,FALSE,FALSE,FALSE,FALSE,FALSE,FALSE,FALSE,FALSE,FALSE,FALSE,TRUE,1,FALSE,FALSE,FALSE,FALSE,FALSE,0,TRUE,TRUE,TRUE,1,FALSE
210002542892_J0027,210002542892,49,105,resiliencia climatica,clima_geral,,,,,,,,,,,,,,,,clima_geral,,,,,,,,,,,,,,,,FALSE,FALSE,FALSE,FALSE,FALSE,0,FALSE,FALSE,TRUE,,FALSE
210002542892_J0028,210002542892,50,36,adaptacao climatica; resiliencia climatica; eventos extremos,relevante,TRUE,FALSE,TRUE,TRUE,FALSE,FALSE,FALSE,FALSE,FALSE,FALSE,FALSE,FALSE,FALSE,TRUE,2,relevante,,,,,,,,,,,,,,,,FALSE,FALSE,FALSE,FALSE,FALSE,0,TRUE,TRUE,TRUE,2,FALSE
210002542892_J0029,210002542892,50,38,defesa civil,relevante,TRUE,FALSE,FALSE,FALSE,FALSE,FALSE,FALSE,FALSE,FALSE,FALSE,FALSE,FALSE,FALSE,FALSE,3,relevante,,,,,,,,,,,,,,,,FALSE,FALSE,FALSE,TRUE,TRUE,2,TRUE,TRUE,TRUE,3,FALSE
210002542892_J0030,210002542892,50,84,enchente,relevante,FALSE,FALSE,TRUE,FALSE,TRUE,FALSE,FALSE,FALSE,FALSE,FALSE,FALSE,FALSE,FALSE,FALSE,1,relevante,,,,,,,,,,,,,,,,FALSE,FALSE,TRUE,FALSE,FALSE,1,TRUE,TRUE,TRUE,1,FALSE
210002542892_J0031,210002542892,51,76,eventos climaticos,relevante,TRUE,FALSE,TRUE,TRUE,FALSE,FALSE,FALSE,FALSE,FALSE,FALSE,FALSE,FALSE,FALSE,TRUE,2,relevante,FALSE,FALSE,FALSE,FALSE,FALSE,FALSE,FALSE,FALSE,FALSE,FALSE,FALSE,FALSE,FALSE,TRUE,2,FALSE,FALSE,FALSE,FALSE,FALSE,0,TRUE,TRUE,TRUE,2,FALSE
210002542892_J0032,210002542892,51,141,eventos climaticos; resiliencia climatica; vulnerabilidade; eventos extremos,relevante,TRUE,FALSE,FALSE,FALSE,FALSE,FALSE,FALSE,FALSE,FALSE,FALSE,FALSE,FALSE,FALSE,TRUE,2,relevante,,,,,,,,,,,,,,,,FALSE,FALSE,FALSE,FALSE,FALSE,0,TRUE,TRUE,TRUE,2,FALSE
210002542892_J0033,210002542892,53,59,resiliencia climatica; eventos climaticos; resiliencia,relevante,FALSE,FALSE,FALSE,FALSE,FALSE,FALSE,FALSE,FALSE,FALSE,FALSE,FALSE,FALSE,FALSE,TRUE,1,relevante,FALSE,FALSE,FALSE,FALSE,FALSE,FALSE,FALSE,FALSE,FALSE,FALSE,FALSE,FALSE,FALSE,TRUE,1,FALSE,FALSE,TRUE,FALSE,FALSE,1,TRUE,TRUE,TRUE,1,FALSE
210002542892_J0034,210002542892,53,64,adaptacao climatica; gestao de risco,relevante,TRUE,FALSE,FALSE,TRUE,FALSE,FALSE,FALSE,FALSE,FALSE,FALSE,FALSE,FALSE,FALSE,TRUE,2,relevante,TRUE,FALSE,FALSE,TRUE,FALSE,FALSE,FALSE,FALSE,FALSE,FALSE,FALSE,FALSE,FALSE,TRUE,2,FALSE,FALSE,FALSE,FALSE,FALSE,0,TRUE,TRUE,TRUE,2,FALSE
210002542892_J0035,210002542892,53,54,resiliencia; mudancas climaticas; eventos extremos,relevante,FALSE,FALSE,FALSE,TRUE,FALSE,FALSE,FALSE,FALSE,FALSE,FALSE,FALSE,FALSE,FALSE,TRUE,2,relevante,,,,,,,,,,,,,,,,FALSE,FALSE,FALSE,FALSE,FALSE,0,TRUE,TRUE,TRUE,2,FALSE
210002542892_J0036,210002542892,53,20,mudancas climaticas,clima_geral,,,,,,,,,,,,,,,,clima_geral,,,,,,,,,,,,,,,,FALSE,FALSE,FALSE,FALSE,FALSE,0,FALSE,FALSE,TRUE,,FALSE
210002542892_J0037,210002542892,54,405,adaptacao climatica; mudancas climaticas; vulnerabilidade; resiliencia; eventos extremos; resiliencia climatica,relevante,TRUE,FALSE,TRUE,FALSE,FALSE,FALSE,FALSE,FALSE,FALSE,FALSE,FALSE,FALSE,FALSE,TRUE,2,relevante,TRUE,FALSE,FALSE,TRUE,FALSE,FALSE,FALSE,FALSE,FALSE,FALSE,FALSE,FALSE,FALSE,TRUE,2,FALSE,FALSE,TRUE,FALSE,FALSE,1,TRUE,TRUE,TRUE,2,FALSE
210002542892_J0038,210002542892,54,21,vulnerabilidade; resiliencia,relevante,FALSE,FALSE,FALSE,TRUE,FALSE,FALSE,FALSE,FALSE,FALSE,FALSE,FALSE,FALSE,FALSE,TRUE,2,relevante,,,,,,,,,,,,,,,,FALSE,FALSE,FALSE,FALSE,FALSE,0,TRUE,TRUE,TRUE,2,FALSE
210002542892_J0039,210002542892,55,207,mudancas climaticas; resiliencia; gestao de risco; defesa civil; eventos climaticos; desastre,relevante,TRUE,TRUE,FALSE,TRUE,FALSE,FALSE,FALSE,FALSE,FALSE,FALSE,FALSE,FALSE,FALSE,TRUE,3,relevante,TRUE,TRUE,FALSE,TRUE,FALSE,FALSE,FALSE,FALSE,FALSE,FALSE,FALSE,FALSE,FALSE,TRUE,3,FALSE,FALSE,FALSE,FALSE,TRUE,1,TRUE,TRUE,TRUE,3,FALSE
210002542892_J0040,210002542892,55,99,cheias; defesa civil; vulnerabilidade; resiliencia; alerta,relevante,TRUE,FALSE,TRUE,FALSE,TRUE,FALSE,FALSE,FALSE,FALSE,FALSE,FALSE,FALSE,FALSE,FALSE,2,relevante,,,,,,,,,,,,,,,,FALSE,FALSE,FALSE,FALSE,TRUE,1,TRUE,TRUE,TRUE,2,FALSE
210002542892_J0041,210002542892,56,37,eventos extremos,relevante,TRUE,FALSE,FALSE,FALSE,FALSE,FALSE,FALSE,FALSE,FALSE,FALSE,FALSE,FALSE,FALSE,TRUE,3,relevante,,,,,,,,,,,,,,,,FALSE,FALSE,FALSE,TRUE,FALSE,1,TRUE,TRUE,TRUE,3,FALSE
210002542892_J0042,210002542892,56,175,eventos extremos; defesa civil; resiliencia; eventos climaticos; enchente,relevante,TRUE,FALSE,FALSE,FALSE,TRUE,FALSE,TRUE,FALSE,FALSE,FALSE,FALSE,FALSE,FALSE,FALSE,3,relevante,,,,,,,,,,,,,,,,FALSE,FALSE,FALSE,TRUE,TRUE,2,TRUE,TRUE,TRUE,3,FALSE
210002542892_J0043,210002542892,56,212,vulnerabilidade; contingencia; defesa civil; mudancas climaticas; adaptacao climatica; gestao de risco,relevante,TRUE,TRUE,FALSE,TRUE,FALSE,FALSE,FALSE,FALSE,FALSE,FALSE,FALSE,FALSE,FALSE,TRUE,2,relevante,,,,,,,,,,,,,,,,FALSE,FALSE,FALSE,TRUE,TRUE,2,TRUE,TRUE,TRUE,2,FALSE
210002542892_J0044,210002542892,57,104,barragens; defesa civil; resiliencia; eventos climaticos,relevante,TRUE,FALSE,FALSE,FALSE,FALSE,FALSE,TRUE,FALSE,FALSE,FALSE,FALSE,FALSE,FALSE,TRUE,2,relevante,,,,,,,,,,,,,,,,FALSE,FALSE,FALSE,TRUE,TRUE,2,TRUE,TRUE,TRUE,2,FALSE
210002542892_J0045,210002542892,57,15,adaptacao climatica,relevante,FALSE,FALSE,FALSE,TRUE,FALSE,FALSE,FALSE,FALSE,FALSE,FALSE,FALSE,FALSE,FALSE,FALSE,2,relevante,,,,,,,,,,,,,,,,FALSE,FALSE,FALSE,FALSE,FALSE,0,TRUE,TRUE,TRUE,2,FALSE
210002542892_J0046,210002542892,57,126,eventos climaticos; adaptacao climatica; vulnerabilidade; resiliencia climatica; eventos extremos,relevante,TRUE,FALSE,FALSE,FALSE,FALSE,FALSE,FALSE,FALSE,FALSE,FALSE,FALSE,FALSE,FALSE,TRUE,3,relevante,FALSE,TRUE,FALSE,TRUE,FALSE,FALSE,FALSE,FALSE,FALSE,FALSE,FALSE,FALSE,FALSE,TRUE,2,FALSE,FALSE,FALSE,FALSE,FALSE,0,TRUE,TRUE,TRUE,3,FALSE
210002542892_J0047,210002542892,58,100,desastre; cheias; eventos climaticos; resiliencia; barragens,relevante,TRUE,FALSE,FALSE,FALSE,TRUE,FALSE,FALSE,FALSE,FALSE,FALSE,FALSE,FALSE,FALSE,FALSE,3,relevante,TRUE,FALSE,FALSE,TRUE,TRUE,FALSE,FALSE,FALSE,FALSE,FALSE,FALSE,FALSE,FALSE,TRUE,2,FALSE,FALSE,FALSE,FALSE,FALSE,0,TRUE,TRUE,TRUE,3,FALSE
210002542892_J0048,210002542892,58,123,resiliencia; defesa civil; eventos extremos; vulnerabilidade; mudancas climaticas,relevante,TRUE,FALSE,FALSE,FALSE,FALSE,FALSE,FALSE,FALSE,FALSE,FALSE,FALSE,FALSE,FALSE,TRUE,3,relevante,,,,,,,,,,,,,,,,FALSE,FALSE,FALSE,FALSE,TRUE,1,TRUE,TRUE,TRUE,3,FALSE
210002542892_J0049,210002542892,58,40,mudancas climaticas,relevante,TRUE,FALSE,FALSE,FALSE,FALSE,FALSE,TRUE,FALSE,FALSE,FALSE,FALSE,FALSE,FALSE,FALSE,2,relevante,FALSE,FALSE,FALSE,TRUE,FALSE,FALSE,TRUE,FALSE,FALSE,FALSE,FALSE,FALSE,FALSE,FALSE,2,FALSE,FALSE,FALSE,FALSE,FALSE,0,TRUE,TRUE,TRUE,2,FALSE
210002542892_J0050,210002542892,59,72,eventos climaticos,relevante,FALSE,FALSE,FALSE,TRUE,FALSE,FALSE,FALSE,FALSE,FALSE,FALSE,FALSE,FALSE,FALSE,TRUE,2,relevante,,,,,,,,,,,,,,,,FALSE,FALSE,FALSE,FALSE,FALSE,0,TRUE,TRUE,TRUE,2,FALSE
210002542892_J0051,210002542892,60,61,riscos climaticos,relevante,TRUE,FALSE,FALSE,FALSE,FALSE,FALSE,FALSE,FALSE,FALSE,FALSE,FALSE,FALSE,FALSE,TRUE,2,relevante,FALSE,FALSE,FALSE,TRUE,FALSE,FALSE,FALSE,FALSE,FALSE,FALSE,FALSE,FALSE,FALSE,TRUE,0,FALSE,FALSE,FALSE,FALSE,FALSE,0,TRUE,TRUE,TRUE,2,FALSE
210002542892_J0052,210002542892,60,106,eventos climaticos,relevante,FALSE,FALSE,FALSE,FALSE,FALSE,FALSE,FALSE,FALSE,FALSE,FALSE,FALSE,FALSE,FALSE,TRUE,1,relevante,FALSE,FALSE,FALSE,FALSE,FALSE,FALSE,FALSE,FALSE,FALSE,FALSE,FALSE,FALSE,FALSE,TRUE,1,FALSE,FALSE,FALSE,FALSE,FALSE,0,TRUE,TRUE,TRUE,1,FALSE
210002542892_J0053,210002542892,61,71,mudancas climaticas,clima_geral,,,,,,,,,,,,,,,,relevante,,,,,,,,,,,,,,,,FALSE,FALSE,FALSE,FALSE,FALSE,0,FALSE,TRUE,FALSE,,FALSE
210002542892_J0054,210002542892,61,80,resiliencia climatica,clima_geral,,,,,,,,,,,,,,,,clima_geral,,,,,,,,,,,,,,,,FALSE,FALSE,FALSE,FALSE,FALSE,0,FALSE,FALSE,TRUE,,FALSE
210002547857_J0001,210002547857,3,54,enchente,relevante,FALSE,FALSE,FALSE,FALSE,TRUE,FALSE,FALSE,FALSE,FALSE,FALSE,FALSE,FALSE,FALSE,FALSE,1,relevante,,,,,,,,,,,,,,,,FALSE,FALSE,TRUE,FALSE,FALSE,1,TRUE,TRUE,TRUE,1,FALSE
210002547857_J0002,210002547857,13,391,defesa civil; resiliencia climatica; eventos extremos; gestao de risco; enchente; eventos climaticos,relevante,TRUE,FALSE,TRUE,TRUE,TRUE,FALSE,FALSE,FALSE,FALSE,FALSE,FALSE,FALSE,FALSE,FALSE,3,relevante,TRUE,TRUE,TRUE,TRUE,TRUE,FALSE,FALSE,FALSE,FALSE,FALSE,FALSE,FALSE,FALSE,FALSE,2,TRUE,TRUE,TRUE,TRUE,TRUE,5,TRUE,TRUE,TRUE,3,FALSE
210002547857_J0003,210002547857,14,243,alerta; sirene; contingencia; desastre; inundac; enxurrada,relevante,TRUE,FALSE,FALSE,FALSE,TRUE,TRUE,TRUE,TRUE,FALSE,FALSE,FALSE,FALSE,FALSE,FALSE,3,relevante,,,,,,,,,,,,,,,,FALSE,FALSE,FALSE,FALSE,FALSE,0,TRUE,TRUE,TRUE,3,FALSE
210002547857_J0004,210002547857,15,49,eventos extremos,relevante,TRUE,FALSE,FALSE,FALSE,FALSE,FALSE,FALSE,FALSE,FALSE,FALSE,FALSE,FALSE,FALSE,TRUE,2,relevante,,,,,,,,,,,,,,,,FALSE,FALSE,FALSE,FALSE,FALSE,0,TRUE,TRUE,TRUE,2,FALSE
210002547857_J0005,210002547857,15,79,alerta; desastre,relevante,FALSE,TRUE,TRUE,FALSE,FALSE,FALSE,FALSE,FALSE,FALSE,FALSE,FALSE,FALSE,FALSE,TRUE,3,relevante,,,,,,,,,,,,,,,,FALSE,FALSE,FALSE,FALSE,FALSE,0,TRUE,TRUE,TRUE,3,FALSE
210002547857_J0006,210002547857,16,105,mudancas climaticas,relevante,TRUE,FALSE,FALSE,FALSE,FALSE,FALSE,FALSE,FALSE,FALSE,FALSE,FALSE,FALSE,FALSE,FALSE,1,clima_geral,,,,,,,,,,,,,,,,FALSE,FALSE,FALSE,FALSE,FALSE,0,TRUE,FALSE,FALSE,1,FALSE
210002547857_J0007,210002547857,18,82,desastre,nao_relevante,,,,,,,,,,,,,,,,relevante,,,,,,,,,,,,,,,,FALSE,FALSE,FALSE,FALSE,FALSE,0,FALSE,TRUE,FALSE,,FALSE
210002547857_J0008,210002547857,25,107,desastre,relevante,TRUE,FALSE,FALSE,FALSE,FALSE,FALSE,FALSE,FALSE,FALSE,FALSE,FALSE,FALSE,FALSE,FALSE,3,nao_relevante,,,,,,,,,,,,,,,,FALSE,FALSE,FALSE,FALSE,FALSE,0,TRUE,FALSE,FALSE,3,FALSE
210002547857_J0009,210002547857,33,151,desastre; contingencia,relevante,TRUE,FALSE,FALSE,FALSE,FALSE,FALSE,FALSE,FALSE,FALSE,FALSE,FALSE,FALSE,FALSE,TRUE,3,relevante,,,,,,,,,,,,,,,,FALSE,FALSE,FALSE,FALSE,FALSE,0,TRUE,TRUE,TRUE,3,FALSE
210002547857_J0010,210002547857,34,78,eventos climaticos; vulnerabilidade,relevante,FALSE,FALSE,FALSE,FALSE,FALSE,FALSE,FALSE,FALSE,FALSE,FALSE,FALSE,FALSE,FALSE,TRUE,1,relevante,,,,,,,,,,,,,,,,FALSE,FALSE,FALSE,FALSE,FALSE,0,TRUE,TRUE,TRUE,1,FALSE
210002547857_J0011,210002547857,36,110,desastre; eventos extremos,relevante,FALSE,TRUE,FALSE,FALSE,FALSE,FALSE,FALSE,FALSE,FALSE,FALSE,FALSE,FALSE,FALSE,TRUE,3,relevante,,,,,,,,,,,,,,,,FALSE,FALSE,FALSE,FALSE,FALSE,0,TRUE,TRUE,TRUE,3,FALSE
210002547857_J0012,210002547857,41,92,eventos climaticos,relevante,FALSE,FALSE,FALSE,FALSE,FALSE,FALSE,FALSE,FALSE,FALSE,FALSE,FALSE,FALSE,FALSE,TRUE,1,relevante,FALSE,FALSE,FALSE,TRUE,FALSE,FALSE,FALSE,FALSE,FALSE,FALSE,FALSE,FALSE,FALSE,TRUE,1,FALSE,FALSE,FALSE,FALSE,FALSE,0,TRUE,TRUE,TRUE,1,FALSE
210002547857_J0013,210002547857,44,190,vulnerabilidade; enchente; riscos climaticos; resiliencia climatica,relevante,TRUE,FALSE,FALSE,FALSE,TRUE,FALSE,TRUE,FALSE,FALSE,FALSE,FALSE,FALSE,FALSE,FALSE,3,relevante,FALSE,FALSE,FALSE,TRUE,TRUE,FALSE,TRUE,FALSE,FALSE,FALSE,FALSE,FALSE,FALSE,FALSE,1,FALSE,FALSE,FALSE,FALSE,FALSE,0,TRUE,TRUE,TRUE,3,FALSE
210002547857_J0014,210002547857,44,217,erosao; vulnerabilidade; secas; riscos climaticos; desastre; resiliencia,relevante,TRUE,FALSE,FALSE,FALSE,TRUE,FALSE,TRUE,FALSE,FALSE,FALSE,FALSE,FALSE,FALSE,FALSE,3,relevante,,,,,,,,,,,,,,,,FALSE,FALSE,FALSE,FALSE,FALSE,0,TRUE,TRUE,TRUE,3,FALSE
210002547857_J0015,210002547857,46,88,defesa civil,relevante,FALSE,TRUE,FALSE,FALSE,FALSE,FALSE,FALSE,FALSE,FALSE,FALSE,FALSE,FALSE,FALSE,TRUE,3,relevante,,,,,,,,,,,,,,,,FALSE,FALSE,FALSE,FALSE,TRUE,1,TRUE,TRUE,TRUE,3,FALSE
210002547857_J0016,210002547857,50,102,eventos climaticos; resiliencia,relevante,FALSE,FALSE,TRUE,FALSE,FALSE,FALSE,FALSE,FALSE,FALSE,FALSE,FALSE,FALSE,FALSE,TRUE,1,relevante,,,,,,,,,,,,,,,,FALSE,FALSE,FALSE,FALSE,FALSE,0,TRUE,TRUE,TRUE,1,FALSE
210002547857_J0017,210002547857,52,115,contingencia; eventos extremos; defesa civil,relevante,TRUE,FALSE,TRUE,FALSE,FALSE,FALSE,FALSE,FALSE,FALSE,FALSE,FALSE,FALSE,FALSE,TRUE,2,relevante,TRUE,TRUE,TRUE,TRUE,FALSE,FALSE,FALSE,FALSE,FALSE,FALSE,FALSE,FALSE,FALSE,TRUE,2,FALSE,FALSE,FALSE,FALSE,TRUE,1,TRUE,TRUE,TRUE,2,FALSE
210002547857_J0018,210002547857,53,119,eventos climaticos,relevante,FALSE,FALSE,FALSE,FALSE,FALSE,FALSE,FALSE,FALSE,FALSE,FALSE,FALSE,FALSE,FALSE,TRUE,1,relevante,,,,,,,,,,,,,,,,FALSE,FALSE,FALSE,FALSE,FALSE,0,TRUE,TRUE,TRUE,1,FALSE
210002547857_J0019,210002547857,57,246,eventos climaticos; vulnerabilidade; resiliencia; resiliencia climatica,relevante,TRUE,FALSE,FALSE,FALSE,FALSE,FALSE,FALSE,FALSE,FALSE,FALSE,FALSE,FALSE,FALSE,TRUE,3,relevante,,,,,,,,,,,,,,,,FALSE,FALSE,TRUE,FALSE,FALSE,1,TRUE,TRUE,TRUE,3,FALSE
210002547857_J0020,210002547857,60,250,eventos climaticos; vulnerabilidade; resiliencia,relevante,TRUE,FALSE,FALSE,TRUE,FALSE,FALSE,FALSE,FALSE,FALSE,FALSE,FALSE,FALSE,FALSE,TRUE,2,relevante,,,,,,,,,,,,,,,,FALSE,FALSE,TRUE,FALSE,FALSE,1,TRUE,TRUE,TRUE,2,FALSE
210002547857_J0021,210002547857,62,79,eventos extremos,relevante,TRUE,FALSE,FALSE,FALSE,FALSE,FALSE,FALSE,FALSE,FALSE,FALSE,FALSE,FALSE,FALSE,FALSE,3,relevante,,,,,,,,,,,,,,,,FALSE,FALSE,FALSE,FALSE,FALSE,0,TRUE,TRUE,TRUE,3,FALSE
210002547857_J0022,210002547857,63,281,areas de risco; desastre; mudancas climaticas,relevante,TRUE,FALSE,TRUE,FALSE,FALSE,FALSE,FALSE,FALSE,FALSE,FALSE,FALSE,FALSE,FALSE,TRUE,3,relevante,TRUE,TRUE,TRUE,TRUE,FALSE,FALSE,FALSE,FALSE,FALSE,FALSE,FALSE,FALSE,FALSE,TRUE,1,FALSE,FALSE,TRUE,FALSE,FALSE,1,TRUE,TRUE,TRUE,3,FALSE
210002547857_J0023,210002547857,66,236,resiliencia; eventos climaticos; enchente; eventos extremos,relevante,TRUE,FALSE,FALSE,TRUE,TRUE,FALSE,FALSE,FALSE,FALSE,FALSE,FALSE,FALSE,FALSE,FALSE,1,relevante,FALSE,FALSE,FALSE,TRUE,TRUE,FALSE,FALSE,FALSE,FALSE,FALSE,FALSE,FALSE,FALSE,TRUE,1,FALSE,FALSE,TRUE,FALSE,FALSE,1,TRUE,TRUE,TRUE,1,FALSE
210002547857_J0024,210002547857,66,160,resiliencia; eventos extremos; defesa civil,relevante,TRUE,TRUE,FALSE,FALSE,FALSE,FALSE,FALSE,FALSE,FALSE,FALSE,FALSE,FALSE,FALSE,FALSE,3,relevante,,,,,,,,,,,,,,,,FALSE,FALSE,FALSE,TRUE,TRUE,2,TRUE,TRUE,TRUE,3,FALSE
210002547857_J0025,210002547857,70,108,riscos climaticos,relevante,FALSE,FALSE,FALSE,FALSE,FALSE,FALSE,FALSE,FALSE,FALSE,FALSE,FALSE,FALSE,FALSE,TRUE,2,relevante,,,,,,,,,,,,,,,,FALSE,FALSE,FALSE,FALSE,FALSE,0,TRUE,TRUE,TRUE,2,FALSE
210002547857_J0026,210002547857,75,76,defesa civil,relevante,TRUE,FALSE,FALSE,FALSE,FALSE,FALSE,FALSE,FALSE,FALSE,FALSE,FALSE,FALSE,FALSE,TRUE,3,relevante,TRUE,FALSE,FALSE,FALSE,FALSE,FALSE,FALSE,FALSE,FALSE,FALSE,FALSE,FALSE,FALSE,TRUE,3,FALSE,FALSE,FALSE,FALSE,TRUE,1,TRUE,TRUE,TRUE,3,FALSE
210002547857_J0027,210002547857,77,141,calamidade; eventos extremos,relevante,TRUE,FALSE,FALSE,FALSE,FALSE,FALSE,FALSE,FALSE,FALSE,FALSE,FALSE,FALSE,FALSE,TRUE,3,nao_relevante,,,,,,,,,,,,,,,,FALSE,FALSE,FALSE,FALSE,FALSE,0,TRUE,FALSE,FALSE,3,FALSE
210002547857_J0028,210002547857,79,109,desastre,nao_relevante,,,,,,,,,,,,,,,,relevante,,,,,,,,,,,,,,,,FALSE,FALSE,FALSE,FALSE,FALSE,0,FALSE,TRUE,FALSE,,FALSE
210002547857_J0029,210002547857,85,249,gestao de risco; vulnerabilidade,nao_relevante,,,,,,,,,,,,,,,,nao_relevante,,,,,,,,,,,,,,,,FALSE,FALSE,FALSE,FALSE,FALSE,0,FALSE,FALSE,TRUE,,FALSE
210002547857_J0030,210002547857,92,111,eventos climaticos,relevante,FALSE,FALSE,TRUE,FALSE,FALSE,FALSE,FALSE,FALSE,FALSE,FALSE,FALSE,FALSE,FALSE,TRUE,2,relevante,,,,,,,,,,,,,,,,FALSE,FALSE,FALSE,FALSE,FALSE,0,TRUE,TRUE,TRUE,2,FALSE
210002547857_J0031,210002547857,93,219,desastre; eventos climaticos,relevante,TRUE,FALSE,TRUE,TRUE,FALSE,FALSE,FALSE,FALSE,FALSE,FALSE,FALSE,FALSE,FALSE,TRUE,3,relevante,TRUE,FALSE,TRUE,TRUE,FALSE,FALSE,FALSE,FALSE,FALSE,FALSE,FALSE,FALSE,FALSE,TRUE,2,FALSE,FALSE,FALSE,FALSE,FALSE,0,TRUE,TRUE,TRUE,3,FALSE
210002547857_J0032,210002547857,95,310,eventos climaticos; enchente; resiliencia climatica; mudancas climaticas; eventos extremos,relevante,TRUE,FALSE,TRUE,TRUE,TRUE,FALSE,FALSE,FALSE,FALSE,FALSE,FALSE,FALSE,FALSE,FALSE,2,relevante,TRUE,FALSE,FALSE,TRUE,TRUE,FALSE,FALSE,FALSE,FALSE,FALSE,FALSE,FALSE,FALSE,TRUE,1,FALSE,FALSE,TRUE,TRUE,FALSE,2,TRUE,TRUE,TRUE,2,FALSE
210002547857_J0033,210002547857,96,147,cheias; mudancas climaticas; inundac,relevante,TRUE,FALSE,FALSE,TRUE,TRUE,FALSE,TRUE,FALSE,FALSE,FALSE,FALSE,FALSE,FALSE,FALSE,3,relevante,,,,,,,,,,,,,,,,FALSE,FALSE,FALSE,TRUE,FALSE,1,TRUE,TRUE,TRUE,3,FALSE
210002547857_J0034,210002547857,101,100,resiliencia climatica,clima_geral,,,,,,,,,,,,,,,,clima_geral,,,,,,,,,,,,,,,,FALSE,FALSE,FALSE,FALSE,FALSE,0,FALSE,FALSE,TRUE,,FALSE
210002547857_J0035,210002547857,102,38,cheias; inundac,relevante,TRUE,FALSE,FALSE,FALSE,TRUE,FALSE,FALSE,FALSE,FALSE,FALSE,FALSE,FALSE,FALSE,FALSE,2,relevante,,,,,,,,,,,,,,,,FALSE,FALSE,FALSE,FALSE,FALSE,0,TRUE,TRUE,TRUE,2,FALSE
210002547857_J0036,210002547857,102,25,inundac; defesa civil; resiliencia climatica,relevante,TRUE,FALSE,FALSE,FALSE,TRUE,FALSE,FALSE,FALSE,FALSE,FALSE,FALSE,FALSE,FALSE,FALSE,3,relevante,TRUE,FALSE,TRUE,FALSE,TRUE,FALSE,FALSE,FALSE,FALSE,FALSE,FALSE,FALSE,FALSE,FALSE,2,FALSE,FALSE,FALSE,FALSE,TRUE,1,TRUE,TRUE,TRUE,3,FALSE
210002547857_J0037,210002547857,102,14,defesa civil; resiliencia climatica,relevante,FALSE,FALSE,FALSE,FALSE,FALSE,FALSE,FALSE,FALSE,FALSE,FALSE,FALSE,FALSE,FALSE,TRUE,0,relevante,FALSE,FALSE,FALSE,FALSE,FALSE,FALSE,FALSE,FALSE,FALSE,FALSE,FALSE,FALSE,FALSE,TRUE,0,FALSE,FALSE,FALSE,FALSE,TRUE,1,TRUE,TRUE,TRUE,0,FALSE
210002547857_J0038,210002547857,104,36,desastre,relevante,TRUE,FALSE,FALSE,FALSE,FALSE,FALSE,FALSE,FALSE,FALSE,FALSE,FALSE,FALSE,FALSE,TRUE,1,relevante,TRUE,FALSE,FALSE,FALSE,FALSE,FALSE,FALSE,FALSE,FALSE,FALSE,FALSE,FALSE,FALSE,TRUE,1,FALSE,FALSE,FALSE,FALSE,FALSE,0,TRUE,TRUE,TRUE,1,FALSE
210002547857_J0039,210002547857,104,12,defesa civil; resiliencia climatica,relevante,FALSE,FALSE,FALSE,FALSE,FALSE,FALSE,FALSE,FALSE,FALSE,FALSE,FALSE,FALSE,FALSE,TRUE,0,relevante,,,,,,,,,,,,,,,,FALSE,FALSE,FALSE,FALSE,TRUE,1,TRUE,TRUE,TRUE,0,FALSE
210002547857_J0040,210002547857,105,39,risco climatico,relevante,TRUE,FALSE,FALSE,FALSE,FALSE,FALSE,FALSE,FALSE,FALSE,FALSE,FALSE,FALSE,FALSE,TRUE,1,relevante,FALSE,FALSE,FALSE,FALSE,FALSE,FALSE,FALSE,FALSE,FALSE,FALSE,FALSE,FALSE,FALSE,TRUE,1,FALSE,FALSE,FALSE,FALSE,FALSE,0,TRUE,TRUE,TRUE,1,FALSE
210002547857_J0041,210002547857,105,15,defesa civil; resiliencia climatica,relevante,FALSE,FALSE,FALSE,FALSE,FALSE,FALSE,FALSE,FALSE,FALSE,FALSE,FALSE,FALSE,FALSE,FALSE,0,relevante,,,,,,,,,,,,,,,,FALSE,FALSE,FALSE,FALSE,TRUE,1,TRUE,TRUE,TRUE,0,FALSE
210002551508_J0001,210002551508,2,119,mudancas climaticas,clima_geral,,,,,,,,,,,,,,,,clima_geral,,,,,,,,,,,,,,,,FALSE,FALSE,FALSE,FALSE,FALSE,0,FALSE,FALSE,TRUE,,FALSE
210002551508_J0002,210002551508,3,50,catastrofe,relevante,FALSE,FALSE,FALSE,FALSE,FALSE,FALSE,FALSE,FALSE,FALSE,FALSE,FALSE,FALSE,FALSE,TRUE,1,relevante,,,,,,,,,,,,,,,,FALSE,FALSE,FALSE,FALSE,FALSE,0,TRUE,TRUE,TRUE,1,FALSE
210002551508_J0003,210002551508,3,70,tempestade,nao_relevante,,,,,,,,,,,,,,,,nao_relevante,,,,,,,,,,,,,,,,FALSE,FALSE,FALSE,FALSE,FALSE,0,FALSE,FALSE,TRUE,,FALSE
210002551508_J0005,210002551508,5,18,defesa civil; riscos climaticos,relevante,FALSE,FALSE,FALSE,FALSE,FALSE,FALSE,FALSE,FALSE,FALSE,FALSE,FALSE,FALSE,FALSE,TRUE,2,relevante,,,,,,,,,,,,,,,,FALSE,FALSE,FALSE,FALSE,TRUE,1,TRUE,TRUE,TRUE,2,FALSE
210002551508_J0006,210002551508,7,55,desastre; resiliencia climatica,relevante,FALSE,FALSE,FALSE,FALSE,FALSE,FALSE,FALSE,FALSE,FALSE,FALSE,FALSE,FALSE,FALSE,TRUE,2,relevante,FALSE,FALSE,FALSE,FALSE,FALSE,FALSE,FALSE,FALSE,FALSE,FALSE,FALSE,FALSE,FALSE,TRUE,2,FALSE,FALSE,FALSE,FALSE,FALSE,0,TRUE,TRUE,TRUE,2,FALSE
210002551508_J0007,210002551508,7,77,desastre; adaptacao climatica,relevante,TRUE,FALSE,FALSE,TRUE,FALSE,FALSE,FALSE,FALSE,FALSE,FALSE,FALSE,FALSE,FALSE,TRUE,3,relevante,,,,,,,,,,,,,,,,FALSE,FALSE,FALSE,FALSE,FALSE,0,TRUE,TRUE,TRUE,3,FALSE
210002551508_J0008,210002551508,10,120,eventos climaticos,relevante,FALSE,FALSE,FALSE,FALSE,FALSE,FALSE,FALSE,FALSE,FALSE,FALSE,FALSE,FALSE,FALSE,TRUE,1,relevante,FALSE,FALSE,FALSE,FALSE,FALSE,FALSE,FALSE,FALSE,FALSE,FALSE,FALSE,FALSE,FALSE,FALSE,1,FALSE,FALSE,FALSE,FALSE,FALSE,0,TRUE,TRUE,TRUE,1,FALSE
210002551508_J0009,210002551508,11,89,desastre; vulnerabilidade,relevante,FALSE,FALSE,FALSE,FALSE,FALSE,FALSE,FALSE,FALSE,FALSE,FALSE,FALSE,FALSE,FALSE,TRUE,1,relevante,,,,,,,,,,,,,,,,FALSE,FALSE,FALSE,FALSE,FALSE,0,TRUE,TRUE,TRUE,1,FALSE
210002551508_J0010,210002551508,12,86,calamidade,relevante,FALSE,TRUE,FALSE,FALSE,FALSE,FALSE,FALSE,FALSE,FALSE,FALSE,FALSE,FALSE,FALSE,TRUE,3,relevante,,,,,,,,,,,,,,,,FALSE,FALSE,FALSE,FALSE,FALSE,0,TRUE,TRUE,TRUE,3,FALSE
210002551508_J0011,210002551508,13,82,encosta; inundac; deslizament,relevante,FALSE,FALSE,FALSE,FALSE,TRUE,TRUE,FALSE,FALSE,FALSE,FALSE,FALSE,FALSE,FALSE,FALSE,1,relevante,FALSE,FALSE,FALSE,FALSE,TRUE,TRUE,FALSE,FALSE,FALSE,FALSE,FALSE,FALSE,FALSE,FALSE,1,FALSE,FALSE,TRUE,FALSE,FALSE,1,TRUE,TRUE,TRUE,1,FALSE
210002551508_J0012,210002551508,13,224,mudancas climaticas; reducao de risco; areas de risco; desastre; inundac; deslizament,relevante,TRUE,FALSE,FALSE,FALSE,TRUE,TRUE,FALSE,FALSE,FALSE,FALSE,FALSE,FALSE,FALSE,FALSE,3,relevante,,,,,,,,,,,,,,,,FALSE,FALSE,FALSE,FALSE,FALSE,0,TRUE,TRUE,TRUE,3,FALSE
210002551508_J0013,210002551508,15,68,crise climatica,clima_geral,,,,,,,,,,,,,,,,clima_geral,,,,,,,,,,,,,,,,FALSE,FALSE,TRUE,FALSE,FALSE,1,FALSE,FALSE,TRUE,,FALSE
210002551508_J0014,210002551508,15,81,eventos climaticos,relevante,TRUE,FALSE,FALSE,FALSE,FALSE,FALSE,FALSE,FALSE,FALSE,FALSE,FALSE,FALSE,FALSE,TRUE,2,relevante,,,,,,,,,,,,,,,,FALSE,FALSE,FALSE,FALSE,FALSE,0,TRUE,TRUE,TRUE,2,FALSE
210002551508_J0015,210002551508,21,110,enchente; desastre,relevante,FALSE,TRUE,FALSE,FALSE,TRUE,FALSE,FALSE,FALSE,FALSE,FALSE,FALSE,FALSE,FALSE,FALSE,2,relevante,,,,,,,,,,,,,,,,FALSE,FALSE,FALSE,FALSE,FALSE,0,TRUE,TRUE,TRUE,2,FALSE
210002551508_J0016,210002551508,22,69,desastre; defesa civil; vulnerabilidade,relevante,FALSE,TRUE,FALSE,FALSE,FALSE,FALSE,FALSE,FALSE,FALSE,FALSE,FALSE,FALSE,FALSE,TRUE,3,relevante,,,,,,,,,,,,,,,,FALSE,FALSE,FALSE,FALSE,TRUE,1,TRUE,TRUE,TRUE,3,FALSE
210002551508_J0017,210002551508,23,368,resiliencia climatica; eventos climaticos; vulnerabilidade; inundac,relevante,TRUE,FALSE,FALSE,TRUE,TRUE,FALSE,FALSE,FALSE,FALSE,FALSE,FALSE,FALSE,FALSE,FALSE,3,relevante,,,,,,,,,,,,,,,,FALSE,FALSE,FALSE,FALSE,FALSE,0,TRUE,TRUE,TRUE,3,FALSE
210002551508_J0018,210002551508,24,104,vulnerabilidade; eventos climaticos,relevante,FALSE,FALSE,FALSE,FALSE,FALSE,FALSE,FALSE,FALSE,FALSE,FALSE,FALSE,FALSE,FALSE,TRUE,1,relevante,,,,,,,,,,,,,,,,FALSE,FALSE,FALSE,FALSE,FALSE,0,TRUE,TRUE,TRUE,1,FALSE
210002551508_J0019,210002551508,25,222,barragens; rejeito; cheias; drenagem; inundac,relevante,TRUE,FALSE,TRUE,FALSE,TRUE,FALSE,TRUE,FALSE,FALSE,FALSE,FALSE,TRUE,FALSE,FALSE,1,relevante,TRUE,FALSE,FALSE,FALSE,TRUE,FALSE,TRUE,FALSE,FALSE,FALSE,FALSE,TRUE,FALSE,FALSE,3,FALSE,FALSE,FALSE,FALSE,FALSE,0,TRUE,TRUE,TRUE,1,FALSE
210002551508_J0020,210002551508,26,153,barragens; alerta; secas; cheias; drenagem; inundac,relevante,TRUE,FALSE,FALSE,TRUE,TRUE,FALSE,TRUE,FALSE,FALSE,FALSE,FALSE,FALSE,FALSE,FALSE,3,relevante,,,,,,,,,,,,,,,,FALSE,FALSE,FALSE,TRUE,FALSE,1,TRUE,TRUE,TRUE,3,FALSE
210002551508_J0021,210002551508,26,90,emergencia climatica,relevante,FALSE,FALSE,FALSE,FALSE,FALSE,FALSE,FALSE,FALSE,FALSE,FALSE,FALSE,FALSE,FALSE,FALSE,2,clima_geral,,,,,,,,,,,,,,,,FALSE,FALSE,FALSE,FALSE,FALSE,0,TRUE,FALSE,FALSE,2,FALSE
210002551508_J0022,210002551508,27,65,areas de risco,relevante,TRUE,FALSE,FALSE,FALSE,FALSE,FALSE,FALSE,FALSE,FALSE,FALSE,FALSE,FALSE,FALSE,TRUE,2,relevante,,,,,,,,,,,,,,,,FALSE,FALSE,FALSE,FALSE,FALSE,0,TRUE,TRUE,TRUE,2,FALSE
210002551508_J0023,210002551508,27,378,defesa civil; riscos climaticos; catastrofe; desastre; contingencia; areas de risco,relevante,TRUE,FALSE,FALSE,FALSE,TRUE,TRUE,FALSE,FALSE,FALSE,FALSE,FALSE,FALSE,FALSE,FALSE,3,relevante,TRUE,FALSE,FALSE,TRUE,TRUE,TRUE,FALSE,FALSE,FALSE,FALSE,FALSE,FALSE,FALSE,FALSE,1,FALSE,TRUE,FALSE,TRUE,TRUE,3,TRUE,TRUE,TRUE,3,FALSE
210002551508_J0024,210002551508,28,282,desastre; inundac; eventos climaticos,relevante,TRUE,TRUE,TRUE,FALSE,TRUE,FALSE,FALSE,FALSE,FALSE,FALSE,FALSE,FALSE,FALSE,FALSE,3,relevante,,,,,,,,,,,,,,,,FALSE,FALSE,TRUE,FALSE,FALSE,1,TRUE,TRUE,TRUE,3,FALSE
210002551508_J0025,210002551508,29,87,mudancas climaticas,clima_geral,,,,,,,,,,,,,,,,clima_geral,,,,,,,,,,,,,,,,FALSE,FALSE,FALSE,FALSE,FALSE,0,FALSE,FALSE,TRUE,,FALSE
210002551508_J0026,210002551508,29,82,mudancas climaticas,relevante,FALSE,FALSE,FALSE,TRUE,FALSE,FALSE,FALSE,FALSE,FALSE,FALSE,FALSE,FALSE,FALSE,FALSE,2,clima_geral,,,,,,,,,,,,,,,,FALSE,FALSE,FALSE,FALSE,FALSE,0,TRUE,FALSE,FALSE,2,FALSE
210002551508_J0027,210002551508,30,78,mudancas climaticas; resiliencia,clima_geral,,,,,,,,,,,,,,,,clima_geral,,,,,,,,,,,,,,,,FALSE,FALSE,FALSE,FALSE,FALSE,0,FALSE,FALSE,TRUE,,FALSE
210002551508_J0028,210002551508,30,107,resiliencia climatica,relevante,TRUE,FALSE,FALSE,TRUE,FALSE,FALSE,FALSE,FALSE,FALSE,FALSE,FALSE,FALSE,FALSE,FALSE,2,clima_geral,,,,,,,,,,,,,,,,FALSE,FALSE,FALSE,FALSE,FALSE,0,TRUE,FALSE,FALSE,2,FALSE
210002551508_J0029,210002551508,34,188,catastrofe,relevante,FALSE,FALSE,TRUE,FALSE,FALSE,FALSE,FALSE,FALSE,FALSE,FALSE,FALSE,FALSE,FALSE,TRUE,1,relevante,FALSE,FALSE,TRUE,FALSE,FALSE,FALSE,FALSE,FALSE,FALSE,FALSE,FALSE,FALSE,FALSE,TRUE,1,TRUE,FALSE,TRUE,FALSE,FALSE,2,TRUE,TRUE,TRUE,1,FALSE
210002551508_J0030,210002551508,35,122,resiliencia climatica,relevante,FALSE,FALSE,TRUE,FALSE,FALSE,FALSE,FALSE,FALSE,FALSE,FALSE,FALSE,FALSE,FALSE,FALSE,2,clima_geral,FALSE,FALSE,FALSE,TRUE,FALSE,FALSE,FALSE,FALSE,FALSE,FALSE,FALSE,FALSE,FALSE,FALSE,2,FALSE,FALSE,FALSE,FALSE,FALSE,0,TRUE,FALSE,FALSE,2,FALSE
210002551508_J0031,210002551508,36,98,calamidade,nao_relevante,,,,,,,,,,,,,,,,relevante,,,,,,,,,,,,,,,,FALSE,FALSE,FALSE,FALSE,FALSE,0,FALSE,TRUE,FALSE,,FALSE
220002536806_J0001,220002536806,3,171,adaptacao climatica,relevante,TRUE,FALSE,FALSE,TRUE,FALSE,FALSE,FALSE,FALSE,FALSE,FALSE,FALSE,FALSE,FALSE,TRUE,0,relevante,FALSE,FALSE,FALSE,TRUE,FALSE,FALSE,FALSE,FALSE,FALSE,FALSE,FALSE,FALSE,FALSE,TRUE,0,FALSE,FALSE,FALSE,FALSE,FALSE,0,TRUE,TRUE,TRUE,0,FALSE
220002536806_J0002,220002536806,26,61,vulnerabilidade; cheias; secas,relevante,TRUE,FALSE,FALSE,FALSE,TRUE,FALSE,TRUE,FALSE,FALSE,FALSE,FALSE,FALSE,FALSE,FALSE,2,relevante,,,,,,,,,,,,,,,,FALSE,FALSE,FALSE,FALSE,FALSE,0,TRUE,TRUE,TRUE,2,FALSE
220002536806_J0003,220002536806,32,77,incendios; desastre; defesa civil,relevante,TRUE,TRUE,FALSE,FALSE,FALSE,FALSE,FALSE,FALSE,FALSE,FALSE,FALSE,FALSE,FALSE,TRUE,2,relevante,,,,,,,,,,,,,,,,FALSE,FALSE,FALSE,FALSE,TRUE,1,TRUE,TRUE,TRUE,2,FALSE
220002536806_J0004,220002536806,62,152,drenagem; adaptacao climatica; secas; cheias; incendios; alagament,relevante,TRUE,FALSE,FALSE,TRUE,TRUE,FALSE,TRUE,TRUE,FALSE,FALSE,FALSE,FALSE,FALSE,FALSE,2,relevante,,,,,,,,,,,,,,,,FALSE,FALSE,FALSE,FALSE,FALSE,0,TRUE,TRUE,TRUE,2,FALSE
220002536806_J0005,220002536806,62,32,queimada,relevante,TRUE,FALSE,TRUE,FALSE,FALSE,FALSE,FALSE,TRUE,FALSE,FALSE,FALSE,FALSE,FALSE,FALSE,2,relevante,,,,,,,,,,,,,,,,FALSE,FALSE,FALSE,FALSE,FALSE,0,TRUE,TRUE,TRUE,2,FALSE
220002536806_J0006,220002536806,65,72,contingencia; resiliencia; defesa civil,nao_relevante,,,,,,,,,,,,,,,,relevante,,,,,,,,,,,,,,,,FALSE,FALSE,FALSE,FALSE,TRUE,1,FALSE,TRUE,FALSE,,FALSE
220002536806_J0007,220002536806,67,39,secas; cheias,relevante,TRUE,FALSE,FALSE,FALSE,TRUE,FALSE,TRUE,FALSE,FALSE,FALSE,FALSE,FALSE,FALSE,FALSE,1,relevante,,,,,,,,,,,,,,,,FALSE,FALSE,TRUE,FALSE,FALSE,1,TRUE,TRUE,TRUE,1,FALSE
220002536806_J0008,220002536806,67,49,eventos climaticos,relevante,TRUE,FALSE,FALSE,FALSE,FALSE,FALSE,FALSE,FALSE,FALSE,FALSE,FALSE,FALSE,FALSE,TRUE,2,relevante,TRUE,FALSE,FALSE,FALSE,FALSE,FALSE,FALSE,FALSE,FALSE,FALSE,FALSE,FALSE,FALSE,TRUE,2,FALSE,FALSE,FALSE,FALSE,FALSE,0,TRUE,TRUE,TRUE,2,FALSE
220002536806_J0009,220002536806,71,65,resiliencia; eventos climaticos,relevante,TRUE,FALSE,FALSE,FALSE,FALSE,FALSE,FALSE,FALSE,FALSE,FALSE,FALSE,FALSE,FALSE,TRUE,3,relevante,,,,,,,,,,,,,,,,FALSE,FALSE,FALSE,FALSE,FALSE,0,TRUE,TRUE,TRUE,3,FALSE
220002536806_J0010,220002536806,77,109,secas; cheias; eventos climaticos; defesa civil,relevante,TRUE,FALSE,FALSE,FALSE,TRUE,FALSE,TRUE,FALSE,FALSE,FALSE,FALSE,FALSE,FALSE,FALSE,2,relevante,,,,,,,,,,,,,,,,FALSE,FALSE,FALSE,FALSE,TRUE,1,TRUE,TRUE,TRUE,2,FALSE
220002536806_J0011,220002536806,77,41,enchente; eventos climaticos,relevante,TRUE,FALSE,FALSE,FALSE,TRUE,FALSE,TRUE,FALSE,FALSE,FALSE,FALSE,FALSE,FALSE,FALSE,3,relevante,,,,,,,,,,,,,,,,FALSE,FALSE,FALSE,FALSE,FALSE,0,TRUE,TRUE,TRUE,3,FALSE
220002536806_J0013,220002536806,80,55,drenagem; alagament; riscos ambientais,relevante,TRUE,FALSE,FALSE,FALSE,TRUE,FALSE,FALSE,FALSE,FALSE,FALSE,FALSE,FALSE,FALSE,FALSE,3,relevante,,,,,,,,,,,,,,,,FALSE,FALSE,FALSE,FALSE,FALSE,0,TRUE,TRUE,TRUE,3,FALSE
220002536806_J0014,220002536806,80,168,incendios; secas; cheias; alerta; contingencia; defesa civil,relevante,TRUE,FALSE,FALSE,TRUE,TRUE,FALSE,TRUE,TRUE,FALSE,FALSE,FALSE,FALSE,FALSE,FALSE,3,relevante,,,,,,,,,,,,,,,,FALSE,FALSE,FALSE,TRUE,TRUE,2,TRUE,TRUE,TRUE,3,FALSE
220002536806_J0015,220002536806,82,50,drenagem; defesa civil,nao_relevante,,,,,,,,,,,,,,,,relevante,,,,,,,,,,,,,,,,FALSE,FALSE,FALSE,FALSE,TRUE,1,FALSE,TRUE,FALSE,,FALSE
220002536806_J0016,220002536806,83,14,alagament,relevante,TRUE,FALSE,FALSE,FALSE,TRUE,FALSE,FALSE,FALSE,FALSE,FALSE,FALSE,FALSE,FALSE,FALSE,2,relevante,,,,,,,,,,,,,,,,FALSE,FALSE,FALSE,FALSE,FALSE,0,TRUE,TRUE,TRUE,2,FALSE
220002536806_J0017,220002536806,83,65,drenagem; alagament,relevante,TRUE,FALSE,FALSE,FALSE,TRUE,FALSE,FALSE,FALSE,FALSE,FALSE,FALSE,FALSE,FALSE,FALSE,3,relevante,,,,,,,,,,,,,,,,FALSE,FALSE,FALSE,FALSE,FALSE,0,TRUE,TRUE,TRUE,3,FALSE
220002536806_J0018,220002536806,84,79,alagament; erosao; deslizament; defesa civil,relevante,TRUE,FALSE,FALSE,FALSE,TRUE,TRUE,FALSE,TRUE,FALSE,FALSE,TRUE,FALSE,FALSE,FALSE,2,relevante,TRUE,FALSE,FALSE,FALSE,TRUE,TRUE,FALSE,TRUE,FALSE,FALSE,FALSE,FALSE,FALSE,FALSE,2,FALSE,FALSE,FALSE,FALSE,TRUE,1,TRUE,TRUE,TRUE,2,FALSE
220002536806_J0019,220002536806,87,65,defesa civil,nao_relevante,,,,,,,,,,,,,,,,relevante,,,,,,,,,,,,,,,,FALSE,FALSE,FALSE,FALSE,TRUE,1,FALSE,TRUE,FALSE,,FALSE
220002536806_J0020,220002536806,87,54,secas; cheias,relevante,TRUE,FALSE,FALSE,FALSE,TRUE,FALSE,TRUE,FALSE,TRUE,FALSE,FALSE,FALSE,FALSE,FALSE,1,relevante,,,,,,,,,,,,,,,,FALSE,FALSE,FALSE,FALSE,FALSE,0,TRUE,TRUE,TRUE,1,FALSE
220002536806_J0021,220002536806,87,18,alerta; queimada,relevante,TRUE,FALSE,FALSE,FALSE,FALSE,FALSE,FALSE,TRUE,FALSE,FALSE,FALSE,FALSE,FALSE,FALSE,3,relevante,TRUE,FALSE,FALSE,FALSE,FALSE,FALSE,FALSE,TRUE,FALSE,FALSE,FALSE,FALSE,FALSE,FALSE,2,FALSE,FALSE,FALSE,FALSE,FALSE,0,TRUE,TRUE,TRUE,3,FALSE
220002536806_J0022,220002536806,88,32,adaptacao climatica,relevante,FALSE,FALSE,FALSE,FALSE,FALSE,FALSE,FALSE,FALSE,FALSE,FALSE,FALSE,FALSE,FALSE,FALSE,2,relevante,FALSE,FALSE,FALSE,TRUE,FALSE,FALSE,FALSE,FALSE,FALSE,FALSE,FALSE,FALSE,FALSE,FALSE,2,FALSE,FALSE,FALSE,FALSE,FALSE,0,TRUE,TRUE,TRUE,2,FALSE
220002536806_J0023,220002536806,88,70,queimada,relevante,TRUE,FALSE,FALSE,FALSE,FALSE,FALSE,FALSE,TRUE,FALSE,FALSE,FALSE,FALSE,FALSE,FALSE,3,relevante,,,,,,,,,,,,,,,,FALSE,FALSE,FALSE,TRUE,FALSE,1,TRUE,TRUE,TRUE,3,FALSE
220002536806_J0024,220002536806,89,62,queimada,relevante,TRUE,FALSE,FALSE,FALSE,FALSE,FALSE,FALSE,TRUE,FALSE,FALSE,FALSE,FALSE,FALSE,FALSE,3,relevante,,,,,,,,,,,,,,,,FALSE,FALSE,FALSE,TRUE,FALSE,1,TRUE,TRUE,TRUE,3,FALSE
220002536806_J0025,220002536806,89,59,queimada; mudancas climaticas,clima_geral,,,,,,,,,,,,,,,,relevante,,,,,,,,,,,,,,,,FALSE,FALSE,FALSE,FALSE,FALSE,0,FALSE,TRUE,FALSE,,FALSE
220002536806_J0026,220002536806,108,62,gestao de risco,nao_relevante,,,,,,,,,,,,,,,,nao_relevante,,,,,,,,,,,,,,,,FALSE,FALSE,FALSE,FALSE,FALSE,0,FALSE,FALSE,TRUE,,FALSE
220002536806_J0027,220002536806,108,40,gestao de risco,nao_relevante,,,,,,,,,,,,,,,,nao_relevante,,,,,,,,,,,,,,,,FALSE,FALSE,FALSE,FALSE,FALSE,0,FALSE,FALSE,TRUE,,FALSE
220002536806_J0028,220002536806,109,40,gestao de risco,nao_relevante,,,,,,,,,,,,,,,,nao_relevante,,,,,,,,,,,,,,,,FALSE,FALSE,FALSE,FALSE,FALSE,0,FALSE,FALSE,TRUE,,FALSE
220002536806_J0029,220002536806,110,62,gestao de risco,relevante,TRUE,FALSE,FALSE,FALSE,FALSE,FALSE,FALSE,FALSE,FALSE,FALSE,FALSE,FALSE,FALSE,TRUE,2,nao_relevante,FALSE,FALSE,FALSE,FALSE,FALSE,FALSE,FALSE,FALSE,FALSE,FALSE,FALSE,FALSE,FALSE,TRUE,0,FALSE,FALSE,FALSE,FALSE,FALSE,0,TRUE,FALSE,FALSE,2,FALSE
220002536806_J0030,220002536806,110,52,defesa civil,nao_relevante,,,,,,,,,,,,,,,,relevante,,,,,,,,,,,,,,,,FALSE,FALSE,FALSE,FALSE,TRUE,1,FALSE,TRUE,FALSE,,FALSE
220002541939_J0001,220002541939,34,82,vulnerabilidade; risco social,nao_relevante,,,,,,,,,,,,,,,,nao_relevante,,,,,,,,,,,,,,,,FALSE,FALSE,FALSE,FALSE,FALSE,0,FALSE,FALSE,TRUE,,FALSE
220002541939_J0002,220002541939,39,100,cheia,nao_relevante,,,,,,,,,,,,,,,,nao_relevante,,,,,,,,,,,,,,,,FALSE,FALSE,FALSE,FALSE,FALSE,0,FALSE,FALSE,TRUE,,FALSE
220002541939_J0003,220002541939,55,445,desastre; defesa civil; areas de risco; enchente; queimada; eventos extremos,relevante,TRUE,TRUE,FALSE,FALSE,TRUE,FALSE,FALSE,TRUE,FALSE,TRUE,FALSE,FALSE,TRUE,FALSE,3,relevante,,,,,,,,,,,,,,,,FALSE,FALSE,FALSE,TRUE,TRUE,2,TRUE,TRUE,TRUE,3,FALSE
220002541939_J0004,220002541939,59,125,defesa civil,relevante,TRUE,FALSE,FALSE,FALSE,FALSE,FALSE,FALSE,FALSE,FALSE,FALSE,FALSE,FALSE,FALSE,FALSE,2,relevante,,,,,,,,,,,,,,,,FALSE,FALSE,FALSE,FALSE,TRUE,1,TRUE,TRUE,TRUE,2,FALSE
220002541939_J0005,220002541939,63,67,escassez hidrica; barragens,nao_relevante,,,,,,,,,,,,,,,,relevante,,,,,,,,,,,,,,,,FALSE,FALSE,FALSE,FALSE,FALSE,0,FALSE,TRUE,FALSE,,FALSE
220002541939_J0006,220002541939,74,100,alagament,relevante,TRUE,FALSE,FALSE,FALSE,TRUE,FALSE,FALSE,FALSE,FALSE,FALSE,FALSE,FALSE,FALSE,FALSE,3,relevante,TRUE,FALSE,FALSE,FALSE,TRUE,TRUE,FALSE,FALSE,FALSE,FALSE,FALSE,FALSE,FALSE,FALSE,3,FALSE,FALSE,FALSE,TRUE,TRUE,2,TRUE,TRUE,TRUE,3,FALSE
220002541939_J0007,220002541939,84,62,incendios; resiliencia climatica; incendios florestais,relevante,TRUE,FALSE,FALSE,FALSE,FALSE,FALSE,FALSE,TRUE,FALSE,FALSE,FALSE,FALSE,FALSE,FALSE,3,relevante,,,,,,,,,,,,,,,,FALSE,FALSE,FALSE,FALSE,FALSE,0,TRUE,TRUE,TRUE,3,FALSE
220002541939_J0008,220002541939,84,77,incendios; queimada,relevante,TRUE,FALSE,FALSE,FALSE,FALSE,FALSE,FALSE,TRUE,FALSE,FALSE,FALSE,FALSE,FALSE,FALSE,3,relevante,TRUE,FALSE,FALSE,FALSE,FALSE,FALSE,FALSE,TRUE,FALSE,FALSE,FALSE,FALSE,FALSE,FALSE,2,FALSE,FALSE,FALSE,FALSE,FALSE,0,TRUE,TRUE,TRUE,3,FALSE
220002542185_J0001,220002542185,11,83,alerta; rompimento,nao_relevante,,,,,,,,,,,,,,,,nao_relevante,,,,,,,,,,,,,,,,FALSE,FALSE,TRUE,TRUE,FALSE,2,FALSE,FALSE,TRUE,,FALSE
220002542185_J0002,220002542185,17,57,queimada,relevante,TRUE,FALSE,FALSE,FALSE,FALSE,FALSE,FALSE,TRUE,FALSE,FALSE,FALSE,FALSE,FALSE,FALSE,2,relevante,,,,,,,,,,,,,,,,FALSE,TRUE,TRUE,FALSE,FALSE,2,TRUE,TRUE,TRUE,2,FALSE
220002542185_J0003,220002542185,17,114,seca; queimada,relevante,TRUE,FALSE,FALSE,FALSE,FALSE,FALSE,FALSE,TRUE,FALSE,FALSE,FALSE,FALSE,FALSE,FALSE,2,relevante,,,,,,,,,,,,,,,,FALSE,TRUE,FALSE,FALSE,FALSE,1,TRUE,TRUE,TRUE,2,FALSE
220002542185_J0004,220002542185,29,80,gestao de risco,nao_relevante,,,,,,,,,,,,,,,,nao_relevante,,,,,,,,,,,,,,,,FALSE,FALSE,FALSE,FALSE,FALSE,0,FALSE,FALSE,TRUE,,FALSE
220002542185_J0005,220002542185,30,74,queimada; seca,relevante,TRUE,FALSE,FALSE,FALSE,FALSE,FALSE,FALSE,TRUE,FALSE,FALSE,FALSE,FALSE,FALSE,FALSE,3,relevante,,,,,,,,,,,,,,,,FALSE,FALSE,FALSE,FALSE,FALSE,0,TRUE,TRUE,TRUE,3,FALSE
220002542916_J0001,220002542916,6,123,gestao de risco,nao_relevante,,,,,,,,,,,,,,,,relevante,,,,,,,,,,,,,,,,FALSE,FALSE,FALSE,FALSE,FALSE,0,FALSE,TRUE,FALSE,,FALSE
220002542916_J0003,220002542916,25,132,defesa civil,relevante,FALSE,FALSE,FALSE,FALSE,FALSE,FALSE,FALSE,FALSE,FALSE,FALSE,FALSE,FALSE,FALSE,FALSE,3,relevante,,,,,,,,,,,,,,,,FALSE,FALSE,FALSE,FALSE,TRUE,1,TRUE,TRUE,TRUE,3,FALSE
220002542916_J0004,220002542916,77,82,gestao de risco; mudancas climaticas; resiliencia,relevante,TRUE,FALSE,FALSE,FALSE,TRUE,FALSE,TRUE,FALSE,FALSE,FALSE,FALSE,FALSE,FALSE,FALSE,3,relevante,,,,,,,,,,,,,,,,FALSE,FALSE,FALSE,TRUE,FALSE,1,TRUE,TRUE,TRUE,3,FALSE
220002542916_J0005,220002542916,80,76,gestao de risco,nao_relevante,,,,,,,,,,,,,,,,relevante,,,,,,,,,,,,,,,,FALSE,FALSE,FALSE,FALSE,FALSE,0,FALSE,TRUE,FALSE,,FALSE
220002542916_J0006,220002542916,83,109,areas de risco,relevante,TRUE,FALSE,FALSE,FALSE,FALSE,FALSE,FALSE,FALSE,FALSE,FALSE,FALSE,FALSE,FALSE,TRUE,3,relevante,,,,,,,,,,,,,,,,FALSE,FALSE,FALSE,FALSE,FALSE,0,TRUE,TRUE,TRUE,3,FALSE
220002542916_J0007,220002542916,84,170,gestao de risco; areas de risco,relevante,TRUE,FALSE,FALSE,FALSE,FALSE,FALSE,FALSE,FALSE,FALSE,FALSE,FALSE,FALSE,FALSE,TRUE,2,relevante,,,,,,,,,,,,,,,,FALSE,FALSE,FALSE,TRUE,FALSE,1,TRUE,TRUE,TRUE,2,FALSE
220002542916_J0008,220002542916,85,66,areas de risco,relevante,TRUE,FALSE,FALSE,FALSE,FALSE,FALSE,FALSE,FALSE,FALSE,FALSE,FALSE,FALSE,FALSE,TRUE,3,relevante,,,,,,,,,,,,,,,,FALSE,FALSE,FALSE,FALSE,FALSE,0,TRUE,TRUE,TRUE,3,FALSE
220002542916_J0009,220002542916,113,78,mudancas climaticas; resiliencia,clima_geral,,,,,,,,,,,,,,,,clima_geral,,,,,,,,,,,,,,,,FALSE,FALSE,FALSE,FALSE,FALSE,0,FALSE,FALSE,TRUE,,FALSE
220002542916_J0010,220002542916,115,94,resiliencia climatica,clima_geral,,,,,,,,,,,,,,,,clima_geral,,,,,,,,,,,,,,,,FALSE,FALSE,FALSE,FALSE,FALSE,0,FALSE,FALSE,TRUE,,FALSE
220002542916_J0011,220002542916,116,58,mudancas climaticas,clima_geral,,,,,,,,,,,,,,,,clima_geral,,,,,,,,,,,,,,,,FALSE,FALSE,FALSE,FALSE,FALSE,0,FALSE,FALSE,TRUE,,FALSE
220002542916_J0012,220002542916,117,156,mudancas climaticas; resiliencia,clima_geral,,,,,,,,,,,,,,,,relevante,,,,,,,,,,,,,,,,FALSE,FALSE,TRUE,FALSE,FALSE,1,FALSE,TRUE,FALSE,,FALSE
220002550927_J0001,220002550927,11,46,queimada; incendios,relevante,TRUE,FALSE,FALSE,FALSE,FALSE,FALSE,FALSE,TRUE,FALSE,FALSE,FALSE,FALSE,FALSE,FALSE,3,relevante,,,,,,,,,,,,,,,,FALSE,FALSE,FALSE,FALSE,FALSE,0,TRUE,TRUE,TRUE,3,FALSE
220002551251_J0001,220002551251,8,78,eventos climaticos,relevante,FALSE,FALSE,FALSE,FALSE,FALSE,FALSE,FALSE,FALSE,FALSE,FALSE,FALSE,FALSE,FALSE,FALSE,1,relevante,,,,,,,,,,,,,,,,FALSE,TRUE,FALSE,FALSE,FALSE,1,TRUE,TRUE,TRUE,1,FALSE
220002551251_J0002,220002551251,16,113,gestao de risco,nao_relevante,,,,,,,,,,,,,,,,nao_relevante,,,,,,,,,,,,,,,,FALSE,FALSE,FALSE,FALSE,FALSE,0,FALSE,FALSE,TRUE,,FALSE
220002551251_J0003,220002551251,22,47,gestao de risco,nao_relevante,,,,,,,,,,,,,,,,nao_relevante,,,,,,,,,,,,,,,,FALSE,FALSE,FALSE,FALSE,FALSE,0,FALSE,FALSE,TRUE,,FALSE
220002551251_J0004,220002551251,23,55,eventos climaticos,relevante,TRUE,FALSE,FALSE,FALSE,FALSE,FALSE,FALSE,FALSE,FALSE,FALSE,FALSE,FALSE,FALSE,TRUE,2,relevante,,,,,,,,,,,,,,,,FALSE,FALSE,FALSE,FALSE,FALSE,0,TRUE,TRUE,TRUE,2,FALSE
220002551251_J0005,220002551251,24,94,queimada; incendios florestais,relevante,TRUE,FALSE,FALSE,FALSE,FALSE,FALSE,FALSE,TRUE,FALSE,FALSE,FALSE,FALSE,FALSE,FALSE,2,relevante,,,,,,,,,,,,,,,,FALSE,FALSE,FALSE,FALSE,FALSE,0,TRUE,TRUE,TRUE,2,FALSE
220002551251_J0006,220002551251,32,28,defesa civil,nao_relevante,,,,,,,,,,,,,,,,nao_relevante,,,,,,,,,,,,,,,,FALSE,FALSE,FALSE,FALSE,TRUE,1,FALSE,FALSE,TRUE,,FALSE
220002551251_J0007,220002551251,37,108,queimada; incendios florestais,relevante,TRUE,FALSE,FALSE,FALSE,FALSE,FALSE,FALSE,TRUE,FALSE,FALSE,FALSE,FALSE,FALSE,FALSE,3,relevante,,,,,,,,,,,,,,,,FALSE,TRUE,TRUE,TRUE,FALSE,3,TRUE,TRUE,TRUE,3,FALSE
220002551251_J0008,220002551251,38,110,defesa civil; queimada,relevante,TRUE,FALSE,FALSE,FALSE,FALSE,FALSE,FALSE,TRUE,FALSE,FALSE,FALSE,FALSE,FALSE,FALSE,3,relevante,TRUE,FALSE,FALSE,FALSE,FALSE,FALSE,FALSE,TRUE,FALSE,FALSE,FALSE,FALSE,FALSE,FALSE,2,TRUE,TRUE,FALSE,TRUE,TRUE,4,TRUE,TRUE,TRUE,3,FALSE
230002549223_J0001,230002549223,11,67,drenagem; alagament,relevante,TRUE,FALSE,FALSE,FALSE,TRUE,FALSE,FALSE,FALSE,FALSE,FALSE,FALSE,FALSE,FALSE,FALSE,3,relevante,,,,,,,,,,,,,,,,FALSE,TRUE,FALSE,FALSE,FALSE,1,TRUE,TRUE,TRUE,3,FALSE
230002549223_J0002,230002549223,15,59,cheia,relevante,FALSE,TRUE,FALSE,FALSE,TRUE,FALSE,FALSE,FALSE,FALSE,FALSE,FALSE,FALSE,FALSE,FALSE,1,relevante,,,,,,,,,,,,,,,,FALSE,FALSE,FALSE,FALSE,FALSE,0,TRUE,TRUE,TRUE,1,FALSE
230002549223_J0003,230002549223,16,50,drenagem; alagament,relevante,TRUE,FALSE,FALSE,FALSE,TRUE,FALSE,FALSE,FALSE,FALSE,FALSE,FALSE,FALSE,FALSE,FALSE,3,relevante,TRUE,FALSE,FALSE,FALSE,TRUE,FALSE,FALSE,FALSE,FALSE,FALSE,FALSE,FALSE,FALSE,FALSE,2,FALSE,FALSE,FALSE,FALSE,FALSE,0,TRUE,TRUE,TRUE,3,FALSE
230002549223_J0004,230002549223,17,109,cheia; defesa civil,relevante,TRUE,TRUE,FALSE,FALSE,TRUE,FALSE,FALSE,FALSE,FALSE,FALSE,FALSE,FALSE,FALSE,FALSE,3,relevante,TRUE,TRUE,FALSE,FALSE,TRUE,FALSE,FALSE,FALSE,FALSE,FALSE,FALSE,FALSE,FALSE,FALSE,3,FALSE,FALSE,FALSE,FALSE,TRUE,1,TRUE,TRUE,TRUE,3,FALSE
230002549223_J0005,230002549223,29,54,vulnerabilidade; cheia; defesa civil,relevante,FALSE,TRUE,FALSE,FALSE,TRUE,FALSE,FALSE,FALSE,FALSE,FALSE,FALSE,FALSE,FALSE,FALSE,3,relevante,,,,,,,,,,,,,,,,FALSE,FALSE,FALSE,FALSE,TRUE,1,TRUE,TRUE,TRUE,3,FALSE
230002549223_J0006,230002549223,29,92,contingencia; defesa civil,relevante,TRUE,FALSE,FALSE,FALSE,FALSE,FALSE,FALSE,FALSE,FALSE,FALSE,FALSE,FALSE,FALSE,FALSE,2,nao_relevante,,,,,,,,,,,,,,,,FALSE,FALSE,FALSE,FALSE,TRUE,1,TRUE,FALSE,FALSE,2,FALSE
230002549223_J0007,230002549223,37,61,area de risco; alagament; drenagem,relevante,TRUE,FALSE,FALSE,FALSE,TRUE,FALSE,FALSE,FALSE,FALSE,FALSE,FALSE,FALSE,FALSE,FALSE,2,relevante,,,,,,,,,,,,,,,,FALSE,FALSE,FALSE,FALSE,FALSE,0,TRUE,TRUE,TRUE,2,FALSE
230002549294_J0001,230002549294,12,33,queimada,nao_relevante,,,,,,,,,,,,,,,,relevante,,,,,,,,,,,,,,,,FALSE,FALSE,FALSE,FALSE,FALSE,0,FALSE,TRUE,FALSE,,FALSE
230002551571_J0001,230002551571,10,165,defesa civil; incendios; queimada,relevante,TRUE,FALSE,FALSE,FALSE,FALSE,FALSE,FALSE,TRUE,FALSE,FALSE,FALSE,FALSE,FALSE,FALSE,1,relevante,,,,,,,,,,,,,,,,FALSE,FALSE,FALSE,FALSE,TRUE,1,TRUE,TRUE,TRUE,1,FALSE
230002551571_J0002,230002551571,11,75,defesa civil; incendios florestais,relevante,TRUE,TRUE,FALSE,FALSE,FALSE,FALSE,FALSE,TRUE,FALSE,FALSE,FALSE,FALSE,FALSE,FALSE,2,relevante,,,,,,,,,,,,,,,,FALSE,FALSE,FALSE,FALSE,TRUE,1,TRUE,TRUE,TRUE,2,FALSE
230002551571_J0003,230002551571,13,63,defesa civil; queimada; eventos climaticos,relevante,TRUE,FALSE,FALSE,FALSE,FALSE,FALSE,FALSE,TRUE,FALSE,FALSE,FALSE,FALSE,FALSE,FALSE,2,relevante,,,,,,,,,,,,,,,,FALSE,FALSE,FALSE,FALSE,TRUE,1,TRUE,TRUE,TRUE,2,FALSE
230002551571_J0004,230002551571,33,45,queimada,relevante,TRUE,FALSE,FALSE,FALSE,FALSE,FALSE,FALSE,TRUE,FALSE,FALSE,FALSE,FALSE,FALSE,FALSE,3,relevante,TRUE,FALSE,FALSE,FALSE,FALSE,FALSE,FALSE,TRUE,FALSE,FALSE,FALSE,FALSE,FALSE,FALSE,2,FALSE,FALSE,FALSE,FALSE,TRUE,1,TRUE,TRUE,TRUE,3,FALSE
230002551571_J0005,230002551571,47,34,contingencia; gestao de risco,nao_relevante,,,,,,,,,,,,,,,,nao_relevante,,,,,,,,,,,,,,,,FALSE,FALSE,FALSE,TRUE,FALSE,1,FALSE,FALSE,TRUE,,FALSE
230002552060_J0001,230002552060,8,49,queimada,relevante,FALSE,FALSE,FALSE,FALSE,FALSE,FALSE,FALSE,TRUE,FALSE,FALSE,FALSE,FALSE,TRUE,FALSE,3,relevante,,,,,,,,,,,,,,,,FALSE,FALSE,FALSE,TRUE,FALSE,1,TRUE,TRUE,TRUE,3,FALSE
240002537073_J0001,240002537073,15,179,drenagem; cheias; desastre,relevante,TRUE,FALSE,FALSE,FALSE,TRUE,FALSE,FALSE,FALSE,FALSE,FALSE,FALSE,FALSE,FALSE,FALSE,3,relevante,,,,,,,,,,,,,,,,FALSE,FALSE,TRUE,FALSE,FALSE,1,TRUE,TRUE,TRUE,3,FALSE
240002537073_J0002,240002537073,16,70,defesa civil; barragens; cheias,relevante,TRUE,FALSE,FALSE,FALSE,TRUE,FALSE,FALSE,FALSE,FALSE,FALSE,FALSE,FALSE,FALSE,FALSE,3,relevante,,,,,,,,,,,,,,,,FALSE,FALSE,FALSE,FALSE,TRUE,1,TRUE,TRUE,TRUE,3,FALSE
240002537073_J0003,240002537073,19,98,estiagem; resiliencia climatica,clima_geral,,,,,,,,,,,,,,,,relevante,,,,,,,,,,,,,,,,FALSE,FALSE,FALSE,FALSE,FALSE,0,FALSE,TRUE,FALSE,,FALSE
240002541913_J0001,240002541913,5,122,crise climatica,clima_geral,,,,,,,,,,,,,,,,clima_geral,,,,,,,,,,,,,,,,FALSE,FALSE,FALSE,FALSE,FALSE,0,FALSE,FALSE,TRUE,,FALSE
240002541913_J0002,240002541913,22,70,areas de risco,nao_relevante,,,,,,,,,,,,,,,,relevante,,,,,,,,,,,,,,,,FALSE,FALSE,FALSE,FALSE,FALSE,0,FALSE,TRUE,FALSE,,FALSE
240002541913_J0003,240002541913,27,69,enchente; secas,relevante,TRUE,TRUE,FALSE,FALSE,TRUE,FALSE,TRUE,FALSE,FALSE,TRUE,FALSE,FALSE,FALSE,FALSE,2,relevante,,,,,,,,,,,,,,,,FALSE,FALSE,FALSE,FALSE,FALSE,0,TRUE,TRUE,TRUE,2,FALSE
240002541913_J0004,240002541913,34,36,areas de risco,relevante,TRUE,FALSE,FALSE,FALSE,FALSE,FALSE,FALSE,FALSE,FALSE,FALSE,FALSE,FALSE,FALSE,TRUE,2,relevante,,,,,,,,,,,,,,,,FALSE,FALSE,FALSE,FALSE,FALSE,0,TRUE,TRUE,TRUE,2,FALSE
240002541913_J0005,240002541913,39,69,enchente; catastrofe; deslizament; estiagem,relevante,FALSE,FALSE,FALSE,FALSE,TRUE,TRUE,TRUE,FALSE,FALSE,TRUE,FALSE,FALSE,FALSE,FALSE,1,relevante,FALSE,FALSE,FALSE,FALSE,TRUE,FALSE,FALSE,FALSE,FALSE,FALSE,FALSE,FALSE,FALSE,FALSE,1,FALSE,FALSE,FALSE,FALSE,FALSE,0,TRUE,TRUE,TRUE,1,FALSE
240002541913_J0006,240002541913,40,149,defesa civil; drenagem; alerta; enchente; desastre,relevante,TRUE,TRUE,TRUE,FALSE,TRUE,FALSE,FALSE,FALSE,FALSE,FALSE,FALSE,FALSE,FALSE,FALSE,2,relevante,,,,,,,,,,,,,,,,FALSE,FALSE,FALSE,FALSE,TRUE,1,TRUE,TRUE,TRUE,2,FALSE
240002541913_J0007,240002541913,47,59,cheia,nao_relevante,,,,,,,,,,,,,,,,nao_relevante,,,,,,,,,,,,,,,,FALSE,FALSE,FALSE,FALSE,FALSE,0,FALSE,FALSE,TRUE,,FALSE
240002544118_J0001,240002544118,17,262,desastre; resiliencia climatica; defesa civil; resiliencia; barragens; cheias,relevante,TRUE,FALSE,FALSE,FALSE,TRUE,TRUE,FALSE,FALSE,FALSE,FALSE,FALSE,FALSE,FALSE,FALSE,3,relevante,,,,,,,,,,,,,,,,FALSE,FALSE,FALSE,TRUE,TRUE,2,TRUE,TRUE,TRUE,3,FALSE
240002548628_J0001,240002548628,2,86,eventos climaticos,relevante,FALSE,FALSE,FALSE,FALSE,FALSE,FALSE,FALSE,FALSE,FALSE,FALSE,FALSE,FALSE,FALSE,TRUE,1,relevante,,,,,,,,,,,,,,,,FALSE,FALSE,FALSE,FALSE,FALSE,0,TRUE,TRUE,TRUE,1,FALSE
240002548628_J0002,240002548628,2,14,mudancas climaticas,relevante,FALSE,FALSE,FALSE,TRUE,FALSE,FALSE,FALSE,FALSE,FALSE,FALSE,FALSE,FALSE,FALSE,FALSE,2,relevante,,,,,,,,,,,,,,,,FALSE,FALSE,FALSE,FALSE,FALSE,0,TRUE,TRUE,TRUE,2,FALSE
240002548628_J0003,240002548628,4,163,crise climatica; mudancas climaticas; enchente; enxurrada; deslizament; ciclone,relevante,TRUE,FALSE,FALSE,TRUE,TRUE,TRUE,TRUE,FALSE,FALSE,TRUE,FALSE,FALSE,FALSE,FALSE,3,relevante,,,,,,,,,,,,,,,,FALSE,FALSE,FALSE,FALSE,TRUE,1,TRUE,TRUE,TRUE,3,FALSE
240002548628_J0004,240002548628,5,118,areas de risco,relevante,FALSE,FALSE,FALSE,FALSE,FALSE,FALSE,FALSE,FALSE,FALSE,FALSE,FALSE,FALSE,FALSE,TRUE,1,relevante,FALSE,FALSE,FALSE,FALSE,FALSE,TRUE,FALSE,FALSE,FALSE,FALSE,FALSE,FALSE,FALSE,FALSE,1,FALSE,FALSE,FALSE,FALSE,FALSE,0,TRUE,TRUE,TRUE,1,FALSE
240002548628_J0005,240002548628,8,107,adaptacao climatica,relevante,FALSE,FALSE,FALSE,FALSE,FALSE,FALSE,FALSE,FALSE,FALSE,FALSE,FALSE,FALSE,FALSE,FALSE,2,relevante,,,,,,,,,,,,,,,,FALSE,FALSE,TRUE,FALSE,FALSE,1,TRUE,TRUE,TRUE,2,FALSE
240002548628_J0006,240002548628,8,73,mudancas climaticas,clima_geral,,,,,,,,,,,,,,,,clima_geral,,,,,,,,,,,,,,,,FALSE,FALSE,FALSE,FALSE,FALSE,0,FALSE,FALSE,TRUE,,FALSE
240002548628_J0007,240002548628,9,60,mudancas climaticas; defesa civil,clima_geral,,,,,,,,,,,,,,,,relevante,,,,,,,,,,,,,,,,FALSE,FALSE,FALSE,FALSE,TRUE,1,FALSE,TRUE,FALSE,,FALSE
240002548628_J0008,240002548628,16,30,areas de risco; vulnerabilidade,relevante,TRUE,FALSE,FALSE,FALSE,FALSE,FALSE,FALSE,FALSE,FALSE,FALSE,FALSE,FALSE,FALSE,TRUE,2,relevante,,,,,,,,,,,,,,,,FALSE,FALSE,FALSE,FALSE,FALSE,0,TRUE,TRUE,TRUE,2,FALSE
240002548628_J0009,240002548628,24,125,drenagem; adaptacao climatica,clima_geral,,,,,,,,,,,,,,,,relevante,,,,,,,,,,,,,,,,FALSE,FALSE,FALSE,FALSE,FALSE,0,FALSE,TRUE,FALSE,,FALSE
240002548628_J0010,240002548628,25,21,areas de risco,relevante,TRUE,FALSE,FALSE,FALSE,FALSE,FALSE,FALSE,FALSE,FALSE,FALSE,FALSE,FALSE,FALSE,TRUE,2,relevante,,,,,,,,,,,,,,,,FALSE,FALSE,FALSE,FALSE,FALSE,0,TRUE,TRUE,TRUE,2,FALSE
240002548628_J0011,240002548628,26,82,adaptacao climatica; inundac; eventos climaticos,relevante,TRUE,FALSE,FALSE,TRUE,TRUE,FALSE,FALSE,FALSE,FALSE,FALSE,FALSE,FALSE,FALSE,FALSE,3,relevante,TRUE,FALSE,FALSE,TRUE,TRUE,FALSE,FALSE,FALSE,FALSE,FALSE,FALSE,FALSE,FALSE,FALSE,2,FALSE,FALSE,FALSE,FALSE,FALSE,0,TRUE,TRUE,TRUE,3,FALSE
240002548628_J0012,240002548628,28,38,areas de risco,relevante,TRUE,FALSE,FALSE,FALSE,FALSE,FALSE,FALSE,FALSE,FALSE,FALSE,FALSE,FALSE,FALSE,TRUE,2,relevante,,,,,,,,,,,,,,,,FALSE,FALSE,FALSE,FALSE,FALSE,0,TRUE,TRUE,TRUE,2,FALSE
240002548628_J0013,240002548628,35,51,sistema de alerta,nao_relevante,,,,,,,,,,,,,,,,nao_relevante,,,,,,,,,,,,,,,,FALSE,FALSE,FALSE,TRUE,FALSE,1,FALSE,FALSE,TRUE,,FALSE
240002548628_J0014,240002548628,39,103,eventos climaticos,relevante,TRUE,FALSE,FALSE,FALSE,FALSE,FALSE,FALSE,FALSE,FALSE,FALSE,FALSE,FALSE,FALSE,TRUE,2,relevante,,,,,,,,,,,,,,,,FALSE,FALSE,FALSE,FALSE,FALSE,0,TRUE,TRUE,TRUE,2,FALSE
240002548628_J0015,240002548628,41,62,defesa civil; gestao de risco; reducao de risco,relevante,TRUE,FALSE,FALSE,FALSE,FALSE,FALSE,FALSE,FALSE,FALSE,FALSE,FALSE,FALSE,FALSE,TRUE,2,relevante,,,,,,,,,,,,,,,,FALSE,FALSE,FALSE,FALSE,TRUE,1,TRUE,TRUE,TRUE,2,FALSE
240002548628_J0016,240002548628,43,36,defesa civil,nao_relevante,,,,,,,,,,,,,,,,relevante,,,,,,,,,,,,,,,,FALSE,FALSE,FALSE,FALSE,TRUE,1,FALSE,TRUE,FALSE,,FALSE
240002548628_J0017,240002548628,47,41,mudancas climaticas,relevante,FALSE,FALSE,FALSE,TRUE,FALSE,FALSE,FALSE,FALSE,FALSE,FALSE,FALSE,FALSE,FALSE,FALSE,2,relevante,,,,,,,,,,,,,,,,FALSE,FALSE,FALSE,FALSE,FALSE,0,TRUE,TRUE,TRUE,2,FALSE
240002548628_J0019,240002548628,48,31,mudancas climaticas,relevante,TRUE,FALSE,FALSE,TRUE,FALSE,FALSE,FALSE,FALSE,FALSE,FALSE,FALSE,FALSE,FALSE,FALSE,2,relevante,,,,,,,,,,,,,,,,FALSE,FALSE,FALSE,FALSE,FALSE,0,TRUE,TRUE,TRUE,2,FALSE
240002548628_J0020,240002548628,49,76,emergencia climatica; adaptacao climatica; desastre; reducao de risco,relevante,TRUE,FALSE,FALSE,TRUE,FALSE,FALSE,FALSE,FALSE,FALSE,FALSE,FALSE,FALSE,FALSE,TRUE,2,relevante,TRUE,FALSE,FALSE,TRUE,FALSE,FALSE,FALSE,FALSE,FALSE,FALSE,FALSE,FALSE,FALSE,TRUE,1,FALSE,FALSE,FALSE,FALSE,FALSE,0,TRUE,TRUE,TRUE,2,FALSE
240002548628_J0021,240002548628,49,57,mudancas climaticas; adaptacao climatica; defesa civil; vulnerabilidade,relevante,TRUE,FALSE,FALSE,TRUE,FALSE,FALSE,FALSE,FALSE,FALSE,FALSE,FALSE,FALSE,FALSE,TRUE,2,relevante,,,,,,,,,,,,,,,,FALSE,FALSE,FALSE,FALSE,TRUE,1,TRUE,TRUE,TRUE,2,FALSE
240002548628_J0022,240002548628,49,52,adaptacao climatica; reducao de risco; inundac; deslizament; erosao,relevante,TRUE,FALSE,FALSE,FALSE,TRUE,TRUE,FALSE,FALSE,FALSE,FALSE,FALSE,FALSE,FALSE,FALSE,3,relevante,TRUE,FALSE,FALSE,TRUE,TRUE,TRUE,FALSE,FALSE,FALSE,FALSE,TRUE,FALSE,FALSE,FALSE,3,FALSE,FALSE,FALSE,FALSE,FALSE,0,TRUE,TRUE,TRUE,3,FALSE
240002548628_J0023,240002548628,50,30,adaptacao climatica,relevante,FALSE,FALSE,FALSE,TRUE,FALSE,FALSE,FALSE,FALSE,FALSE,FALSE,FALSE,FALSE,FALSE,TRUE,2,relevante,,,,,,,,,,,,,,,,FALSE,FALSE,FALSE,FALSE,FALSE,0,TRUE,TRUE,TRUE,2,FALSE
240002548628_J0024,240002548628,50,90,defesa civil; alerta precoce,relevante,TRUE,FALSE,FALSE,FALSE,FALSE,FALSE,FALSE,FALSE,FALSE,FALSE,FALSE,FALSE,FALSE,TRUE,3,relevante,,,,,,,,,,,,,,,,FALSE,FALSE,FALSE,TRUE,TRUE,2,TRUE,TRUE,TRUE,3,FALSE
240002548628_J0025,240002548628,51,26,mudancas climaticas,relevante,FALSE,FALSE,FALSE,TRUE,FALSE,FALSE,FALSE,FALSE,FALSE,FALSE,FALSE,FALSE,FALSE,FALSE,3,relevante,FALSE,FALSE,FALSE,TRUE,FALSE,FALSE,FALSE,FALSE,FALSE,FALSE,FALSE,FALSE,FALSE,FALSE,2,FALSE,FALSE,FALSE,FALSE,FALSE,0,TRUE,TRUE,TRUE,3,FALSE
240002548628_J0026,240002548628,51,47,adaptacao climatica,relevante,FALSE,FALSE,FALSE,TRUE,FALSE,FALSE,FALSE,FALSE,FALSE,FALSE,FALSE,FALSE,FALSE,TRUE,2,relevante,,,,,,,,,,,,,,,,FALSE,FALSE,FALSE,FALSE,FALSE,0,TRUE,TRUE,TRUE,2,FALSE
240002548628_J0027,240002548628,52,25,erosao costeira; elevacao do nivel do mar,relevante,TRUE,FALSE,FALSE,TRUE,FALSE,FALSE,FALSE,FALSE,FALSE,FALSE,TRUE,FALSE,FALSE,FALSE,3,relevante,TRUE,FALSE,FALSE,TRUE,FALSE,FALSE,FALSE,FALSE,FALSE,FALSE,TRUE,FALSE,FALSE,FALSE,2,FALSE,FALSE,FALSE,TRUE,FALSE,1,TRUE,TRUE,TRUE,3,FALSE
240002548628_J0028,240002548628,52,36,resiliencia climatica,clima_geral,,,,,,,,,,,,,,,,clima_geral,,,,,,,,,,,,,,,,FALSE,FALSE,FALSE,FALSE,FALSE,0,FALSE,FALSE,TRUE,,FALSE
240002548628_J0029,240002548628,52,93,mudancas climaticas; adaptacao climatica; reducao de risco; alerta precoce; desastre,relevante,TRUE,FALSE,FALSE,TRUE,FALSE,FALSE,FALSE,FALSE,FALSE,FALSE,FALSE,FALSE,FALSE,TRUE,3,relevante,,,,,,,,,,,,,,,,FALSE,FALSE,FALSE,TRUE,FALSE,1,TRUE,TRUE,TRUE,3,FALSE
240002548628_J0030,240002548628,53,83,adaptacao climatica; resiliencia climatica,relevante,TRUE,FALSE,FALSE,TRUE,FALSE,FALSE,FALSE,FALSE,FALSE,FALSE,TRUE,FALSE,FALSE,FALSE,2,relevante,,,,,,,,,,,,,,,,FALSE,FALSE,FALSE,FALSE,FALSE,0,TRUE,TRUE,TRUE,2,FALSE
240002548628_J0031,240002548628,70,128,mudancas climaticas,clima_geral,,,,,,,,,,,,,,,,clima_geral,,,,,,,,,,,,,,,,FALSE,FALSE,FALSE,FALSE,FALSE,0,FALSE,FALSE,TRUE,,FALSE
240002548628_J0032,240002548628,71,19,adaptacao climatica,relevante,TRUE,FALSE,FALSE,FALSE,FALSE,FALSE,FALSE,FALSE,FALSE,FALSE,FALSE,FALSE,FALSE,FALSE,2,relevante,,,,,,,,,,,,,,,,FALSE,FALSE,FALSE,FALSE,FALSE,0,TRUE,TRUE,TRUE,2,FALSE
240002548628_J0033,240002548628,71,16,eventos climaticos,relevante,TRUE,FALSE,FALSE,FALSE,FALSE,FALSE,FALSE,FALSE,FALSE,FALSE,FALSE,FALSE,FALSE,TRUE,3,relevante,,,,,,,,,,,,,,,,FALSE,FALSE,FALSE,FALSE,FALSE,0,TRUE,TRUE,TRUE,3,FALSE
240002551001_J0001,240002551001,18,62,resiliencia; mudancas climaticas,clima_geral,,,,,,,,,,,,,,,,clima_geral,,,,,,,,,,,,,,,,FALSE,FALSE,FALSE,FALSE,FALSE,0,FALSE,FALSE,TRUE,,FALSE
240002551001_J0002,240002551001,21,48,defesa civil; mudancas climaticas; eventos extremos,relevante,TRUE,TRUE,FALSE,FALSE,TRUE,FALSE,TRUE,FALSE,FALSE,FALSE,FALSE,FALSE,FALSE,FALSE,2,relevante,TRUE,FALSE,FALSE,TRUE,TRUE,FALSE,TRUE,FALSE,FALSE,FALSE,FALSE,FALSE,FALSE,FALSE,2,FALSE,FALSE,FALSE,FALSE,TRUE,1,TRUE,TRUE,TRUE,2,FALSE
240002552157_J0001,240002552157,2,55,resiliencia climatica,clima_geral,,,,,,,,,,,,,,,,clima_geral,,,,,,,,,,,,,,,,FALSE,FALSE,TRUE,FALSE,FALSE,1,FALSE,FALSE,TRUE,,FALSE
240002552157_J0002,240002552157,4,14,resiliencia climatica,relevante,TRUE,FALSE,FALSE,TRUE,FALSE,FALSE,FALSE,FALSE,FALSE,FALSE,FALSE,FALSE,FALSE,TRUE,2,relevante,,,,,,,,,,,,,,,,FALSE,FALSE,FALSE,FALSE,FALSE,0,TRUE,TRUE,TRUE,2,FALSE
240002552157_J0003,240002552157,7,71,defesa civil,nao_relevante,,,,,,,,,,,,,,,,nao_relevante,,,,,,,,,,,,,,,,FALSE,FALSE,FALSE,FALSE,TRUE,1,FALSE,FALSE,TRUE,,FALSE
240002552157_J0004,240002552157,8,26,defesa civil; resiliencia climatica; eventos climaticos,relevante,TRUE,FALSE,FALSE,FALSE,FALSE,FALSE,FALSE,FALSE,FALSE,FALSE,FALSE,FALSE,FALSE,TRUE,3,relevante,TRUE,FALSE,FALSE,TRUE,FALSE,FALSE,FALSE,FALSE,FALSE,FALSE,FALSE,FALSE,FALSE,TRUE,0,FALSE,FALSE,FALSE,FALSE,TRUE,1,TRUE,TRUE,TRUE,3,FALSE
240002552157_J0005,240002552157,8,37,defesa civil; areas de risco; drenagem,relevante,TRUE,FALSE,TRUE,FALSE,TRUE,FALSE,FALSE,FALSE,FALSE,FALSE,FALSE,FALSE,FALSE,FALSE,3,relevante,,,,,,,,,,,,,,,,FALSE,FALSE,FALSE,FALSE,TRUE,1,TRUE,TRUE,TRUE,3,FALSE
240002552157_J0006,240002552157,8,75,cheias; desastre,relevante,TRUE,FALSE,FALSE,FALSE,TRUE,FALSE,FALSE,FALSE,FALSE,FALSE,FALSE,FALSE,FALSE,FALSE,3,relevante,,,,,,,,,,,,,,,,FALSE,FALSE,FALSE,FALSE,FALSE,0,TRUE,TRUE,TRUE,3,FALSE
240002553718_J0001,240002553718,5,47,plano de emergencia,nao_relevante,,,,,,,,,,,,,,,,nao_relevante,,,,,,,,,,,,,,,,FALSE,FALSE,FALSE,FALSE,FALSE,0,FALSE,FALSE,TRUE,,FALSE
250002536915_J0001,250002536915,22,57,secas; ondas de calor; vulnerabilidade,relevante,FALSE,FALSE,FALSE,FALSE,TRUE,FALSE,TRUE,FALSE,TRUE,FALSE,FALSE,FALSE,FALSE,FALSE,1,relevante,,,,,,,,,,,,,,,,FALSE,FALSE,FALSE,FALSE,FALSE,0,TRUE,TRUE,TRUE,1,FALSE
250002536915_J0002,250002536915,32,89,drenagem; enchente,relevante,TRUE,FALSE,FALSE,FALSE,TRUE,FALSE,FALSE,FALSE,FALSE,FALSE,FALSE,FALSE,FALSE,FALSE,3,relevante,,,,,,,,,,,,,,,,FALSE,FALSE,FALSE,FALSE,FALSE,0,TRUE,TRUE,TRUE,3,FALSE
250002536915_J0003,250002536915,39,181,enchente; crise climatica; drenagem; encosta; areas de risco; adaptacao climatica,relevante,TRUE,FALSE,FALSE,TRUE,TRUE,TRUE,FALSE,FALSE,FALSE,FALSE,FALSE,FALSE,FALSE,FALSE,3,relevante,TRUE,TRUE,TRUE,TRUE,TRUE,TRUE,FALSE,FALSE,FALSE,FALSE,FALSE,FALSE,FALSE,TRUE,3,FALSE,FALSE,FALSE,FALSE,FALSE,0,TRUE,TRUE,TRUE,3,FALSE
250002536915_J0004,250002536915,50,137,alagament; incendios,relevante,FALSE,TRUE,FALSE,FALSE,TRUE,FALSE,FALSE,TRUE,FALSE,FALSE,FALSE,FALSE,FALSE,FALSE,1,relevante,FALSE,FALSE,FALSE,FALSE,TRUE,FALSE,FALSE,TRUE,FALSE,FALSE,FALSE,FALSE,FALSE,FALSE,1,FALSE,FALSE,FALSE,FALSE,FALSE,0,TRUE,TRUE,TRUE,1,FALSE
250002536915_J0005,250002536915,51,70,crise climatica,clima_geral,,,,,,,,,,,,,,,,clima_geral,,,,,,,,,,,,,,,,FALSE,FALSE,FALSE,FALSE,FALSE,0,FALSE,FALSE,TRUE,,FALSE
250002541303_J0001,250002541303,7,106,defesa civil,nao_relevante,,,,,,,,,,,,,,,,relevante,,,,,,,,,,,,,,,,FALSE,FALSE,FALSE,TRUE,TRUE,2,FALSE,TRUE,FALSE,,FALSE
250002541303_J0002,250002541303,7,86,defesa civil,nao_relevante,,,,,,,,,,,,,,,,nao_relevante,,,,,,,,,,,,,,,,FALSE,FALSE,FALSE,FALSE,TRUE,1,FALSE,FALSE,TRUE,,FALSE
250002541303_J0003,250002541303,10,48,desastre,relevante,FALSE,FALSE,TRUE,FALSE,FALSE,FALSE,FALSE,FALSE,FALSE,FALSE,FALSE,FALSE,FALSE,TRUE,3,relevante,FALSE,FALSE,TRUE,FALSE,FALSE,FALSE,FALSE,FALSE,FALSE,FALSE,FALSE,FALSE,FALSE,TRUE,2,FALSE,FALSE,FALSE,FALSE,FALSE,0,TRUE,TRUE,TRUE,3,FALSE
250002541303_J0004,250002541303,15,97,mudancas climaticas,clima_geral,,,,,,,,,,,,,,,,clima_geral,,,,,,,,,,,,,,,,FALSE,FALSE,FALSE,FALSE,FALSE,0,FALSE,FALSE,TRUE,,FALSE
250002541303_J0005,250002541303,33,112,resiliencia climatica; drenagem,relevante,TRUE,FALSE,FALSE,FALSE,FALSE,FALSE,FALSE,FALSE,FALSE,FALSE,FALSE,FALSE,FALSE,TRUE,2,relevante,,,,,,,,,,,,,,,,FALSE,FALSE,TRUE,FALSE,FALSE,1,TRUE,TRUE,TRUE,2,FALSE
250002541303_J0006,250002541303,33,89,areas de risco,relevante,TRUE,FALSE,FALSE,FALSE,FALSE,FALSE,FALSE,FALSE,FALSE,FALSE,FALSE,FALSE,FALSE,TRUE,2,relevante,,,,,,,,,,,,,,,,FALSE,FALSE,FALSE,FALSE,FALSE,0,TRUE,TRUE,TRUE,2,FALSE
250002541303_J0007,250002541303,42,61,eventos climaticos; resiliencia; secas; enchente; incendios,relevante,TRUE,FALSE,FALSE,FALSE,TRUE,FALSE,TRUE,TRUE,FALSE,FALSE,FALSE,FALSE,FALSE,FALSE,2,relevante,,,,,,,,,,,,,,,,FALSE,FALSE,FALSE,FALSE,FALSE,0,TRUE,TRUE,TRUE,2,FALSE
250002541303_J0008,250002541303,42,206,resiliencia climatica; drenagem; resiliencia; mudancas climaticas; alerta; eventos extremos,relevante,TRUE,TRUE,TRUE,TRUE,TRUE,FALSE,FALSE,FALSE,FALSE,FALSE,TRUE,FALSE,FALSE,FALSE,4,relevante,TRUE,TRUE,TRUE,TRUE,TRUE,FALSE,FALSE,FALSE,FALSE,FALSE,TRUE,FALSE,FALSE,FALSE,4,TRUE,TRUE,TRUE,TRUE,TRUE,5,TRUE,TRUE,TRUE,4,FALSE
250002541303_J0009,250002541303,43,35,resiliencia; resiliencia climatica,relevante,TRUE,FALSE,FALSE,FALSE,FALSE,FALSE,FALSE,FALSE,FALSE,FALSE,FALSE,FALSE,FALSE,FALSE,2,clima_geral,,,,,,,,,,,,,,,,FALSE,FALSE,FALSE,FALSE,FALSE,0,TRUE,FALSE,FALSE,2,FALSE
250002541303_J0010,250002541303,43,39,enchente,relevante,TRUE,FALSE,FALSE,FALSE,TRUE,FALSE,FALSE,FALSE,FALSE,FALSE,FALSE,FALSE,FALSE,FALSE,3,relevante,,,,,,,,,,,,,,,,FALSE,FALSE,FALSE,FALSE,FALSE,0,TRUE,TRUE,TRUE,3,FALSE
250002541303_J0011,250002541303,43,163,vulnerabilidade; alagament; incendios florestais; areas de risco; queimada; sistema de alerta,relevante,TRUE,FALSE,FALSE,FALSE,TRUE,FALSE,FALSE,TRUE,FALSE,FALSE,FALSE,FALSE,FALSE,FALSE,3,relevante,,,,,,,,,,,,,,,,FALSE,FALSE,FALSE,TRUE,TRUE,2,TRUE,TRUE,TRUE,3,FALSE
250002541303_J0012,250002541303,43,27,mudancas climaticas,clima_geral,,,,,,,,,,,,,,,,clima_geral,,,,,,,,,,,,,,,,FALSE,FALSE,FALSE,FALSE,FALSE,0,FALSE,FALSE,TRUE,,FALSE
250002541303_J0013,250002541303,44,59,cheias,relevante,TRUE,FALSE,FALSE,FALSE,TRUE,FALSE,FALSE,FALSE,FALSE,FALSE,FALSE,FALSE,FALSE,FALSE,3,relevante,,,,,,,,,,,,,,,,FALSE,FALSE,FALSE,FALSE,FALSE,0,TRUE,TRUE,TRUE,3,FALSE
250002541303_J0014,250002541303,44,47,eventos climaticos,relevante,TRUE,FALSE,FALSE,FALSE,FALSE,FALSE,FALSE,FALSE,FALSE,FALSE,FALSE,FALSE,FALSE,TRUE,3,relevante,,,,,,,,,,,,,,,,FALSE,FALSE,FALSE,FALSE,FALSE,0,TRUE,TRUE,TRUE,3,FALSE
250002541303_J0015,250002541303,49,15,resiliencia climatica,clima_geral,,,,,,,,,,,,,,,,clima_geral,,,,,,,,,,,,,,,,FALSE,FALSE,FALSE,FALSE,FALSE,0,FALSE,FALSE,TRUE,,FALSE
250002541303_J0016,250002541303,49,89,areas de risco; enchente; mudancas climaticas; eventos extremos,relevante,TRUE,FALSE,FALSE,TRUE,TRUE,FALSE,FALSE,FALSE,FALSE,FALSE,FALSE,FALSE,FALSE,FALSE,3,relevante,TRUE,FALSE,FALSE,TRUE,TRUE,FALSE,FALSE,FALSE,FALSE,FALSE,FALSE,FALSE,FALSE,TRUE,2,FALSE,FALSE,FALSE,FALSE,FALSE,0,TRUE,TRUE,TRUE,3,FALSE
250002541303_J0017,250002541303,54,32,seca,relevante,TRUE,FALSE,FALSE,TRUE,FALSE,FALSE,TRUE,FALSE,TRUE,FALSE,FALSE,FALSE,FALSE,FALSE,3,relevante,,,,,,,,,,,,,,,,FALSE,FALSE,FALSE,FALSE,FALSE,0,TRUE,TRUE,TRUE,3,FALSE
250002541303_J0018,250002541303,56,131,resiliencia climatica; ondas de calor; secas; defesa civil; areas de risco; alerta,relevante,TRUE,FALSE,FALSE,FALSE,TRUE,TRUE,TRUE,FALSE,TRUE,FALSE,FALSE,FALSE,FALSE,FALSE,2,relevante,,,,,,,,,,,,,,,,FALSE,FALSE,FALSE,FALSE,TRUE,1,TRUE,TRUE,TRUE,2,FALSE
250002544912_J0001,250002544912,14,102,cheia,nao_relevante,,,,,,,,,,,,,,,,nao_relevante,,,,,,,,,,,,,,,,FALSE,FALSE,FALSE,FALSE,FALSE,0,FALSE,FALSE,TRUE,,FALSE
250002544912_J0002,250002544912,25,56,areas de risco,nao_relevante,,,,,,,,,,,,,,,,relevante,,,,,,,,,,,,,,,,FALSE,FALSE,FALSE,FALSE,FALSE,0,FALSE,TRUE,FALSE,,FALSE
250002544912_J0003,250002544912,25,46,enchente,relevante,FALSE,FALSE,FALSE,FALSE,TRUE,FALSE,FALSE,FALSE,FALSE,FALSE,FALSE,FALSE,FALSE,FALSE,1,relevante,,,,,,,,,,,,,,,,FALSE,FALSE,FALSE,FALSE,FALSE,0,TRUE,TRUE,TRUE,1,FALSE
250002544912_J0004,250002544912,26,79,drenagem; enchente; encosta; mudancas climaticas; desastre,relevante,TRUE,FALSE,FALSE,TRUE,TRUE,TRUE,FALSE,FALSE,FALSE,FALSE,FALSE,FALSE,FALSE,FALSE,2,relevante,TRUE,FALSE,FALSE,TRUE,TRUE,TRUE,FALSE,FALSE,FALSE,FALSE,FALSE,FALSE,FALSE,FALSE,3,FALSE,FALSE,FALSE,FALSE,FALSE,0,TRUE,TRUE,TRUE,2,FALSE
250002544912_J0005,250002544912,76,69,defesa civil; mudancas climaticas,relevante,FALSE,FALSE,FALSE,FALSE,FALSE,FALSE,FALSE,FALSE,FALSE,FALSE,FALSE,FALSE,FALSE,FALSE,2,relevante,,,,,,,,,,,,,,,,FALSE,FALSE,FALSE,FALSE,TRUE,1,TRUE,TRUE,TRUE,2,FALSE
250002544912_J0006,250002544912,80,56,crise climatica; enchente; deslizament; secas; ondas de calor; queimada,relevante,FALSE,FALSE,FALSE,FALSE,TRUE,TRUE,TRUE,TRUE,TRUE,FALSE,FALSE,FALSE,FALSE,FALSE,1,relevante,,,,,,,,,,,,,,,,FALSE,FALSE,FALSE,FALSE,FALSE,0,TRUE,TRUE,TRUE,1,FALSE
250002544912_J0007,250002544912,80,12,desastre,relevante,FALSE,FALSE,FALSE,FALSE,FALSE,FALSE,FALSE,FALSE,FALSE,FALSE,FALSE,FALSE,FALSE,TRUE,0,relevante,FALSE,FALSE,FALSE,FALSE,FALSE,FALSE,FALSE,FALSE,FALSE,FALSE,FALSE,FALSE,FALSE,TRUE,0,FALSE,FALSE,FALSE,FALSE,FALSE,0,TRUE,TRUE,TRUE,0,FALSE
250002544912_J0008,250002544912,81,20,enchente; desastre,relevante,FALSE,FALSE,FALSE,FALSE,TRUE,FALSE,FALSE,FALSE,FALSE,FALSE,FALSE,FALSE,FALSE,FALSE,1,relevante,,,,,,,,,,,,,,,,FALSE,FALSE,FALSE,FALSE,FALSE,0,TRUE,TRUE,TRUE,1,FALSE
250002544912_J0009,250002544912,81,53,defesa civil,relevante,TRUE,FALSE,FALSE,FALSE,FALSE,FALSE,FALSE,FALSE,FALSE,FALSE,FALSE,FALSE,FALSE,TRUE,2,relevante,,,,,,,,,,,,,,,,FALSE,FALSE,FALSE,FALSE,TRUE,1,TRUE,TRUE,TRUE,2,FALSE
250002544912_J0010,250002544912,86,69,mudancas climaticas,clima_geral,,,,,,,,,,,,,,,,relevante,,,,,,,,,,,,,,,,FALSE,FALSE,FALSE,FALSE,FALSE,0,FALSE,TRUE,FALSE,,FALSE
250002549705_J0001,250002549705,4,69,cheias,nao_relevante,,,,,,,,,,,,,,,,nao_relevante,,,,,,,,,,,,,,,,FALSE,FALSE,FALSE,FALSE,FALSE,0,FALSE,FALSE,TRUE,,FALSE
250002549705_J0002,250002549705,12,74,eventos extremos; desastre; defesa civil; areas de risco,relevante,TRUE,FALSE,FALSE,TRUE,FALSE,FALSE,FALSE,FALSE,FALSE,FALSE,FALSE,FALSE,FALSE,TRUE,3,relevante,,,,,,,,,,,,,,,,FALSE,FALSE,FALSE,FALSE,TRUE,1,TRUE,TRUE,TRUE,3,FALSE
250002550913_J0001,250002550913,6,21,defesa civil; resiliencia climatica,relevante,FALSE,FALSE,FALSE,FALSE,FALSE,FALSE,FALSE,FALSE,FALSE,FALSE,FALSE,FALSE,FALSE,TRUE,0,relevante,,,,,,,,,,,,,,,,FALSE,FALSE,FALSE,FALSE,TRUE,1,TRUE,TRUE,TRUE,0,FALSE
250002550913_J0002,250002550913,54,21,defesa civil,relevante,FALSE,FALSE,FALSE,FALSE,FALSE,FALSE,FALSE,FALSE,FALSE,FALSE,FALSE,FALSE,FALSE,FALSE,0,relevante,,,,,,,,,,,,,,,,FALSE,FALSE,FALSE,FALSE,TRUE,1,TRUE,TRUE,TRUE,0,FALSE
250002550913_J0003,250002550913,84,130,desastre,nao_relevante,,,,,,,,,,,,,,,,nao_relevante,,,,,,,,,,,,,,,,FALSE,FALSE,FALSE,TRUE,FALSE,1,FALSE,FALSE,TRUE,,FALSE
250002550913_J0004,250002550913,125,119,defesa civil; desastre,relevante,FALSE,FALSE,FALSE,FALSE,FALSE,FALSE,FALSE,FALSE,FALSE,FALSE,FALSE,FALSE,FALSE,TRUE,1,relevante,,,,,,,,,,,,,,,,FALSE,FALSE,FALSE,FALSE,TRUE,1,TRUE,TRUE,TRUE,1,FALSE
250002550913_J0005,250002550913,128,89,defesa civil,nao_relevante,,,,,,,,,,,,,,,,nao_relevante,,,,,,,,,,,,,,,,FALSE,FALSE,FALSE,FALSE,TRUE,1,FALSE,FALSE,TRUE,,FALSE
250002550913_J0006,250002550913,140,633,defesa civil; resiliencia climatica; mudancas climaticas; eventos extremos; enchente; deslizament,relevante,TRUE,TRUE,FALSE,TRUE,TRUE,TRUE,TRUE,TRUE,TRUE,FALSE,FALSE,FALSE,FALSE,FALSE,3,relevante,,,,,,,,,,,,,,,,FALSE,FALSE,FALSE,TRUE,TRUE,2,TRUE,TRUE,TRUE,3,FALSE
250002550913_J0007,250002550913,144,90,defesa civil; desastre; mudancas climaticas,relevante,TRUE,FALSE,FALSE,TRUE,FALSE,FALSE,FALSE,FALSE,FALSE,FALSE,FALSE,FALSE,FALSE,TRUE,2,relevante,,,,,,,,,,,,,,,,FALSE,FALSE,FALSE,FALSE,TRUE,1,TRUE,TRUE,TRUE,2,FALSE
250002550913_J0008,250002550913,144,15,defesa civil,relevante,TRUE,FALSE,FALSE,FALSE,FALSE,FALSE,FALSE,FALSE,FALSE,FALSE,FALSE,FALSE,FALSE,TRUE,4,relevante,,,,,,,,,,,,,,,,TRUE,FALSE,FALSE,FALSE,TRUE,2,TRUE,TRUE,TRUE,4,FALSE
250002550913_J0009,250002550913,145,53,defesa civil,relevante,FALSE,FALSE,FALSE,FALSE,FALSE,FALSE,FALSE,FALSE,FALSE,FALSE,FALSE,FALSE,FALSE,TRUE,2,relevante,,,,,,,,,,,,,,,,FALSE,FALSE,FALSE,FALSE,TRUE,1,TRUE,TRUE,TRUE,2,FALSE
250002550913_J0010,250002550913,145,29,gestao de risco,relevante,TRUE,FALSE,FALSE,FALSE,FALSE,FALSE,FALSE,FALSE,FALSE,FALSE,FALSE,FALSE,FALSE,TRUE,2,relevante,,,,,,,,,,,,,,,,FALSE,FALSE,FALSE,FALSE,FALSE,0,TRUE,TRUE,TRUE,2,FALSE
250002550913_J0011,250002550913,146,34,areas de risco,relevante,TRUE,FALSE,FALSE,FALSE,FALSE,FALSE,FALSE,FALSE,FALSE,FALSE,FALSE,FALSE,FALSE,TRUE,3,relevante,TRUE,FALSE,FALSE,FALSE,FALSE,FALSE,FALSE,FALSE,FALSE,FALSE,FALSE,FALSE,FALSE,TRUE,2,FALSE,FALSE,FALSE,FALSE,FALSE,0,TRUE,TRUE,TRUE,3,FALSE
250002550913_J0012,250002550913,153,93,areas de risco,relevante,TRUE,FALSE,FALSE,FALSE,FALSE,FALSE,FALSE,FALSE,FALSE,FALSE,FALSE,FALSE,FALSE,TRUE,2,relevante,TRUE,FALSE,FALSE,FALSE,FALSE,FALSE,FALSE,FALSE,FALSE,FALSE,FALSE,FALSE,FALSE,FALSE,2,FALSE,FALSE,FALSE,FALSE,FALSE,0,TRUE,TRUE,TRUE,2,FALSE
250002550913_J0013,250002550913,154,95,enchente; deslizament,relevante,FALSE,FALSE,FALSE,FALSE,TRUE,TRUE,FALSE,FALSE,FALSE,FALSE,FALSE,FALSE,FALSE,FALSE,1,relevante,,,,,,,,,,,,,,,,FALSE,FALSE,FALSE,FALSE,FALSE,0,TRUE,TRUE,TRUE,1,FALSE
250002550913_J0014,250002550913,155,73,areas de risco,relevante,TRUE,FALSE,FALSE,FALSE,FALSE,FALSE,FALSE,FALSE,FALSE,FALSE,FALSE,FALSE,FALSE,TRUE,2,relevante,TRUE,FALSE,FALSE,FALSE,FALSE,FALSE,FALSE,FALSE,FALSE,FALSE,FALSE,FALSE,FALSE,TRUE,2,FALSE,FALSE,FALSE,FALSE,FALSE,0,TRUE,TRUE,TRUE,2,FALSE
250002550913_J0015,250002550913,167,102,calamidade; vulnerabilidade,relevante,FALSE,FALSE,FALSE,FALSE,FALSE,FALSE,FALSE,FALSE,FALSE,FALSE,FALSE,FALSE,FALSE,TRUE,2,relevante,,,,,,,,,,,,,,,,FALSE,FALSE,FALSE,FALSE,FALSE,0,TRUE,TRUE,TRUE,2,FALSE
250002550913_J0016,250002550913,172,287,vulnerabilidade; mudancas climaticas; riscos ambientais; enchente; ondas de calor; estiagem,relevante,FALSE,FALSE,FALSE,FALSE,TRUE,TRUE,TRUE,FALSE,TRUE,FALSE,FALSE,FALSE,FALSE,FALSE,1,relevante,FALSE,FALSE,FALSE,TRUE,TRUE,TRUE,TRUE,FALSE,TRUE,FALSE,FALSE,FALSE,FALSE,FALSE,1,FALSE,FALSE,FALSE,FALSE,FALSE,0,TRUE,TRUE,TRUE,1,FALSE
250002550913_J0017,250002550913,174,73,mudancas climaticas,relevante,TRUE,FALSE,FALSE,TRUE,FALSE,FALSE,FALSE,FALSE,FALSE,FALSE,FALSE,FALSE,FALSE,FALSE,3,clima_geral,,,,,,,,,,,,,,,,FALSE,FALSE,FALSE,FALSE,TRUE,1,TRUE,FALSE,FALSE,3,FALSE
250002550913_J0018,250002550913,177,103,mudancas climaticas,relevante,FALSE,FALSE,FALSE,TRUE,FALSE,FALSE,FALSE,FALSE,FALSE,FALSE,FALSE,FALSE,FALSE,FALSE,2,relevante,,,,,,,,,,,,,,,,FALSE,FALSE,FALSE,TRUE,FALSE,1,TRUE,TRUE,TRUE,2,FALSE
250002550913_J0019,250002550913,179,69,mudancas climaticas,relevante,TRUE,FALSE,FALSE,FALSE,FALSE,FALSE,FALSE,FALSE,FALSE,FALSE,FALSE,FALSE,FALSE,FALSE,2,relevante,,,,,,,,,,,,,,,,FALSE,FALSE,FALSE,FALSE,FALSE,0,TRUE,TRUE,TRUE,2,FALSE
260002532010_J0001,260002532010,26,26,defesa civil,nao_relevante,,,,,,,,,,,,,,,,relevante,,,,,,,,,,,,,,,,FALSE,FALSE,FALSE,FALSE,TRUE,1,FALSE,TRUE,FALSE,,FALSE
260002532010_J0002,260002532010,32,40,vulnerabilidade; mudancas climaticas; escassez hidrica,relevante,FALSE,FALSE,FALSE,FALSE,FALSE,FALSE,TRUE,FALSE,FALSE,FALSE,FALSE,FALSE,FALSE,FALSE,1,relevante,FALSE,FALSE,FALSE,FALSE,FALSE,FALSE,TRUE,FALSE,FALSE,FALSE,TRUE,FALSE,FALSE,FALSE,1,FALSE,FALSE,FALSE,FALSE,FALSE,0,TRUE,TRUE,TRUE,1,FALSE
260002532010_J0003,260002532010,33,21,mudancas climaticas,relevante,FALSE,FALSE,FALSE,TRUE,FALSE,FALSE,FALSE,FALSE,FALSE,FALSE,FALSE,FALSE,FALSE,TRUE,2,relevante,,,,,,,,,,,,,,,,FALSE,FALSE,FALSE,FALSE,FALSE,0,TRUE,TRUE,TRUE,2,FALSE
260002532010_J0004,260002532010,34,23,drenagem; alagament,relevante,TRUE,FALSE,FALSE,FALSE,TRUE,FALSE,FALSE,FALSE,FALSE,FALSE,FALSE,FALSE,FALSE,FALSE,2,relevante,,,,,,,,,,,,,,,,FALSE,FALSE,FALSE,FALSE,FALSE,0,TRUE,TRUE,TRUE,2,FALSE
260002532010_J0005,260002532010,35,36,defesa civil,relevante,TRUE,FALSE,FALSE,FALSE,FALSE,FALSE,FALSE,FALSE,FALSE,FALSE,FALSE,FALSE,FALSE,FALSE,3,relevante,TRUE,FALSE,FALSE,FALSE,FALSE,FALSE,FALSE,FALSE,FALSE,FALSE,FALSE,FALSE,FALSE,TRUE,3,FALSE,FALSE,FALSE,TRUE,TRUE,2,TRUE,TRUE,TRUE,3,FALSE
260002532010_J0006,260002532010,36,28,escassez hidrica,nao_relevante,,,,,,,,,,,,,,,,relevante,,,,,,,,,,,,,,,,FALSE,FALSE,FALSE,FALSE,FALSE,0,FALSE,TRUE,FALSE,,FALSE
260002532010_J0007,260002532010,37,39,mudancas climaticas; gestao de risco; desastre; adaptacao climatica,relevante,TRUE,FALSE,FALSE,TRUE,FALSE,FALSE,FALSE,FALSE,FALSE,FALSE,FALSE,FALSE,FALSE,TRUE,3,relevante,,,,,,,,,,,,,,,,FALSE,FALSE,FALSE,TRUE,FALSE,1,TRUE,TRUE,TRUE,3,FALSE
260002532010_J0008,260002532010,38,111,mudancas climaticas,clima_geral,,,,,,,,,,,,,,,,clima_geral,,,,,,,,,,,,,,,,FALSE,FALSE,FALSE,FALSE,FALSE,0,FALSE,FALSE,TRUE,,FALSE
260002532010_J0009,260002532010,40,72,barragens; mudancas climaticas,relevante,TRUE,FALSE,FALSE,FALSE,FALSE,FALSE,FALSE,FALSE,FALSE,FALSE,FALSE,FALSE,FALSE,TRUE,3,relevante,,,,,,,,,,,,,,,,FALSE,FALSE,FALSE,FALSE,FALSE,0,TRUE,TRUE,TRUE,3,FALSE
260002542491_J0001,260002542491,10,118,adaptacao climatica,relevante,FALSE,FALSE,FALSE,TRUE,FALSE,FALSE,FALSE,FALSE,FALSE,FALSE,FALSE,FALSE,FALSE,FALSE,3,relevante,,,,,,,,,,,,,,,,FALSE,FALSE,FALSE,FALSE,FALSE,0,TRUE,TRUE,TRUE,3,FALSE
260002542491_J0002,260002542491,24,100,seca,relevante,TRUE,FALSE,FALSE,FALSE,FALSE,FALSE,TRUE,FALSE,FALSE,FALSE,FALSE,FALSE,FALSE,FALSE,3,relevante,,,,,,,,,,,,,,,,FALSE,FALSE,FALSE,FALSE,FALSE,0,TRUE,TRUE,TRUE,3,FALSE
260002542491_J0003,260002542491,29,119,mudancas climaticas; eventos extremos; resiliencia,relevante,TRUE,FALSE,FALSE,FALSE,FALSE,FALSE,FALSE,FALSE,FALSE,FALSE,FALSE,FALSE,FALSE,TRUE,2,relevante,,,,,,,,,,,,,,,,FALSE,FALSE,FALSE,TRUE,FALSE,1,TRUE,TRUE,TRUE,2,FALSE
260002542491_J0004,260002542491,31,65,mapeamento de risco,nao_relevante,,,,,,,,,,,,,,,,nao_relevante,,,,,,,,,,,,,,,,FALSE,FALSE,FALSE,FALSE,FALSE,0,FALSE,FALSE,TRUE,,FALSE
260002549466_J0001,260002549466,5,13,defesa civil,relevante,FALSE,FALSE,FALSE,FALSE,FALSE,FALSE,FALSE,FALSE,FALSE,FALSE,FALSE,FALSE,FALSE,TRUE,0,relevante,FALSE,FALSE,FALSE,FALSE,FALSE,FALSE,FALSE,FALSE,FALSE,FALSE,FALSE,FALSE,FALSE,FALSE,0,FALSE,FALSE,FALSE,FALSE,TRUE,1,TRUE,TRUE,TRUE,0,FALSE
260002549466_J0002,260002549466,20,68,secas; enchente; eventos climaticos,relevante,TRUE,FALSE,FALSE,FALSE,TRUE,FALSE,TRUE,FALSE,FALSE,FALSE,FALSE,FALSE,FALSE,FALSE,2,relevante,,,,,,,,,,,,,,,,FALSE,FALSE,FALSE,FALSE,FALSE,0,TRUE,TRUE,TRUE,2,FALSE
260002549466_J0003,260002549466,26,103,desastre; secas; enchente; eventos extremos,relevante,TRUE,FALSE,FALSE,TRUE,TRUE,FALSE,TRUE,FALSE,FALSE,FALSE,FALSE,FALSE,FALSE,FALSE,2,relevante,,,,,,,,,,,,,,,,FALSE,FALSE,FALSE,FALSE,FALSE,0,TRUE,TRUE,TRUE,2,FALSE
260002549466_J0004,260002549466,35,81,adaptacao climatica,relevante,TRUE,FALSE,FALSE,FALSE,FALSE,FALSE,FALSE,FALSE,FALSE,FALSE,FALSE,FALSE,FALSE,TRUE,3,relevante,TRUE,FALSE,FALSE,TRUE,FALSE,FALSE,FALSE,FALSE,FALSE,FALSE,FALSE,FALSE,FALSE,TRUE,2,FALSE,FALSE,TRUE,FALSE,FALSE,1,TRUE,TRUE,TRUE,3,FALSE
260002549466_J0005,260002549466,39,49,secas; enchente; vulnerabilidade,relevante,TRUE,TRUE,FALSE,FALSE,TRUE,FALSE,TRUE,FALSE,FALSE,FALSE,FALSE,FALSE,FALSE,FALSE,3,relevante,,,,,,,,,,,,,,,,FALSE,FALSE,FALSE,FALSE,FALSE,0,TRUE,TRUE,TRUE,3,FALSE
260002549466_J0006,260002549466,42,221,areas de risco; vulnerabilidade,relevante,TRUE,FALSE,FALSE,FALSE,FALSE,FALSE,FALSE,FALSE,FALSE,FALSE,FALSE,FALSE,FALSE,TRUE,3,relevante,TRUE,FALSE,FALSE,FALSE,FALSE,FALSE,FALSE,FALSE,FALSE,FALSE,FALSE,FALSE,FALSE,TRUE,2,FALSE,FALSE,TRUE,FALSE,FALSE,1,TRUE,TRUE,TRUE,3,FALSE
260002549466_J0007,260002549466,43,43,vulnerabilidade; areas de risco,relevante,FALSE,TRUE,FALSE,FALSE,FALSE,FALSE,FALSE,FALSE,FALSE,FALSE,FALSE,FALSE,FALSE,TRUE,3,relevante,,,,,,,,,,,,,,,,FALSE,FALSE,FALSE,FALSE,FALSE,0,TRUE,TRUE,TRUE,3,FALSE
260002549466_J0008,260002549466,43,50,areas de risco; drenagem; encosta; adaptacao climatica,relevante,TRUE,FALSE,FALSE,TRUE,TRUE,TRUE,FALSE,FALSE,FALSE,FALSE,FALSE,FALSE,FALSE,FALSE,3,relevante,TRUE,FALSE,FALSE,TRUE,TRUE,TRUE,FALSE,FALSE,FALSE,FALSE,FALSE,FALSE,FALSE,FALSE,2,FALSE,FALSE,FALSE,FALSE,FALSE,0,TRUE,TRUE,TRUE,3,FALSE
260002549466_J0009,260002549466,44,47,areas de risco,relevante,TRUE,FALSE,FALSE,FALSE,FALSE,FALSE,FALSE,FALSE,FALSE,FALSE,FALSE,FALSE,FALSE,TRUE,2,relevante,,,,,,,,,,,,,,,,FALSE,FALSE,FALSE,FALSE,FALSE,0,TRUE,TRUE,TRUE,2,FALSE
260002549466_J0010,260002549466,49,46,defesa civil,nao_relevante,,,,,,,,,,,,,,,,relevante,,,,,,,,,,,,,,,,FALSE,FALSE,FALSE,TRUE,TRUE,2,FALSE,TRUE,FALSE,,FALSE
260002549466_J0011,260002549466,50,52,incendios; desastre,relevante,FALSE,TRUE,FALSE,FALSE,FALSE,FALSE,FALSE,TRUE,FALSE,FALSE,FALSE,FALSE,FALSE,FALSE,3,relevante,FALSE,TRUE,FALSE,FALSE,FALSE,FALSE,FALSE,TRUE,FALSE,FALSE,FALSE,FALSE,FALSE,FALSE,2,FALSE,FALSE,FALSE,FALSE,TRUE,1,TRUE,TRUE,TRUE,3,FALSE
260002549466_J0012,260002549466,55,83,seca,relevante,TRUE,FALSE,FALSE,FALSE,FALSE,FALSE,TRUE,FALSE,FALSE,FALSE,FALSE,FALSE,FALSE,FALSE,2,relevante,TRUE,FALSE,FALSE,TRUE,FALSE,FALSE,TRUE,FALSE,FALSE,FALSE,FALSE,FALSE,FALSE,FALSE,2,FALSE,FALSE,FALSE,FALSE,FALSE,0,TRUE,TRUE,TRUE,2,FALSE
260002549466_J0013,260002549466,56,48,barragens; estiagem,relevante,TRUE,FALSE,FALSE,FALSE,FALSE,FALSE,TRUE,FALSE,FALSE,FALSE,FALSE,FALSE,FALSE,FALSE,2,relevante,,,,,,,,,,,,,,,,FALSE,FALSE,FALSE,FALSE,FALSE,0,TRUE,TRUE,TRUE,2,FALSE
260002549466_J0014,260002549466,57,44,barragens; seca,relevante,TRUE,FALSE,FALSE,FALSE,FALSE,FALSE,TRUE,FALSE,FALSE,FALSE,FALSE,TRUE,FALSE,FALSE,2,relevante,TRUE,FALSE,FALSE,FALSE,FALSE,FALSE,TRUE,FALSE,FALSE,FALSE,FALSE,FALSE,FALSE,FALSE,0,FALSE,FALSE,FALSE,FALSE,FALSE,0,TRUE,TRUE,TRUE,2,FALSE
260002549466_J0015,260002549466,58,55,defesa civil,relevante,TRUE,FALSE,FALSE,FALSE,FALSE,FALSE,FALSE,FALSE,FALSE,FALSE,FALSE,FALSE,FALSE,FALSE,2,relevante,,,,,,,,,,,,,,,,FALSE,FALSE,FALSE,FALSE,TRUE,1,TRUE,TRUE,TRUE,2,FALSE
260002549466_J0016,260002549466,58,104,mudancas climaticas; alerta; defesa civil; queimada,relevante,TRUE,FALSE,FALSE,FALSE,FALSE,FALSE,FALSE,TRUE,FALSE,FALSE,FALSE,FALSE,FALSE,FALSE,3,relevante,TRUE,FALSE,FALSE,FALSE,FALSE,FALSE,FALSE,TRUE,FALSE,FALSE,FALSE,FALSE,FALSE,FALSE,2,FALSE,FALSE,FALSE,TRUE,TRUE,2,TRUE,TRUE,TRUE,3,FALSE
260002549466_J0017,260002549466,60,818,queimada; defesa civil; mudancas climaticas; eventos extremos; adaptacao climatica; desastre,relevante,TRUE,TRUE,FALSE,TRUE,TRUE,TRUE,TRUE,TRUE,TRUE,FALSE,TRUE,FALSE,FALSE,FALSE,3,relevante,TRUE,TRUE,TRUE,TRUE,FALSE,FALSE,FALSE,TRUE,FALSE,FALSE,FALSE,FALSE,FALSE,FALSE,3,FALSE,FALSE,FALSE,TRUE,TRUE,2,TRUE,TRUE,TRUE,3,FALSE
260002549466_J0018,260002549466,66,46,gestao de risco,nao_relevante,,,,,,,,,,,,,,,,nao_relevante,,,,,,,,,,,,,,,,FALSE,FALSE,FALSE,FALSE,FALSE,0,FALSE,FALSE,TRUE,,FALSE
260002549466_J0019,260002549466,71,32,defesa civil; desastre,relevante,TRUE,TRUE,TRUE,FALSE,FALSE,FALSE,FALSE,FALSE,FALSE,FALSE,FALSE,FALSE,FALSE,TRUE,2,relevante,TRUE,TRUE,TRUE,FALSE,FALSE,FALSE,FALSE,FALSE,FALSE,FALSE,FALSE,FALSE,FALSE,TRUE,2,FALSE,TRUE,FALSE,FALSE,TRUE,2,TRUE,TRUE,TRUE,2,FALSE
260002551712_J0001,260002551712,16,65,seca,nao_relevante,,,,,,,,,,,,,,,,relevante,,,,,,,,,,,,,,,,FALSE,FALSE,FALSE,FALSE,FALSE,0,FALSE,TRUE,FALSE,,FALSE
260002551712_J0002,260002551712,17,85,drenagem; alagament,relevante,TRUE,FALSE,FALSE,FALSE,TRUE,FALSE,FALSE,FALSE,FALSE,FALSE,FALSE,FALSE,FALSE,FALSE,3,relevante,TRUE,FALSE,FALSE,FALSE,TRUE,FALSE,FALSE,FALSE,FALSE,FALSE,FALSE,FALSE,FALSE,FALSE,3,FALSE,FALSE,FALSE,FALSE,FALSE,0,TRUE,TRUE,TRUE,3,FALSE
270002539187_J0001,270002539187,9,20,mudancas climaticas,clima_geral,,,,,,,,,,,,,,,,clima_geral,,,,,,,,,,,,,,,,FALSE,FALSE,FALSE,FALSE,TRUE,1,FALSE,FALSE,TRUE,,FALSE
270002539187_J0002,270002539187,14,15,mudancas climaticas,clima_geral,,,,,,,,,,,,,,,,clima_geral,,,,,,,,,,,,,,,,FALSE,FALSE,FALSE,FALSE,TRUE,1,FALSE,FALSE,TRUE,,FALSE
270002539187_J0003,270002539187,16,30,mudancas climaticas,clima_geral,,,,,,,,,,,,,,,,relevante,,,,,,,,,,,,,,,,FALSE,FALSE,FALSE,FALSE,TRUE,1,FALSE,TRUE,FALSE,,FALSE
270002544494_J0001,270002544494,12,116,gestao de risco,nao_relevante,,,,,,,,,,,,,,,,nao_relevante,,,,,,,,,,,,,,,,FALSE,FALSE,FALSE,FALSE,FALSE,0,FALSE,FALSE,TRUE,,FALSE
270002544494_J0002,270002544494,29,108,mudancas climaticas,clima_geral,,,,,,,,,,,,,,,,clima_geral,,,,,,,,,,,,,,,,FALSE,FALSE,FALSE,FALSE,FALSE,0,FALSE,FALSE,TRUE,,FALSE
270002544494_J0003,270002544494,34,135,drenagem; defesa civil,nao_relevante,,,,,,,,,,,,,,,,nao_relevante,,,,,,,,,,,,,,,,FALSE,FALSE,FALSE,FALSE,TRUE,1,FALSE,FALSE,TRUE,,FALSE
270002544494_J0004,270002544494,38,84,queimada; incendios florestais,relevante,TRUE,FALSE,FALSE,FALSE,FALSE,FALSE,FALSE,TRUE,FALSE,FALSE,FALSE,FALSE,FALSE,FALSE,3,relevante,TRUE,FALSE,FALSE,FALSE,FALSE,FALSE,FALSE,TRUE,FALSE,FALSE,FALSE,FALSE,FALSE,FALSE,3,FALSE,FALSE,FALSE,TRUE,FALSE,1,TRUE,TRUE,TRUE,3,FALSE
270002544494_J0005,270002544494,38,27,mudancas climaticas; resiliencia,relevante,FALSE,FALSE,TRUE,TRUE,FALSE,FALSE,FALSE,FALSE,FALSE,FALSE,FALSE,FALSE,FALSE,FALSE,2,relevante,TRUE,FALSE,FALSE,TRUE,FALSE,FALSE,FALSE,FALSE,FALSE,FALSE,FALSE,FALSE,FALSE,FALSE,2,FALSE,FALSE,FALSE,FALSE,FALSE,0,TRUE,TRUE,TRUE,2,FALSE
270002544494_J0006,270002544494,49,109,defesa civil,relevante,TRUE,TRUE,FALSE,FALSE,FALSE,FALSE,FALSE,FALSE,FALSE,FALSE,FALSE,FALSE,FALSE,TRUE,2,relevante,,,,,,,,,,,,,,,,FALSE,FALSE,FALSE,FALSE,TRUE,1,TRUE,TRUE,TRUE,2,FALSE
270002544494_J0007,270002544494,53,103,defesa civil; gestao de risco; eventos climaticos; desastre; calamidade; resiliencia,relevante,TRUE,FALSE,FALSE,FALSE,FALSE,FALSE,FALSE,FALSE,FALSE,FALSE,FALSE,FALSE,FALSE,TRUE,3,relevante,TRUE,FALSE,FALSE,FALSE,FALSE,FALSE,FALSE,FALSE,FALSE,FALSE,FALSE,FALSE,FALSE,TRUE,3,FALSE,FALSE,FALSE,TRUE,TRUE,2,TRUE,TRUE,TRUE,3,FALSE
270002544494_J0008,270002544494,57,81,mudancas climaticas,relevante,FALSE,FALSE,FALSE,FALSE,FALSE,FALSE,FALSE,FALSE,FALSE,FALSE,FALSE,FALSE,FALSE,FALSE,2,relevante,FALSE,FALSE,FALSE,TRUE,FALSE,FALSE,FALSE,FALSE,FALSE,FALSE,FALSE,FALSE,FALSE,FALSE,2,FALSE,FALSE,FALSE,FALSE,FALSE,0,TRUE,TRUE,TRUE,2,FALSE
270002544544_J0001,270002544544,2,76,cheia,nao_relevante,,,,,,,,,,,,,,,,nao_relevante,,,,,,,,,,,,,,,,FALSE,FALSE,FALSE,FALSE,FALSE,0,FALSE,FALSE,TRUE,,FALSE
270002544544_J0002,270002544544,7,46,seca,relevante,TRUE,FALSE,FALSE,FALSE,FALSE,FALSE,TRUE,FALSE,FALSE,FALSE,FALSE,FALSE,FALSE,FALSE,3,relevante,,,,,,,,,,,,,,,,FALSE,FALSE,FALSE,FALSE,FALSE,0,TRUE,TRUE,TRUE,3,FALSE
270002544544_J0003,270002544544,14,59,secas,relevante,TRUE,FALSE,FALSE,FALSE,FALSE,FALSE,TRUE,FALSE,TRUE,FALSE,FALSE,FALSE,FALSE,FALSE,3,relevante,,,,,,,,,,,,,,,,FALSE,FALSE,FALSE,TRUE,FALSE,1,TRUE,TRUE,TRUE,3,FALSE
270002544544_J0004,270002544544,35,61,adaptacao climatica; drenagem; rompimento,relevante,TRUE,FALSE,FALSE,TRUE,TRUE,FALSE,FALSE,FALSE,FALSE,FALSE,FALSE,FALSE,FALSE,FALSE,3,relevante,TRUE,FALSE,FALSE,TRUE,TRUE,FALSE,FALSE,FALSE,FALSE,FALSE,FALSE,FALSE,FALSE,FALSE,3,FALSE,FALSE,FALSE,FALSE,FALSE,0,TRUE,TRUE,TRUE,3,FALSE
270002544599_J0001,270002544599,28,94,sistema de alerta,nao_relevante,,,,,,,,,,,,,,,,nao_relevante,,,,,,,,,,,,,,,,FALSE,FALSE,FALSE,FALSE,TRUE,1,FALSE,FALSE,TRUE,,FALSE
270002544599_J0002,270002544599,48,46,drenagem; areas de risco; vulnerabilidade,relevante,TRUE,FALSE,FALSE,FALSE,FALSE,FALSE,FALSE,FALSE,FALSE,FALSE,FALSE,FALSE,FALSE,TRUE,3,relevante,,,,,,,,,,,,,,,,FALSE,FALSE,FALSE,FALSE,FALSE,0,TRUE,TRUE,TRUE,3,FALSE
270002544599_J0003,270002544599,50,76,gestao de risco,nao_relevante,,,,,,,,,,,,,,,,nao_relevante,,,,,,,,,,,,,,,,FALSE,FALSE,FALSE,FALSE,FALSE,0,FALSE,FALSE,TRUE,,FALSE
270002544599_J0004,270002544599,72,130,incendios florestais; defesa civil,relevante,TRUE,FALSE,FALSE,FALSE,FALSE,FALSE,FALSE,TRUE,FALSE,FALSE,FALSE,FALSE,FALSE,FALSE,3,relevante,,,,,,,,,,,,,,,,FALSE,FALSE,FALSE,FALSE,TRUE,1,TRUE,TRUE,TRUE,3,FALSE
270002544599_J0005,270002544599,73,62,incendios florestais,relevante,FALSE,TRUE,FALSE,FALSE,FALSE,FALSE,FALSE,TRUE,FALSE,FALSE,FALSE,FALSE,FALSE,FALSE,3,relevante,,,,,,,,,,,,,,,,FALSE,FALSE,FALSE,FALSE,FALSE,0,TRUE,TRUE,TRUE,3,FALSE
270002548412_J0001,270002548412,9,21,mapeamento de risco,nao_relevante,,,,,,,,,,,,,,,,nao_relevante,,,,,,,,,,,,,,,,FALSE,FALSE,FALSE,FALSE,FALSE,0,FALSE,FALSE,TRUE,,FALSE
270002548412_J0002,270002548412,13,37,defesa civil; incendios,relevante,TRUE,TRUE,FALSE,FALSE,FALSE,FALSE,FALSE,TRUE,FALSE,FALSE,FALSE,FALSE,FALSE,FALSE,3,relevante,,,,,,,,,,,,,,,,FALSE,FALSE,FALSE,FALSE,TRUE,1,TRUE,TRUE,TRUE,3,FALSE
270002550458_J0001,270002550458,3,30,defesa civil,nao_relevante,,,,,,,,,,,,,,,,relevante,,,,,,,,,,,,,,,,FALSE,FALSE,FALSE,FALSE,TRUE,1,FALSE,TRUE,FALSE,,FALSE
270002550458_J0002,270002550458,5,38,defesa civil,relevante,TRUE,FALSE,FALSE,FALSE,FALSE,FALSE,FALSE,FALSE,FALSE,FALSE,FALSE,FALSE,FALSE,TRUE,2,relevante,TRUE,FALSE,FALSE,FALSE,FALSE,FALSE,FALSE,FALSE,FALSE,FALSE,FALSE,FALSE,FALSE,TRUE,2,FALSE,FALSE,FALSE,FALSE,TRUE,1,TRUE,TRUE,TRUE,2,FALSE
270002550458_J0003,270002550458,6,43,reducao de risco,nao_relevante,,,,,,,,,,,,,,,,nao_relevante,,,,,,,,,,,,,,,,FALSE,FALSE,FALSE,FALSE,FALSE,0,FALSE,FALSE,TRUE,,FALSE
270002550458_J0004,270002550458,6,29,gestao de risco,nao_relevante,,,,,,,,,,,,,,,,nao_relevante,,,,,,,,,,,,,,,,FALSE,FALSE,FALSE,FALSE,FALSE,0,FALSE,FALSE,TRUE,,FALSE
270002550458_J0005,270002550458,14,61,defesa civil,nao_relevante,,,,,,,,,,,,,,,,nao_relevante,,,,,,,,,,,,,,,,FALSE,FALSE,FALSE,FALSE,TRUE,1,FALSE,FALSE,TRUE,,FALSE
270002550458_J0006,270002550458,15,69,defesa civil; resiliencia climatica; mapeamento de risco; alerta; incendios; secas,relevante,TRUE,FALSE,FALSE,FALSE,TRUE,FALSE,TRUE,TRUE,FALSE,FALSE,FALSE,FALSE,FALSE,FALSE,3,relevante,TRUE,FALSE,FALSE,FALSE,FALSE,FALSE,FALSE,TRUE,FALSE,FALSE,FALSE,FALSE,FALSE,FALSE,3,FALSE,FALSE,FALSE,FALSE,TRUE,1,TRUE,TRUE,TRUE,3,FALSE
270002550458_J0007,270002550458,22,46,drenagem; alagament,relevante,TRUE,FALSE,FALSE,FALSE,TRUE,FALSE,FALSE,FALSE,FALSE,FALSE,FALSE,FALSE,FALSE,FALSE,3,relevante,,,,,,,,,,,,,,,,FALSE,FALSE,FALSE,TRUE,FALSE,1,TRUE,TRUE,TRUE,3,FALSE
270002550458_J0008,270002550458,22,51,mapeamento de risco; drenagem; adaptacao climatica; vulnerabilidade; eventos extremos; areas de risco,relevante,TRUE,FALSE,FALSE,TRUE,FALSE,FALSE,FALSE,FALSE,TRUE,FALSE,FALSE,FALSE,FALSE,FALSE,3,relevante,TRUE,FALSE,FALSE,TRUE,TRUE,FALSE,FALSE,FALSE,TRUE,FALSE,FALSE,FALSE,FALSE,TRUE,3,FALSE,FALSE,FALSE,TRUE,TRUE,2,TRUE,TRUE,TRUE,3,FALSE
270002550458_J0009,270002550458,27,29,gestao de risco; eventos extremos,relevante,TRUE,FALSE,FALSE,FALSE,FALSE,FALSE,FALSE,FALSE,FALSE,FALSE,FALSE,FALSE,FALSE,TRUE,3,relevante,FALSE,FALSE,FALSE,TRUE,FALSE,FALSE,FALSE,FALSE,FALSE,FALSE,FALSE,FALSE,FALSE,TRUE,3,FALSE,FALSE,FALSE,FALSE,FALSE,0,TRUE,TRUE,TRUE,3,FALSE
270002550458_J0010,270002550458,28,58,incendios; defesa civil; queimada,relevante,TRUE,FALSE,FALSE,FALSE,FALSE,FALSE,FALSE,TRUE,FALSE,FALSE,FALSE,FALSE,FALSE,FALSE,3,relevante,TRUE,FALSE,FALSE,FALSE,FALSE,FALSE,FALSE,TRUE,FALSE,FALSE,FALSE,FALSE,FALSE,FALSE,3,FALSE,FALSE,FALSE,TRUE,TRUE,2,TRUE,TRUE,TRUE,3,FALSE
270002550458_J0011,270002550458,36,40,defesa civil,nao_relevante,,,,,,,,,,,,,,,,nao_relevante,,,,,,,,,,,,,,,,FALSE,FALSE,FALSE,FALSE,TRUE,1,FALSE,FALSE,TRUE,,FALSE
30002530014_J0001,30002530014,15,57,gestao de risco,nao_relevante,,,,,,,,,,,,,,,,nao_relevante,,,,,,,,,,,,,,,,FALSE,FALSE,FALSE,FALSE,FALSE,0,FALSE,FALSE,TRUE,,FALSE
30002530014_J0002,30002530014,20,65,calamidade,relevante,TRUE,FALSE,FALSE,FALSE,FALSE,FALSE,FALSE,FALSE,FALSE,FALSE,FALSE,FALSE,FALSE,TRUE,2,nao_relevante,FALSE,TRUE,FALSE,FALSE,FALSE,FALSE,FALSE,FALSE,FALSE,FALSE,FALSE,FALSE,FALSE,TRUE,3,FALSE,FALSE,FALSE,FALSE,FALSE,0,TRUE,FALSE,FALSE,2,FALSE
30002530014_J0003,30002530014,20,70,gestao de risco,nao_relevante,,,,,,,,,,,,,,,,nao_relevante,,,,,,,,,,,,,,,,FALSE,FALSE,FALSE,TRUE,FALSE,1,FALSE,FALSE,TRUE,,FALSE
30002530014_J0004,30002530014,38,43,defesa civil; resiliencia,relevante,FALSE,FALSE,FALSE,FALSE,FALSE,FALSE,FALSE,FALSE,FALSE,FALSE,FALSE,FALSE,FALSE,TRUE,2,relevante,,,,,,,,,,,,,,,,FALSE,FALSE,FALSE,FALSE,TRUE,1,TRUE,TRUE,TRUE,2,FALSE
30002530014_J0005,30002530014,38,109,drenagem; inundac,relevante,TRUE,FALSE,FALSE,FALSE,TRUE,FALSE,FALSE,FALSE,FALSE,FALSE,FALSE,FALSE,FALSE,FALSE,3,relevante,,,,,,,,,,,,,,,,FALSE,FALSE,FALSE,FALSE,FALSE,0,TRUE,TRUE,TRUE,3,FALSE
30002530014_J0006,30002530014,43,97,defesa civil,relevante,TRUE,FALSE,FALSE,FALSE,FALSE,FALSE,FALSE,FALSE,FALSE,FALSE,FALSE,FALSE,FALSE,FALSE,3,relevante,,,,,,,,,,,,,,,,FALSE,FALSE,FALSE,TRUE,TRUE,2,TRUE,TRUE,TRUE,3,FALSE
30002530014_J0007,30002530014,50,79,seca,nao_relevante,,,,,,,,,,,,,,,,nao_relevante,,,,,,,,,,,,,,,,FALSE,FALSE,FALSE,FALSE,FALSE,0,FALSE,FALSE,TRUE,,FALSE
30002530014_J0008,30002530014,67,61,resiliencia; mudancas climaticas,relevante,FALSE,FALSE,FALSE,TRUE,FALSE,FALSE,FALSE,FALSE,FALSE,FALSE,FALSE,FALSE,FALSE,FALSE,2,relevante,,,,,,,,,,,,,,,,FALSE,FALSE,FALSE,FALSE,FALSE,0,TRUE,TRUE,TRUE,2,FALSE
30002530014_J0009,30002530014,74,78,gestao de risco,nao_relevante,,,,,,,,,,,,,,,,nao_relevante,,,,,,,,,,,,,,,,FALSE,FALSE,FALSE,FALSE,FALSE,0,FALSE,FALSE,TRUE,,FALSE
30002536311_J0001,30002536311,18,113,seca,nao_relevante,,,,,,,,,,,,,,,,nao_relevante,,,,,,,,,,,,,,,,FALSE,FALSE,FALSE,FALSE,FALSE,0,FALSE,FALSE,TRUE,,FALSE
30002536311_J0002,30002536311,20,80,drenagem; mudancas climaticas; alagament; vulnerabilidade,relevante,TRUE,FALSE,FALSE,TRUE,TRUE,FALSE,FALSE,FALSE,FALSE,FALSE,FALSE,FALSE,FALSE,FALSE,2,relevante,TRUE,FALSE,FALSE,TRUE,TRUE,TRUE,FALSE,FALSE,FALSE,FALSE,FALSE,FALSE,FALSE,FALSE,2,FALSE,FALSE,FALSE,FALSE,FALSE,0,TRUE,TRUE,TRUE,2,FALSE
30002536311_J0003,30002536311,32,113,defesa civil; desastre,relevante,TRUE,TRUE,FALSE,FALSE,FALSE,FALSE,FALSE,FALSE,FALSE,FALSE,FALSE,FALSE,FALSE,TRUE,3,relevante,TRUE,TRUE,FALSE,FALSE,FALSE,FALSE,FALSE,FALSE,FALSE,FALSE,FALSE,FALSE,FALSE,TRUE,2,FALSE,FALSE,FALSE,TRUE,TRUE,2,TRUE,TRUE,TRUE,3,FALSE
30002536311_J0004,30002536311,36,77,drenagem; mudancas climaticas; alagament; vulnerabilidade,relevante,TRUE,FALSE,TRUE,TRUE,TRUE,FALSE,FALSE,FALSE,FALSE,FALSE,FALSE,FALSE,FALSE,FALSE,3,relevante,,,,,,,,,,,,,,,,FALSE,FALSE,FALSE,FALSE,FALSE,0,TRUE,TRUE,TRUE,3,FALSE
30002536313_J0001,30002536313,2,116,catastrofe,nao_relevante,,,,,,,,,,,,,,,,nao_relevante,,,,,,,,,,,,,,,,FALSE,FALSE,FALSE,FALSE,FALSE,0,FALSE,FALSE,TRUE,,FALSE
30002551388_J0001,30002551388,5,47,plano de emergencia,nao_relevante,,,,,,,,,,,,,,,,nao_relevante,,,,,,,,,,,,,,,,FALSE,FALSE,FALSE,FALSE,FALSE,0,FALSE,FALSE,TRUE,,FALSE
30002552017_J0001,30002552017,27,22,drenagem; alagament,relevante,TRUE,FALSE,FALSE,FALSE,TRUE,FALSE,FALSE,FALSE,FALSE,FALSE,FALSE,FALSE,FALSE,FALSE,2,relevante,,,,,,,,,,,,,,,,FALSE,FALSE,FALSE,FALSE,FALSE,0,TRUE,TRUE,TRUE,2,FALSE
40002532272_J0001,40002532272,28,62,cheia; seca,relevante,FALSE,FALSE,FALSE,FALSE,TRUE,FALSE,TRUE,FALSE,FALSE,FALSE,FALSE,FALSE,FALSE,FALSE,1,relevante,,,,,,,,,,,,,,,,FALSE,FALSE,FALSE,FALSE,FALSE,0,TRUE,TRUE,TRUE,1,FALSE
40002532272_J0002,40002532272,48,49,mudancas climaticas,clima_geral,,,,,,,,,,,,,,,,clima_geral,,,,,,,,,,,,,,,,FALSE,FALSE,FALSE,FALSE,FALSE,0,FALSE,FALSE,TRUE,,FALSE
40002532272_J0003,40002532272,50,24,cheias; secas,relevante,FALSE,TRUE,FALSE,FALSE,TRUE,FALSE,TRUE,FALSE,FALSE,FALSE,FALSE,FALSE,FALSE,FALSE,1,relevante,,,,,,,,,,,,,,,,FALSE,FALSE,FALSE,FALSE,FALSE,0,TRUE,TRUE,TRUE,1,FALSE
40002532272_J0004,40002532272,64,82,alerta precoce,nao_relevante,,,,,,,,,,,,,,,,nao_relevante,,,,,,,,,,,,,,,,FALSE,FALSE,FALSE,FALSE,FALSE,0,FALSE,FALSE,TRUE,,FALSE
40002532272_J0005,40002532272,72,85,resiliencia; cheias; secas,relevante,TRUE,FALSE,FALSE,FALSE,TRUE,FALSE,TRUE,FALSE,FALSE,FALSE,FALSE,FALSE,FALSE,FALSE,1,relevante,,,,,,,,,,,,,,,,FALSE,FALSE,FALSE,FALSE,FALSE,0,TRUE,TRUE,TRUE,1,FALSE
40002532272_J0006,40002532272,73,48,alerta precoce,nao_relevante,,,,,,,,,,,,,,,,nao_relevante,,,,,,,,,,,,,,,,FALSE,FALSE,FALSE,FALSE,FALSE,0,FALSE,FALSE,TRUE,,FALSE
40002532272_J0007,40002532272,74,75,cheia,nao_relevante,,,,,,,,,,,,,,,,nao_relevante,,,,,,,,,,,,,,,,FALSE,FALSE,FALSE,FALSE,FALSE,0,FALSE,FALSE,TRUE,,FALSE
40002535267_J0001,40002535267,10,83,secas; enchente,relevante,FALSE,FALSE,FALSE,FALSE,TRUE,FALSE,TRUE,FALSE,FALSE,FALSE,FALSE,FALSE,FALSE,FALSE,1,relevante,,,,,,,,,,,,,,,,FALSE,FALSE,FALSE,FALSE,FALSE,0,TRUE,TRUE,TRUE,1,FALSE
40002535267_J0002,40002535267,14,163,crise climatica; calor extremo; secas; enchente; incendios; desastre,relevante,FALSE,FALSE,FALSE,FALSE,TRUE,FALSE,TRUE,TRUE,TRUE,TRUE,TRUE,TRUE,FALSE,FALSE,1,relevante,,,,,,,,,,,,,,,,FALSE,FALSE,FALSE,FALSE,FALSE,0,TRUE,TRUE,TRUE,1,FALSE
40002535267_J0003,40002535267,22,54,mudancas climaticas,clima_geral,,,,,,,,,,,,,,,,clima_geral,,,,,,,,,,,,,,,,FALSE,FALSE,FALSE,FALSE,FALSE,0,FALSE,FALSE,TRUE,,FALSE
40002535267_J0004,40002535267,22,97,mudancas climaticas,clima_geral,,,,,,,,,,,,,,,,clima_geral,,,,,,,,,,,,,,,,FALSE,FALSE,FALSE,FALSE,FALSE,0,FALSE,FALSE,TRUE,,FALSE
40002536086_J0001,40002536086,4,86,mudancas climaticas,clima_geral,,,,,,,,,,,,,,,,clima_geral,,,,,,,,,,,,,,,,FALSE,FALSE,FALSE,FALSE,FALSE,0,FALSE,FALSE,TRUE,,FALSE
40002536086_J0002,40002536086,10,74,eventos climaticos; secas; queimada,relevante,FALSE,FALSE,FALSE,FALSE,FALSE,FALSE,TRUE,TRUE,FALSE,FALSE,FALSE,FALSE,FALSE,FALSE,1,relevante,,,,,,,,,,,,,,,,FALSE,FALSE,FALSE,FALSE,FALSE,0,TRUE,TRUE,TRUE,1,FALSE
40002536086_J0003,40002536086,20,65,cheias; secas,relevante,FALSE,FALSE,FALSE,FALSE,TRUE,FALSE,TRUE,FALSE,FALSE,FALSE,FALSE,FALSE,FALSE,FALSE,1,relevante,FALSE,FALSE,FALSE,FALSE,TRUE,FALSE,TRUE,FALSE,FALSE,FALSE,FALSE,FALSE,FALSE,FALSE,1,FALSE,TRUE,FALSE,FALSE,FALSE,1,TRUE,TRUE,TRUE,1,FALSE
40002536086_J0004,40002536086,25,43,mudancas climaticas,clima_geral,,,,,,,,,,,,,,,,clima_geral,,,,,,,,,,,,,,,,FALSE,FALSE,FALSE,FALSE,FALSE,0,FALSE,FALSE,TRUE,,FALSE
40002536086_J0005,40002536086,28,59,drenagem; secas; cheias,relevante,TRUE,FALSE,FALSE,FALSE,TRUE,FALSE,TRUE,FALSE,FALSE,FALSE,FALSE,FALSE,FALSE,FALSE,1,relevante,FALSE,FALSE,FALSE,FALSE,TRUE,FALSE,TRUE,FALSE,FALSE,FALSE,FALSE,FALSE,FALSE,FALSE,1,FALSE,FALSE,FALSE,FALSE,FALSE,0,TRUE,TRUE,TRUE,1,FALSE
40002536086_J0006,40002536086,31,95,mudancas climaticas,clima_geral,,,,,,,,,,,,,,,,relevante,,,,,,,,,,,,,,,,FALSE,FALSE,FALSE,FALSE,FALSE,0,FALSE,TRUE,FALSE,,FALSE
40002536086_J0007,40002536086,32,58,mudancas climaticas,clima_geral,,,,,,,,,,,,,,,,clima_geral,,,,,,,,,,,,,,,,FALSE,FALSE,FALSE,FALSE,FALSE,0,FALSE,FALSE,TRUE,,FALSE
40002536086_J0008,40002536086,35,129,gestao de risco,nao_relevante,,,,,,,,,,,,,,,,nao_relevante,,,,,,,,,,,,,,,,FALSE,FALSE,FALSE,FALSE,FALSE,0,FALSE,FALSE,TRUE,,FALSE
40002536086_J0009,40002536086,36,23,gestao de risco,nao_relevante,,,,,,,,,,,,,,,,nao_relevante,,,,,,,,,,,,,,,,FALSE,FALSE,FALSE,FALSE,FALSE,0,FALSE,FALSE,TRUE,,FALSE
40002536086_J0010,40002536086,41,39,queimada,clima_geral,,,,,,,,,,,,,,,,relevante,,,,,,,,,,,,,,,,FALSE,FALSE,FALSE,TRUE,FALSE,1,FALSE,TRUE,FALSE,,FALSE
40002536086_J0011,40002536086,53,97,mudancas climaticas,clima_geral,,,,,,,,,,,,,,,,clima_geral,,,,,,,,,,,,,,,,FALSE,FALSE,FALSE,TRUE,TRUE,2,FALSE,FALSE,TRUE,,FALSE
40002536086_J0012,40002536086,65,75,mudancas climaticas,clima_geral,,,,,,,,,,,,,,,,clima_geral,,,,,,,,,,,,,,,,FALSE,FALSE,FALSE,FALSE,FALSE,0,FALSE,FALSE,TRUE,,FALSE
40002536086_J0013,40002536086,65,43,mudancas climaticas; resiliencia,relevante,TRUE,FALSE,FALSE,FALSE,FALSE,FALSE,FALSE,FALSE,FALSE,FALSE,FALSE,FALSE,FALSE,TRUE,2,relevante,,,,,,,,,,,,,,,,FALSE,FALSE,FALSE,FALSE,FALSE,0,TRUE,TRUE,TRUE,2,FALSE
40002536086_J0014,40002536086,67,145,resiliencia; queimada; mudancas climaticas; gestao de risco; desastre,relevante,TRUE,FALSE,FALSE,TRUE,FALSE,FALSE,FALSE,TRUE,FALSE,FALSE,FALSE,FALSE,FALSE,FALSE,2,relevante,,,,,,,,,,,,,,,,FALSE,FALSE,FALSE,FALSE,FALSE,0,TRUE,TRUE,TRUE,2,FALSE
40002541626_J0001,40002541626,9,95,queimada,relevante,TRUE,FALSE,FALSE,FALSE,FALSE,FALSE,FALSE,TRUE,FALSE,FALSE,FALSE,FALSE,FALSE,FALSE,3,relevante,,,,,,,,,,,,,,,,FALSE,FALSE,FALSE,FALSE,FALSE,0,TRUE,TRUE,TRUE,3,FALSE
40002541741_J0001,40002541741,72,63,areas de risco; deslizament; alagament; vulnerabilidade,relevante,TRUE,FALSE,FALSE,FALSE,TRUE,TRUE,FALSE,FALSE,FALSE,FALSE,FALSE,FALSE,FALSE,FALSE,1,relevante,,,,,,,,,,,,,,,,FALSE,FALSE,FALSE,FALSE,FALSE,0,TRUE,TRUE,TRUE,1,FALSE
40002541741_J0002,40002541741,72,135,areas de risco,relevante,TRUE,FALSE,FALSE,FALSE,FALSE,FALSE,FALSE,FALSE,FALSE,FALSE,FALSE,FALSE,FALSE,TRUE,3,relevante,TRUE,FALSE,FALSE,FALSE,FALSE,FALSE,FALSE,FALSE,FALSE,FALSE,FALSE,FALSE,FALSE,TRUE,3,FALSE,FALSE,FALSE,FALSE,FALSE,0,TRUE,TRUE,TRUE,3,FALSE
40002541741_J0003,40002541741,93,248,mudancas climaticas; cheias; secas; defesa civil; alerta; eventos extremos,relevante,TRUE,TRUE,FALSE,TRUE,TRUE,FALSE,TRUE,FALSE,FALSE,FALSE,FALSE,FALSE,FALSE,FALSE,3,relevante,,,,,,,,,,,,,,,,FALSE,FALSE,FALSE,TRUE,TRUE,2,TRUE,TRUE,TRUE,3,FALSE
40002550776_J0001,40002550776,4,17,cheias; secas,relevante,FALSE,FALSE,FALSE,TRUE,TRUE,FALSE,TRUE,FALSE,FALSE,FALSE,FALSE,FALSE,FALSE,FALSE,2,relevante,FALSE,FALSE,FALSE,TRUE,TRUE,FALSE,TRUE,FALSE,FALSE,FALSE,FALSE,FALSE,FALSE,FALSE,2,FALSE,FALSE,FALSE,FALSE,FALSE,0,TRUE,TRUE,TRUE,2,FALSE
40002550776_J0002,40002550776,5,41,risco climatico,relevante,TRUE,FALSE,FALSE,FALSE,FALSE,FALSE,FALSE,FALSE,FALSE,FALSE,FALSE,FALSE,FALSE,TRUE,2,relevante,,,,,,,,,,,,,,,,FALSE,FALSE,FALSE,TRUE,FALSE,1,TRUE,TRUE,TRUE,2,FALSE
40002550776_J0003,40002550776,9,77,secas; cheias; crise climatica,relevante,TRUE,TRUE,FALSE,TRUE,TRUE,FALSE,TRUE,FALSE,TRUE,FALSE,FALSE,FALSE,FALSE,FALSE,2,relevante,,,,,,,,,,,,,,,,FALSE,FALSE,TRUE,FALSE,FALSE,1,TRUE,TRUE,TRUE,2,FALSE
40002550776_J0004,40002550776,9,64,secas; cheias; queimada,relevante,TRUE,FALSE,FALSE,FALSE,TRUE,FALSE,TRUE,TRUE,FALSE,FALSE,FALSE,FALSE,FALSE,FALSE,3,relevante,,,,,,,,,,,,,,,,FALSE,FALSE,FALSE,FALSE,FALSE,0,TRUE,TRUE,TRUE,3,FALSE
40002550776_J0005,40002550776,9,48,defesa civil; emergencia climatica,relevante,TRUE,FALSE,FALSE,FALSE,FALSE,FALSE,FALSE,FALSE,FALSE,FALSE,FALSE,FALSE,FALSE,TRUE,2,relevante,TRUE,FALSE,FALSE,FALSE,FALSE,FALSE,FALSE,FALSE,FALSE,FALSE,FALSE,FALSE,FALSE,TRUE,2,FALSE,FALSE,FALSE,FALSE,TRUE,1,TRUE,TRUE,TRUE,2,FALSE
40002550776_J0006,40002550776,12,45,eventos extremos,relevante,TRUE,FALSE,FALSE,TRUE,FALSE,FALSE,FALSE,FALSE,FALSE,FALSE,FALSE,FALSE,FALSE,TRUE,2,relevante,,,,,,,,,,,,,,,,FALSE,FALSE,FALSE,FALSE,FALSE,0,TRUE,TRUE,TRUE,2,FALSE
40002550776_J0007,40002550776,17,35,secas; cheias,relevante,TRUE,FALSE,FALSE,FALSE,TRUE,FALSE,TRUE,FALSE,FALSE,FALSE,FALSE,FALSE,FALSE,FALSE,3,relevante,,,,,,,,,,,,,,,,FALSE,FALSE,FALSE,FALSE,FALSE,0,TRUE,TRUE,TRUE,3,FALSE
40002550776_J0008,40002550776,18,138,adaptacao climatica; secas; cheias; erosao; incendios; riscos climaticos,relevante,TRUE,FALSE,FALSE,TRUE,TRUE,TRUE,TRUE,TRUE,TRUE,FALSE,TRUE,FALSE,FALSE,FALSE,3,relevante,,,,,,,,,,,,,,,,FALSE,FALSE,TRUE,FALSE,TRUE,2,TRUE,TRUE,TRUE,3,FALSE
40002550776_J0009,40002550776,20,41,alerta; queimada,relevante,TRUE,FALSE,FALSE,FALSE,FALSE,FALSE,TRUE,TRUE,TRUE,FALSE,FALSE,FALSE,FALSE,FALSE,3,relevante,,,,,,,,,,,,,,,,FALSE,FALSE,FALSE,FALSE,FALSE,0,TRUE,TRUE,TRUE,3,FALSE
40002550776_J0010,40002550776,29,56,defesa civil; adaptacao climatica,relevante,TRUE,FALSE,FALSE,TRUE,FALSE,FALSE,FALSE,FALSE,FALSE,FALSE,FALSE,FALSE,FALSE,FALSE,2,relevante,,,,,,,,,,,,,,,,FALSE,FALSE,FALSE,FALSE,TRUE,1,TRUE,TRUE,TRUE,2,FALSE
40002550776_J0011,40002550776,30,55,defesa civil,nao_relevante,,,,,,,,,,,,,,,,nao_relevante,,,,,,,,,,,,,,,,FALSE,FALSE,TRUE,FALSE,TRUE,2,FALSE,FALSE,TRUE,,FALSE
40002550776_J0012,40002550776,33,40,secas; cheias,relevante,TRUE,FALSE,FALSE,FALSE,TRUE,FALSE,TRUE,FALSE,FALSE,FALSE,FALSE,FALSE,FALSE,FALSE,2,relevante,,,,,,,,,,,,,,,,FALSE,FALSE,FALSE,FALSE,FALSE,0,TRUE,TRUE,TRUE,2,FALSE
40002550776_J0013,40002550776,34,35,drenagem; alagament,relevante,TRUE,FALSE,FALSE,FALSE,TRUE,FALSE,FALSE,FALSE,FALSE,FALSE,FALSE,FALSE,FALSE,FALSE,2,relevante,TRUE,FALSE,FALSE,FALSE,TRUE,FALSE,FALSE,FALSE,FALSE,FALSE,FALSE,FALSE,FALSE,FALSE,2,FALSE,FALSE,FALSE,FALSE,FALSE,0,TRUE,TRUE,TRUE,2,FALSE
40002550776_J0014,40002550776,35,34,cheias,relevante,TRUE,FALSE,FALSE,TRUE,TRUE,FALSE,FALSE,FALSE,TRUE,FALSE,FALSE,FALSE,FALSE,FALSE,2,relevante,TRUE,FALSE,FALSE,TRUE,TRUE,FALSE,FALSE,FALSE,TRUE,FALSE,FALSE,FALSE,FALSE,FALSE,3,FALSE,FALSE,FALSE,FALSE,FALSE,0,TRUE,TRUE,TRUE,2,FALSE
40002550776_J0015,40002550776,37,49,drenagem; adaptacao climatica,relevante,TRUE,FALSE,FALSE,TRUE,FALSE,FALSE,FALSE,FALSE,FALSE,FALSE,FALSE,FALSE,FALSE,FALSE,2,relevante,,,,,,,,,,,,,,,,FALSE,FALSE,FALSE,FALSE,FALSE,0,TRUE,TRUE,TRUE,2,FALSE
40002550776_J0016,40002550776,39,31,defesa civil,relevante,TRUE,FALSE,FALSE,FALSE,FALSE,FALSE,FALSE,FALSE,FALSE,FALSE,FALSE,FALSE,FALSE,FALSE,2,relevante,,,,,,,,,,,,,,,,FALSE,FALSE,FALSE,FALSE,TRUE,1,TRUE,TRUE,TRUE,2,FALSE
40002550776_J0017,40002550776,40,42,seca; cheia; erosao,relevante,FALSE,TRUE,FALSE,FALSE,TRUE,FALSE,TRUE,TRUE,FALSE,FALSE,TRUE,FALSE,FALSE,FALSE,3,relevante,FALSE,TRUE,FALSE,FALSE,FALSE,FALSE,TRUE,FALSE,FALSE,FALSE,FALSE,FALSE,FALSE,FALSE,2,FALSE,FALSE,FALSE,FALSE,FALSE,0,TRUE,TRUE,TRUE,3,FALSE
40002550776_J0018,40002550776,47,47,riscos climaticos; seca; cheia; incendios,relevante,TRUE,FALSE,FALSE,FALSE,TRUE,FALSE,TRUE,TRUE,FALSE,FALSE,FALSE,FALSE,FALSE,FALSE,3,relevante,,,,,,,,,,,,,,,,FALSE,FALSE,FALSE,FALSE,FALSE,0,TRUE,TRUE,TRUE,3,FALSE
40002550776_J0019,40002550776,50,56,secas; queimada,relevante,FALSE,FALSE,FALSE,FALSE,FALSE,FALSE,TRUE,TRUE,FALSE,FALSE,FALSE,FALSE,FALSE,FALSE,1,relevante,,,,,,,,,,,,,,,,FALSE,FALSE,FALSE,FALSE,FALSE,0,TRUE,TRUE,TRUE,1,FALSE
40002551740_J0001,40002551740,8,109,queimada,relevante,TRUE,FALSE,FALSE,FALSE,FALSE,FALSE,FALSE,TRUE,FALSE,FALSE,FALSE,TRUE,TRUE,FALSE,3,relevante,,,,,,,,,,,,,,,,FALSE,FALSE,FALSE,FALSE,FALSE,0,TRUE,TRUE,TRUE,3,FALSE
40002551740_J0002,40002551740,10,87,defesa civil,relevante,FALSE,FALSE,FALSE,FALSE,FALSE,FALSE,FALSE,FALSE,FALSE,FALSE,FALSE,FALSE,FALSE,FALSE,2,relevante,,,,,,,,,,,,,,,,FALSE,FALSE,FALSE,FALSE,TRUE,1,TRUE,TRUE,TRUE,2,FALSE
40002551740_J0003,40002551740,13,94,resiliencia; erosao; cheias,relevante,TRUE,FALSE,FALSE,FALSE,TRUE,FALSE,FALSE,FALSE,FALSE,FALSE,FALSE,FALSE,FALSE,FALSE,1,relevante,,,,,,,,,,,,,,,,FALSE,FALSE,FALSE,FALSE,FALSE,0,TRUE,TRUE,TRUE,1,FALSE
40002551740_J0004,40002551740,20,69,eventos climaticos,relevante,TRUE,FALSE,FALSE,FALSE,FALSE,FALSE,FALSE,FALSE,FALSE,FALSE,FALSE,FALSE,FALSE,TRUE,2,relevante,,,,,,,,,,,,,,,,FALSE,FALSE,FALSE,FALSE,FALSE,0,TRUE,TRUE,TRUE,2,FALSE
40002551740_J0005,40002551740,23,82,areas de risco,relevante,TRUE,FALSE,FALSE,FALSE,FALSE,FALSE,FALSE,FALSE,FALSE,FALSE,FALSE,FALSE,FALSE,TRUE,2,relevante,,,,,,,,,,,,,,,,FALSE,FALSE,FALSE,FALSE,FALSE,0,TRUE,TRUE,TRUE,2,FALSE
40002551740_J0006,40002551740,23,107,drenagem; adaptacao climatica; areas de risco,relevante,TRUE,FALSE,FALSE,FALSE,FALSE,FALSE,FALSE,FALSE,FALSE,FALSE,FALSE,FALSE,FALSE,TRUE,3,relevante,,,,,,,,,,,,,,,,FALSE,FALSE,FALSE,FALSE,FALSE,0,TRUE,TRUE,TRUE,3,FALSE
40002551740_J0007,40002551740,25,369,defesa civil; resiliencia climatica; secas; cheias; incendios; erosao,relevante,TRUE,TRUE,FALSE,TRUE,TRUE,FALSE,TRUE,TRUE,TRUE,FALSE,FALSE,FALSE,FALSE,FALSE,3,relevante,TRUE,TRUE,TRUE,TRUE,TRUE,FALSE,TRUE,TRUE,TRUE,FALSE,FALSE,FALSE,FALSE,FALSE,1,FALSE,FALSE,FALSE,TRUE,TRUE,2,TRUE,TRUE,TRUE,3,FALSE
40002551740_J0008,40002551740,26,145,incendios; queimada; secas; defesa civil; alerta; contingencia,relevante,TRUE,TRUE,TRUE,FALSE,FALSE,FALSE,TRUE,TRUE,FALSE,FALSE,FALSE,FALSE,FALSE,FALSE,3,relevante,,,,,,,,,,,,,,,,FALSE,FALSE,FALSE,TRUE,TRUE,2,TRUE,TRUE,TRUE,3,FALSE
40002551740_J0009,40002551740,27,89,resiliencia climatica,clima_geral,,,,,,,,,,,,,,,,clima_geral,,,,,,,,,,,,,,,,FALSE,FALSE,FALSE,FALSE,FALSE,0,FALSE,FALSE,TRUE,,FALSE
50002532269_J0001,50002532269,21,40,catastrofe,nao_relevante,,,,,,,,,,,,,,,,relevante,,,,,,,,,,,,,,,,FALSE,FALSE,FALSE,FALSE,FALSE,0,FALSE,TRUE,FALSE,,FALSE
50002532269_J0002,50002532269,22,26,mudancas climaticas,relevante,TRUE,FALSE,FALSE,FALSE,FALSE,FALSE,FALSE,TRUE,FALSE,FALSE,FALSE,FALSE,FALSE,FALSE,2,relevante,,,,,,,,,,,,,,,,FALSE,FALSE,FALSE,FALSE,FALSE,0,TRUE,TRUE,TRUE,2,FALSE
50002533190_J0001,50002533190,4,46,resiliencia; adaptacao climatica,relevante,FALSE,FALSE,FALSE,TRUE,FALSE,FALSE,FALSE,FALSE,FALSE,FALSE,FALSE,FALSE,FALSE,FALSE,2,relevante,,,,,,,,,,,,,,,,FALSE,FALSE,FALSE,FALSE,FALSE,0,TRUE,TRUE,TRUE,2,FALSE
50002533190_J0002,50002533190,8,55,emergencia climatica,clima_geral,,,,,,,,,,,,,,,,clima_geral,,,,,,,,,,,,,,,,FALSE,FALSE,FALSE,FALSE,FALSE,0,FALSE,FALSE,TRUE,,FALSE
50002533190_J0003,50002533190,20,107,areas de risco,nao_relevante,,,,,,,,,,,,,,,,nao_relevante,,,,,,,,,,,,,,,,FALSE,FALSE,FALSE,FALSE,FALSE,0,FALSE,FALSE,TRUE,,FALSE
50002533190_J0004,50002533190,24,68,alerta; rompimento,nao_relevante,,,,,,,,,,,,,,,,nao_relevante,,,,,,,,,,,,,,,,FALSE,FALSE,FALSE,TRUE,FALSE,1,FALSE,FALSE,TRUE,,FALSE
50002533190_J0005,50002533190,97,175,desertificac; seca; barragens; secas; barragem,relevante,FALSE,FALSE,FALSE,FALSE,FALSE,FALSE,TRUE,FALSE,FALSE,FALSE,FALSE,FALSE,FALSE,FALSE,3,relevante,FALSE,FALSE,FALSE,FALSE,FALSE,FALSE,TRUE,FALSE,FALSE,FALSE,FALSE,FALSE,FALSE,FALSE,1,FALSE,TRUE,FALSE,FALSE,FALSE,1,TRUE,TRUE,TRUE,3,FALSE
50002533190_J0006,50002533190,100,44,seca,relevante,FALSE,FALSE,FALSE,FALSE,FALSE,FALSE,TRUE,FALSE,FALSE,FALSE,FALSE,FALSE,FALSE,FALSE,1,relevante,FALSE,FALSE,FALSE,FALSE,FALSE,FALSE,TRUE,FALSE,FALSE,FALSE,FALSE,FALSE,FALSE,FALSE,1,FALSE,FALSE,FALSE,FALSE,FALSE,0,TRUE,TRUE,TRUE,1,FALSE
50002533190_J0007,50002533190,100,60,barragens; seca,relevante,TRUE,FALSE,FALSE,FALSE,FALSE,FALSE,TRUE,FALSE,FALSE,FALSE,FALSE,FALSE,FALSE,FALSE,1,relevante,,,,,,,,,,,,,,,,FALSE,FALSE,FALSE,FALSE,FALSE,0,TRUE,TRUE,TRUE,1,FALSE
50002533190_J0008,50002533190,100,89,barragens; seca,relevante,TRUE,FALSE,FALSE,FALSE,FALSE,FALSE,TRUE,FALSE,FALSE,FALSE,FALSE,FALSE,FALSE,FALSE,2,relevante,,,,,,,,,,,,,,,,FALSE,TRUE,FALSE,FALSE,FALSE,1,TRUE,TRUE,TRUE,2,FALSE
50002533190_J0009,50002533190,127,85,estado de emergencia,relevante,FALSE,TRUE,FALSE,FALSE,FALSE,FALSE,FALSE,FALSE,FALSE,FALSE,FALSE,FALSE,FALSE,TRUE,1,relevante,FALSE,FALSE,FALSE,FALSE,FALSE,TRUE,FALSE,FALSE,FALSE,FALSE,FALSE,FALSE,FALSE,FALSE,1,FALSE,FALSE,TRUE,FALSE,FALSE,1,TRUE,TRUE,TRUE,1,FALSE
50002533190_J0010,50002533190,144,302,desastre; gestao de risco; eventos climaticos; alagament; deslizament; encosta,relevante,TRUE,FALSE,FALSE,FALSE,TRUE,TRUE,FALSE,FALSE,FALSE,FALSE,FALSE,FALSE,FALSE,FALSE,3,relevante,,,,,,,,,,,,,,,,FALSE,FALSE,FALSE,TRUE,TRUE,2,TRUE,TRUE,TRUE,3,FALSE
50002533190_J0011,50002533190,145,71,vulnerabilidade; risco social,nao_relevante,,,,,,,,,,,,,,,,nao_relevante,,,,,,,,,,,,,,,,FALSE,FALSE,FALSE,FALSE,FALSE,0,FALSE,FALSE,TRUE,,FALSE
50002533190_J0012,50002533190,149,37,crise climatica,clima_geral,,,,,,,,,,,,,,,,clima_geral,,,,,,,,,,,,,,,,FALSE,FALSE,FALSE,FALSE,FALSE,0,FALSE,FALSE,TRUE,,FALSE
50002533190_J0013,50002533190,150,32,desastre,relevante,FALSE,TRUE,FALSE,FALSE,FALSE,FALSE,FALSE,FALSE,FALSE,FALSE,FALSE,FALSE,FALSE,TRUE,2,relevante,,,,,,,,,,,,,,,,FALSE,FALSE,FALSE,FALSE,FALSE,0,TRUE,TRUE,TRUE,2,FALSE
50002533190_J0014,50002533190,150,76,alerta; desastre; calamidade,relevante,FALSE,TRUE,FALSE,FALSE,FALSE,FALSE,FALSE,FALSE,FALSE,FALSE,FALSE,FALSE,FALSE,TRUE,3,relevante,,,,,,,,,,,,,,,,FALSE,FALSE,FALSE,FALSE,FALSE,0,TRUE,TRUE,TRUE,3,FALSE
50002533190_J0015,50002533190,151,86,desastre; seca; estiagem; enchente,relevante,FALSE,TRUE,FALSE,FALSE,TRUE,FALSE,TRUE,FALSE,FALSE,FALSE,FALSE,FALSE,FALSE,FALSE,1,relevante,,,,,,,,,,,,,,,,FALSE,FALSE,FALSE,FALSE,FALSE,0,TRUE,TRUE,TRUE,1,FALSE
50002533190_J0016,50002533190,151,102,alerta; desastre; calamidade,relevante,FALSE,TRUE,FALSE,FALSE,FALSE,FALSE,FALSE,FALSE,FALSE,FALSE,FALSE,FALSE,FALSE,TRUE,3,relevante,,,,,,,,,,,,,,,,FALSE,FALSE,FALSE,FALSE,FALSE,0,TRUE,TRUE,TRUE,3,FALSE
50002533190_J0017,50002533190,159,72,risco social; rompimento,nao_relevante,,,,,,,,,,,,,,,,nao_relevante,,,,,,,,,,,,,,,,FALSE,FALSE,FALSE,FALSE,FALSE,0,FALSE,FALSE,TRUE,,FALSE
50002533190_J0018,50002533190,163,120,area de risco,relevante,FALSE,FALSE,FALSE,FALSE,FALSE,FALSE,FALSE,FALSE,FALSE,FALSE,FALSE,FALSE,FALSE,FALSE,0,nao_relevante,FALSE,FALSE,FALSE,FALSE,FALSE,FALSE,FALSE,FALSE,FALSE,FALSE,FALSE,FALSE,FALSE,FALSE,0,FALSE,FALSE,FALSE,FALSE,FALSE,0,TRUE,FALSE,FALSE,0,FALSE
50002533190_J0019,50002533190,178,23,emergencia climatica,clima_geral,,,,,,,,,,,,,,,,clima_geral,,,,,,,,,,,,,,,,FALSE,FALSE,FALSE,FALSE,FALSE,0,FALSE,FALSE,TRUE,,FALSE
50002533190_J0020,50002533190,180,70,emergencia climatica,clima_geral,,,,,,,,,,,,,,,,clima_geral,,,,,,,,,,,,,,,,FALSE,TRUE,TRUE,FALSE,FALSE,2,FALSE,FALSE,TRUE,,FALSE
50002533190_J0021,50002533190,181,106,incendios; seca; queimada,relevante,FALSE,FALSE,FALSE,FALSE,FALSE,FALSE,TRUE,TRUE,FALSE,FALSE,FALSE,FALSE,FALSE,FALSE,1,relevante,,,,,,,,,,,,,,,,FALSE,FALSE,TRUE,FALSE,FALSE,1,TRUE,TRUE,TRUE,1,FALSE
50002533190_J0022,50002533190,181,88,incendios; seca,relevante,TRUE,FALSE,FALSE,FALSE,FALSE,FALSE,TRUE,TRUE,FALSE,FALSE,FALSE,FALSE,FALSE,FALSE,1,relevante,FALSE,FALSE,FALSE,FALSE,FALSE,FALSE,TRUE,TRUE,FALSE,FALSE,FALSE,FALSE,FALSE,FALSE,1,FALSE,FALSE,FALSE,FALSE,FALSE,0,TRUE,TRUE,TRUE,1,FALSE
50002533190_J0023,50002533190,182,152,estiagem; desastre; incendios florestais,relevante,FALSE,TRUE,FALSE,FALSE,TRUE,FALSE,TRUE,TRUE,FALSE,FALSE,FALSE,FALSE,FALSE,FALSE,1,relevante,,,,,,,,,,,,,,,,TRUE,TRUE,TRUE,FALSE,FALSE,3,TRUE,TRUE,TRUE,1,FALSE
50002533190_J0024,50002533190,184,189,mudancas climaticas; plano de contingencia; sistema de alerta; defesa civil; gestao de risco; desastre,relevante,TRUE,FALSE,FALSE,TRUE,FALSE,FALSE,FALSE,FALSE,FALSE,FALSE,FALSE,FALSE,FALSE,TRUE,3,relevante,,,,,,,,,,,,,,,,TRUE,FALSE,TRUE,TRUE,TRUE,4,TRUE,TRUE,TRUE,3,FALSE
50002533190_J0025,50002533190,185,96,queimada,relevante,TRUE,FALSE,FALSE,FALSE,FALSE,FALSE,FALSE,TRUE,FALSE,FALSE,FALSE,FALSE,FALSE,FALSE,3,relevante,,,,,,,,,,,,,,,,FALSE,FALSE,FALSE,FALSE,FALSE,0,TRUE,TRUE,TRUE,3,FALSE
50002533190_J0026,50002533190,195,109,alerta precoce,nao_relevante,,,,,,,,,,,,,,,,nao_relevante,,,,,,,,,,,,,,,,FALSE,FALSE,FALSE,FALSE,TRUE,1,FALSE,FALSE,TRUE,,FALSE
50002533190_J0027,50002533190,210,14,mudancas climaticas,clima_geral,,,,,,,,,,,,,,,,clima_geral,,,,,,,,,,,,,,,,FALSE,FALSE,TRUE,FALSE,FALSE,1,FALSE,FALSE,TRUE,,FALSE
50002533190_J0028,50002533190,211,23,desastre; situacao de emergencia,relevante,FALSE,FALSE,FALSE,FALSE,FALSE,FALSE,FALSE,FALSE,FALSE,FALSE,FALSE,FALSE,FALSE,TRUE,0,relevante,,,,,,,,,,,,,,,,FALSE,FALSE,TRUE,FALSE,FALSE,1,TRUE,TRUE,TRUE,0,FALSE
50002536314_J0001,50002536314,19,107,emergencia climatica,clima_geral,,,,,,,,,,,,,,,,clima_geral,,,,,,,,,,,,,,,,FALSE,FALSE,FALSE,FALSE,FALSE,0,FALSE,FALSE,TRUE,,FALSE
50002536314_J0002,50002536314,21,276,queimada; gestao de risco; desastre; alerta; secas; resiliencia climatica,relevante,TRUE,FALSE,FALSE,FALSE,FALSE,FALSE,TRUE,TRUE,FALSE,FALSE,FALSE,FALSE,FALSE,FALSE,3,relevante,,,,,,,,,,,,,,,,FALSE,FALSE,FALSE,TRUE,FALSE,1,TRUE,TRUE,TRUE,3,FALSE
50002536314_J0003,50002536314,23,144,gestao de risco,nao_relevante,,,,,,,,,,,,,,,,nao_relevante,,,,,,,,,,,,,,,,FALSE,FALSE,FALSE,TRUE,TRUE,2,FALSE,FALSE,TRUE,,FALSE
50002536314_J0004,50002536314,30,91,mudancas climaticas,clima_geral,,,,,,,,,,,,,,,,clima_geral,,,,,,,,,,,,,,,,FALSE,FALSE,FALSE,FALSE,FALSE,0,FALSE,FALSE,TRUE,,FALSE
50002536314_J0005,50002536314,37,108,desastre; drenagem; inundac; encosta; areas de risco,relevante,TRUE,FALSE,FALSE,FALSE,TRUE,TRUE,FALSE,FALSE,FALSE,FALSE,FALSE,FALSE,FALSE,FALSE,3,relevante,,,,,,,,,,,,,,,,FALSE,FALSE,FALSE,FALSE,FALSE,0,TRUE,TRUE,TRUE,3,FALSE
50002536314_J0006,50002536314,44,155,desertificac; vulnerabilidade; estiagem,relevante,TRUE,FALSE,FALSE,FALSE,FALSE,FALSE,TRUE,FALSE,FALSE,FALSE,FALSE,FALSE,FALSE,FALSE,2,relevante,,,,,,,,,,,,,,,,FALSE,FALSE,FALSE,FALSE,FALSE,0,TRUE,TRUE,TRUE,2,FALSE
50002536314_J0007,50002536314,46,145,adaptacao climatica; resiliencia,relevante,TRUE,FALSE,TRUE,FALSE,FALSE,FALSE,FALSE,FALSE,FALSE,FALSE,FALSE,FALSE,FALSE,FALSE,3,relevante,,,,,,,,,,,,,,,,FALSE,FALSE,FALSE,FALSE,FALSE,0,TRUE,TRUE,TRUE,3,FALSE
50002536314_J0008,50002536314,56,38,encosta; drenagem; mudancas climaticas; barragens,relevante,TRUE,FALSE,FALSE,FALSE,FALSE,TRUE,FALSE,FALSE,FALSE,FALSE,FALSE,FALSE,FALSE,FALSE,3,relevante,,,,,,,,,,,,,,,,FALSE,FALSE,FALSE,FALSE,FALSE,0,TRUE,TRUE,TRUE,3,FALSE
50002536314_J0009,50002536314,69,129,defesa civil,nao_relevante,,,,,,,,,,,,,,,,relevante,,,,,,,,,,,,,,,,FALSE,FALSE,FALSE,TRUE,TRUE,2,FALSE,TRUE,FALSE,,FALSE
50002544692_J0001,50002544692,1,50,abrigo temporario,nao_relevante,,,,,,,,,,,,,,,,nao_relevante,,,,,,,,,,,,,,,,FALSE,FALSE,FALSE,FALSE,FALSE,0,FALSE,FALSE,TRUE,,FALSE
50002552489_J0001,50002552489,5,47,plano de emergencia,nao_relevante,,,,,,,,,,,,,,,,nao_relevante,,,,,,,,,,,,,,,,FALSE,FALSE,FALSE,FALSE,FALSE,0,FALSE,FALSE,TRUE,,FALSE
60002531351_J0001,60002531351,20,104,secas; mudancas climaticas; vulnerabilidade,relevante,FALSE,FALSE,FALSE,TRUE,FALSE,FALSE,TRUE,FALSE,FALSE,FALSE,FALSE,FALSE,FALSE,FALSE,2,relevante,,,,,,,,,,,,,,,,FALSE,FALSE,FALSE,FALSE,FALSE,0,TRUE,TRUE,TRUE,2,FALSE
60002531351_J0002,60002531351,21,71,mudancas climaticas; eventos extremos; desertificac,relevante,FALSE,FALSE,FALSE,FALSE,FALSE,FALSE,FALSE,FALSE,FALSE,FALSE,FALSE,FALSE,FALSE,TRUE,1,relevante,FALSE,FALSE,FALSE,FALSE,FALSE,FALSE,TRUE,FALSE,FALSE,FALSE,FALSE,FALSE,FALSE,FALSE,1,FALSE,FALSE,FALSE,FALSE,FALSE,0,TRUE,TRUE,TRUE,1,FALSE
60002531351_J0003,60002531351,21,96,mudancas climaticas,relevante,TRUE,FALSE,FALSE,TRUE,FALSE,FALSE,FALSE,FALSE,FALSE,FALSE,FALSE,FALSE,FALSE,FALSE,2,relevante,,,,,,,,,,,,,,,,FALSE,FALSE,FALSE,FALSE,FALSE,0,TRUE,TRUE,TRUE,2,FALSE
60002531351_J0004,60002531351,23,98,mudancas climaticas; desertificac,clima_geral,,,,,,,,,,,,,,,,relevante,,,,,,,,,,,,,,,,FALSE,FALSE,FALSE,FALSE,FALSE,0,FALSE,TRUE,FALSE,,FALSE
60002531351_J0005,60002531351,26,111,areas de risco; drenagem; vulnerabilidade; mudancas climaticas; eventos extremos; enchente,relevante,TRUE,FALSE,FALSE,TRUE,TRUE,FALSE,FALSE,FALSE,FALSE,FALSE,FALSE,FALSE,FALSE,FALSE,2,relevante,TRUE,FALSE,FALSE,TRUE,TRUE,FALSE,FALSE,FALSE,FALSE,FALSE,FALSE,FALSE,FALSE,TRUE,1,FALSE,FALSE,FALSE,FALSE,FALSE,0,TRUE,TRUE,TRUE,2,FALSE
60002531351_J0006,60002531351,26,95,mudancas climaticas,clima_geral,,,,,,,,,,,,,,,,clima_geral,,,,,,,,,,,,,,,,FALSE,FALSE,FALSE,FALSE,FALSE,0,FALSE,FALSE,TRUE,,FALSE
60002531351_J0007,60002531351,30,52,catastrofe,nao_relevante,,,,,,,,,,,,,,,,nao_relevante,,,,,,,,,,,,,,,,FALSE,FALSE,FALSE,FALSE,FALSE,0,FALSE,FALSE,TRUE,,FALSE
60002531351_J0008,60002531351,39,135,gestao de risco,nao_relevante,,,,,,,,,,,,,,,,nao_relevante,,,,,,,,,,,,,,,,FALSE,FALSE,FALSE,FALSE,FALSE,0,FALSE,FALSE,TRUE,,FALSE
60002533729_J0001,60002533729,3,124,seca,nao_relevante,,,,,,,,,,,,,,,,relevante,,,,,,,,,,,,,,,,FALSE,FALSE,FALSE,FALSE,FALSE,0,FALSE,TRUE,FALSE,,FALSE
60002533729_J0002,60002533729,10,121,alagament; escassez hidrica,relevante,FALSE,FALSE,FALSE,FALSE,TRUE,FALSE,TRUE,FALSE,FALSE,FALSE,FALSE,FALSE,FALSE,FALSE,1,relevante,,,,,,,,,,,,,,,,FALSE,FALSE,FALSE,FALSE,FALSE,0,TRUE,TRUE,TRUE,1,FALSE
60002533729_J0003,60002533729,56,27,seca,relevante,TRUE,FALSE,FALSE,FALSE,FALSE,FALSE,TRUE,FALSE,FALSE,FALSE,FALSE,FALSE,FALSE,FALSE,3,relevante,,,,,,,,,,,,,,,,FALSE,FALSE,FALSE,FALSE,FALSE,0,TRUE,TRUE,TRUE,3,FALSE
60002533729_J0004,60002533729,72,101,seca; queimada; desertificac; mudancas climaticas,relevante,FALSE,FALSE,FALSE,FALSE,FALSE,FALSE,TRUE,TRUE,FALSE,FALSE,FALSE,FALSE,FALSE,FALSE,1,relevante,,,,,,,,,,,,,,,,FALSE,FALSE,FALSE,FALSE,FALSE,0,TRUE,TRUE,TRUE,1,FALSE
60002533729_J0005,60002533729,73,115,secas; escassez hidrica,relevante,FALSE,FALSE,FALSE,FALSE,FALSE,FALSE,TRUE,FALSE,FALSE,FALSE,FALSE,FALSE,TRUE,FALSE,1,relevante,,,,,,,,,,,,,,,,FALSE,FALSE,FALSE,FALSE,FALSE,0,TRUE,TRUE,TRUE,1,FALSE
60002533729_J0006,60002533729,74,46,queimada,nao_relevante,,,,,,,,,,,,,,,,relevante,,,,,,,,,,,,,,,,FALSE,FALSE,FALSE,FALSE,FALSE,0,FALSE,TRUE,FALSE,,FALSE
60002540417_J0001,60002540417,10,203,escassez hidrica; seca; desertificac,relevante,FALSE,FALSE,FALSE,FALSE,FALSE,FALSE,TRUE,FALSE,FALSE,FALSE,FALSE,FALSE,FALSE,FALSE,1,relevante,,,,,,,,,,,,,,,,FALSE,FALSE,FALSE,FALSE,FALSE,0,TRUE,TRUE,TRUE,1,FALSE
60002540417_J0002,60002540417,10,41,erosao costeira,relevante,TRUE,FALSE,FALSE,FALSE,FALSE,FALSE,FALSE,FALSE,FALSE,FALSE,TRUE,FALSE,FALSE,FALSE,2,relevante,,,,,,,,,,,,,,,,FALSE,FALSE,FALSE,FALSE,FALSE,0,TRUE,TRUE,TRUE,2,FALSE
60002540417_J0003,60002540417,11,60,vulnerabilidade; secas,relevante,FALSE,FALSE,FALSE,FALSE,FALSE,FALSE,TRUE,FALSE,FALSE,FALSE,FALSE,FALSE,FALSE,FALSE,1,relevante,,,,,,,,,,,,,,,,FALSE,FALSE,FALSE,FALSE,FALSE,0,TRUE,TRUE,TRUE,1,FALSE
60002540417_J0004,60002540417,12,48,escassez hidrica,relevante,FALSE,FALSE,FALSE,FALSE,FALSE,FALSE,TRUE,FALSE,FALSE,FALSE,FALSE,FALSE,FALSE,FALSE,1,relevante,,,,,,,,,,,,,,,,FALSE,FALSE,FALSE,FALSE,FALSE,0,TRUE,TRUE,TRUE,1,FALSE
60002540417_J0005,60002540417,15,26,alerta precoce,nao_relevante,,,,,,,,,,,,,,,,nao_relevante,,,,,,,,,,,,,,,,FALSE,FALSE,FALSE,FALSE,FALSE,0,FALSE,FALSE,TRUE,,FALSE
60002540417_J0006,60002540417,27,124,defesa civil,relevante,TRUE,FALSE,FALSE,FALSE,FALSE,FALSE,FALSE,FALSE,FALSE,FALSE,FALSE,FALSE,FALSE,FALSE,2,relevante,TRUE,FALSE,FALSE,FALSE,FALSE,FALSE,FALSE,FALSE,FALSE,FALSE,FALSE,FALSE,FALSE,TRUE,2,FALSE,TRUE,FALSE,FALSE,TRUE,2,TRUE,TRUE,TRUE,2,FALSE
60002540417_J0008,60002540417,34,33,desastre,relevante,TRUE,FALSE,FALSE,FALSE,FALSE,FALSE,FALSE,FALSE,FALSE,FALSE,FALSE,FALSE,FALSE,TRUE,2,relevante,TRUE,FALSE,FALSE,FALSE,FALSE,FALSE,FALSE,FALSE,FALSE,FALSE,FALSE,FALSE,FALSE,TRUE,4,FALSE,TRUE,FALSE,FALSE,FALSE,1,TRUE,TRUE,TRUE,2,FALSE
60002540417_J0009,60002540417,39,77,escassez hidrica,relevante,FALSE,FALSE,FALSE,FALSE,FALSE,FALSE,TRUE,FALSE,FALSE,FALSE,FALSE,FALSE,FALSE,FALSE,1,relevante,,,,,,,,,,,,,,,,FALSE,TRUE,TRUE,FALSE,FALSE,2,TRUE,TRUE,TRUE,1,FALSE
60002543969_J0001,60002543969,3,20,resiliencia; mudancas climaticas,relevante,FALSE,FALSE,FALSE,FALSE,FALSE,FALSE,FALSE,FALSE,FALSE,FALSE,FALSE,FALSE,FALSE,TRUE,2,relevante,FALSE,FALSE,FALSE,FALSE,FALSE,FALSE,FALSE,FALSE,FALSE,FALSE,FALSE,FALSE,FALSE,FALSE,0,FALSE,FALSE,FALSE,FALSE,FALSE,0,TRUE,TRUE,TRUE,2,FALSE
60002543969_J0002,60002543969,6,82,crise climatica,relevante,FALSE,FALSE,FALSE,FALSE,FALSE,FALSE,FALSE,FALSE,FALSE,FALSE,FALSE,FALSE,FALSE,TRUE,2,relevante,,,,,,,,,,,,,,,,FALSE,FALSE,FALSE,FALSE,FALSE,0,TRUE,TRUE,TRUE,2,FALSE
60002543969_J0003,60002543969,6,76,mudancas climaticas; vulnerabilidade,clima_geral,,,,,,,,,,,,,,,,clima_geral,,,,,,,,,,,,,,,,FALSE,FALSE,FALSE,FALSE,FALSE,0,FALSE,FALSE,TRUE,,FALSE
60002543969_J0004,60002543969,12,102,mudancas climaticas,clima_geral,,,,,,,,,,,,,,,,clima_geral,,,,,,,,,,,,,,,,FALSE,FALSE,FALSE,FALSE,FALSE,0,FALSE,FALSE,TRUE,,FALSE
60002543969_J0005,60002543969,15,23,mudancas climaticas,clima_geral,,,,,,,,,,,,,,,,relevante,,,,,,,,,,,,,,,,FALSE,FALSE,FALSE,FALSE,FALSE,0,FALSE,TRUE,FALSE,,FALSE
60002543969_J0006,60002543969,16,135,mudancas climaticas; eventos extremos; resiliencia,relevante,TRUE,FALSE,FALSE,TRUE,FALSE,FALSE,FALSE,FALSE,FALSE,FALSE,FALSE,FALSE,FALSE,TRUE,2,relevante,,,,,,,,,,,,,,,,FALSE,FALSE,FALSE,FALSE,FALSE,0,TRUE,TRUE,TRUE,2,FALSE
60002543969_J0007,60002543969,19,86,mudancas climaticas,relevante,TRUE,FALSE,FALSE,FALSE,FALSE,FALSE,FALSE,FALSE,FALSE,FALSE,FALSE,FALSE,FALSE,TRUE,2,relevante,,,,,,,,,,,,,,,,FALSE,FALSE,FALSE,FALSE,FALSE,0,TRUE,TRUE,TRUE,2,FALSE
60002543969_J0008,60002543969,25,169,defesa civil; desastre; mudancas climaticas,relevante,TRUE,TRUE,FALSE,FALSE,FALSE,FALSE,FALSE,FALSE,FALSE,FALSE,FALSE,FALSE,FALSE,TRUE,3,relevante,,,,,,,,,,,,,,,,FALSE,FALSE,FALSE,FALSE,TRUE,1,TRUE,TRUE,TRUE,3,FALSE
60002543969_J0009,60002543969,26,133,defesa civil; desastre; mudancas climaticas,relevante,TRUE,TRUE,FALSE,FALSE,FALSE,FALSE,FALSE,FALSE,FALSE,FALSE,FALSE,FALSE,FALSE,TRUE,3,relevante,TRUE,FALSE,FALSE,TRUE,FALSE,FALSE,FALSE,FALSE,FALSE,FALSE,FALSE,FALSE,FALSE,TRUE,3,FALSE,FALSE,FALSE,FALSE,TRUE,1,TRUE,TRUE,TRUE,3,FALSE
60002543969_J0010,60002543969,27,88,mudancas climaticas,relevante,FALSE,FALSE,FALSE,TRUE,FALSE,FALSE,FALSE,FALSE,FALSE,FALSE,FALSE,FALSE,FALSE,TRUE,3,clima_geral,,,,,,,,,,,,,,,,FALSE,FALSE,FALSE,FALSE,FALSE,0,TRUE,FALSE,FALSE,3,FALSE
60002543969_J0011,60002543969,33,117,resiliencia; mudancas climaticas; vulnerabilidade,clima_geral,,,,,,,,,,,,,,,,clima_geral,,,,,,,,,,,,,,,,FALSE,FALSE,FALSE,FALSE,FALSE,0,FALSE,FALSE,TRUE,,FALSE
60002543969_J0012,60002543969,33,153,eventos extremos,relevante,TRUE,TRUE,FALSE,TRUE,FALSE,FALSE,FALSE,FALSE,FALSE,FALSE,FALSE,FALSE,FALSE,TRUE,2,relevante,,,,,,,,,,,,,,,,FALSE,FALSE,FALSE,TRUE,FALSE,1,TRUE,TRUE,TRUE,2,FALSE
60002543969_J0013,60002543969,34,354,mudancas climaticas; resiliencia climatica; desertificac; incendios florestais,clima_geral,,,,,,,,,,,,,,,,relevante,,,,,,,,,,,,,,,,FALSE,FALSE,FALSE,TRUE,FALSE,1,FALSE,TRUE,FALSE,,FALSE
60002543969_J0014,60002543969,35,398,mudancas climaticas; vulnerabilidade; riscos climaticos; eventos extremos; alerta; gestao de risco,relevante,TRUE,TRUE,TRUE,TRUE,FALSE,FALSE,FALSE,TRUE,FALSE,FALSE,FALSE,FALSE,FALSE,FALSE,3,relevante,,,,,,,,,,,,,,,,FALSE,FALSE,FALSE,TRUE,TRUE,2,TRUE,TRUE,TRUE,3,FALSE
60002543969_J0015,60002543969,36,182,erosao costeira; mudancas climaticas; resiliencia; elevacao do nivel do mar; inundac; eventos extremos,relevante,TRUE,FALSE,FALSE,FALSE,TRUE,FALSE,FALSE,FALSE,FALSE,FALSE,TRUE,FALSE,FALSE,FALSE,3,relevante,TRUE,FALSE,FALSE,TRUE,TRUE,FALSE,FALSE,FALSE,FALSE,FALSE,TRUE,FALSE,FALSE,FALSE,2,FALSE,FALSE,FALSE,TRUE,FALSE,1,TRUE,TRUE,TRUE,3,FALSE
60002543969_J0016,60002543969,37,255,mudancas climaticas,relevante,TRUE,FALSE,FALSE,TRUE,FALSE,FALSE,FALSE,FALSE,FALSE,FALSE,FALSE,FALSE,FALSE,FALSE,0,relevante,,,,,,,,,,,,,,,,FALSE,FALSE,FALSE,TRUE,FALSE,1,TRUE,TRUE,TRUE,0,FALSE
60002543969_J0017,60002543969,39,101,gestao de risco; inundac; alagament; deslizament; riscos ambientais; vulnerabilidade,relevante,TRUE,FALSE,FALSE,FALSE,TRUE,TRUE,FALSE,FALSE,FALSE,FALSE,FALSE,FALSE,FALSE,FALSE,3,relevante,,,,,,,,,,,,,,,,FALSE,FALSE,FALSE,FALSE,FALSE,0,TRUE,TRUE,TRUE,3,FALSE
60002543969_J0018,60002543969,40,61,encosta; inundac; alagament; mudancas climaticas,relevante,TRUE,FALSE,FALSE,TRUE,TRUE,TRUE,FALSE,FALSE,FALSE,FALSE,FALSE,FALSE,FALSE,FALSE,2,relevante,,,,,,,,,,,,,,,,FALSE,FALSE,FALSE,FALSE,FALSE,0,TRUE,TRUE,TRUE,2,FALSE
60002543969_J0019,60002543969,42,145,alerta; mudancas climaticas; gestao de risco,relevante,TRUE,FALSE,FALSE,FALSE,FALSE,FALSE,FALSE,FALSE,FALSE,FALSE,FALSE,FALSE,FALSE,TRUE,3,relevante,,,,,,,,,,,,,,,,FALSE,FALSE,FALSE,TRUE,TRUE,2,TRUE,TRUE,TRUE,3,FALSE
60002543969_J0020,60002543969,51,60,mudancas climaticas,clima_geral,,,,,,,,,,,,,,,,clima_geral,,,,,,,,,,,,,,,,FALSE,FALSE,FALSE,FALSE,FALSE,0,FALSE,FALSE,TRUE,,FALSE
60002549967_J0001,60002549967,2,57,seca,relevante,FALSE,FALSE,FALSE,FALSE,FALSE,FALSE,TRUE,FALSE,FALSE,FALSE,FALSE,FALSE,FALSE,FALSE,1,relevante,,,,,,,,,,,,,,,,FALSE,FALSE,FALSE,FALSE,FALSE,0,TRUE,TRUE,TRUE,1,FALSE
60002549967_J0002,60002549967,18,80,desertificac; eventos climaticos; secas; enchente; ondas de calor; erosao costeira,relevante,FALSE,FALSE,FALSE,FALSE,TRUE,FALSE,TRUE,FALSE,TRUE,FALSE,TRUE,FALSE,FALSE,FALSE,1,relevante,FALSE,FALSE,FALSE,FALSE,TRUE,FALSE,TRUE,FALSE,TRUE,FALSE,TRUE,FALSE,FALSE,FALSE,1,FALSE,FALSE,FALSE,FALSE,FALSE,0,TRUE,TRUE,TRUE,1,FALSE
60002549967_J0003,60002549967,19,67,desertificac; queimada; erosao costeira; escassez hidrica,relevante,FALSE,FALSE,FALSE,FALSE,FALSE,FALSE,TRUE,TRUE,FALSE,FALSE,TRUE,FALSE,FALSE,FALSE,1,relevante,,,,,,,,,,,,,,,,FALSE,FALSE,FALSE,FALSE,FALSE,0,TRUE,TRUE,TRUE,1,FALSE
60002549967_J0004,60002549967,30,87,areas de risco,relevante,FALSE,FALSE,FALSE,FALSE,FALSE,FALSE,FALSE,FALSE,FALSE,FALSE,FALSE,FALSE,FALSE,FALSE,0,relevante,,,,,,,,,,,,,,,,FALSE,FALSE,FALSE,FALSE,FALSE,0,TRUE,TRUE,TRUE,0,FALSE
60002549967_J0005,60002549967,30,109,enchente; alagament; catastrofe,relevante,TRUE,FALSE,FALSE,FALSE,TRUE,FALSE,FALSE,FALSE,FALSE,FALSE,FALSE,FALSE,FALSE,FALSE,1,relevante,,,,,,,,,,,,,,,,FALSE,FALSE,FALSE,FALSE,FALSE,0,TRUE,TRUE,TRUE,1,FALSE
60002549967_J0006,60002549967,31,57,area de risco,relevante,TRUE,FALSE,FALSE,FALSE,FALSE,FALSE,FALSE,FALSE,FALSE,FALSE,FALSE,FALSE,FALSE,FALSE,2,nao_relevante,TRUE,FALSE,FALSE,FALSE,FALSE,FALSE,FALSE,FALSE,FALSE,FALSE,FALSE,FALSE,FALSE,FALSE,0,FALSE,FALSE,FALSE,FALSE,FALSE,0,TRUE,FALSE,FALSE,2,FALSE
60002549967_J0007,60002549967,43,39,areas de risco,nao_relevante,,,,,,,,,,,,,,,,nao_relevante,,,,,,,,,,,,,,,,FALSE,FALSE,FALSE,FALSE,FALSE,0,FALSE,FALSE,TRUE,,FALSE
60002552320_J0001,60002552320,5,47,plano de emergencia,nao_relevante,,,,,,,,,,,,,,,,nao_relevante,,,,,,,,,,,,,,,,FALSE,FALSE,FALSE,FALSE,FALSE,0,FALSE,FALSE,TRUE,,FALSE
60002553922_J0001,60002553922,1,93,seca,relevante,FALSE,FALSE,FALSE,FALSE,FALSE,FALSE,TRUE,FALSE,FALSE,FALSE,FALSE,FALSE,FALSE,FALSE,0,relevante,FALSE,FALSE,FALSE,FALSE,FALSE,FALSE,TRUE,FALSE,FALSE,FALSE,FALSE,FALSE,FALSE,FALSE,1,FALSE,FALSE,FALSE,FALSE,FALSE,0,TRUE,TRUE,TRUE,0,FALSE
60002553922_J0002,60002553922,18,23,gestao de risco,nao_relevante,,,,,,,,,,,,,,,,nao_relevante,,,,,,,,,,,,,,,,FALSE,FALSE,FALSE,FALSE,FALSE,0,FALSE,FALSE,TRUE,,FALSE
60002553922_J0003,60002553922,54,22,queimada; mudancas climaticas,relevante,FALSE,FALSE,FALSE,FALSE,FALSE,FALSE,FALSE,TRUE,FALSE,FALSE,FALSE,FALSE,FALSE,FALSE,2,relevante,,,,,,,,,,,,,,,,FALSE,FALSE,FALSE,FALSE,FALSE,0,TRUE,TRUE,TRUE,2,FALSE
70002547775_J0001,70002547775,42,185,incendios; vulnerabilidade,relevante,FALSE,FALSE,FALSE,FALSE,FALSE,FALSE,FALSE,FALSE,FALSE,FALSE,FALSE,FALSE,FALSE,FALSE,0,relevante,,,,,,,,,,,,,,,,FALSE,FALSE,FALSE,FALSE,FALSE,0,TRUE,TRUE,TRUE,0,FALSE
70002547775_J0002,70002547775,43,83,emergencia climatica,relevante,FALSE,FALSE,FALSE,FALSE,FALSE,FALSE,FALSE,FALSE,FALSE,FALSE,FALSE,FALSE,FALSE,TRUE,1,relevante,,,,,,,,,,,,,,,,FALSE,FALSE,FALSE,FALSE,FALSE,0,TRUE,TRUE,TRUE,1,FALSE
70002547775_J0003,70002547775,48,50,resiliencia; gestao de risco,nao_relevante,,,,,,,,,,,,,,,,nao_relevante,,,,,,,,,,,,,,,,FALSE,FALSE,FALSE,FALSE,FALSE,0,FALSE,FALSE,TRUE,,FALSE
70002547775_J0004,70002547775,58,73,resiliencia; vulnerabilidade,nao_relevante,,,,,,,,,,,,,,,,nao_relevante,,,,,,,,,,,,,,,,FALSE,FALSE,FALSE,FALSE,FALSE,0,FALSE,FALSE,TRUE,,FALSE
70002547775_J0005,70002547775,62,100,vulnerabilidade; alerta,nao_relevante,,,,,,,,,,,,,,,,nao_relevante,,,,,,,,,,,,,,,,FALSE,FALSE,FALSE,TRUE,FALSE,1,FALSE,FALSE,TRUE,,FALSE
70002547775_J0006,70002547775,84,55,vulnerabilidade; rompimento,nao_relevante,,,,,,,,,,,,,,,,nao_relevante,,,,,,,,,,,,,,,,FALSE,FALSE,FALSE,FALSE,FALSE,0,FALSE,FALSE,TRUE,,FALSE
70002547775_J0007,70002547775,85,160,vulnerabilidade; calamidade; contingencia; situacao de emergencia,nao_relevante,,,,,,,,,,,,,,,,nao_relevante,,,,,,,,,,,,,,,,FALSE,FALSE,FALSE,FALSE,FALSE,0,FALSE,FALSE,TRUE,,FALSE
70002547775_J0008,70002547775,87,66,vulnerabilidade; rompimento,nao_relevante,,,,,,,,,,,,,,,,nao_relevante,,,,,,,,,,,,,,,,FALSE,FALSE,FALSE,FALSE,FALSE,0,FALSE,FALSE,TRUE,,FALSE
70002547775_J0009,70002547775,90,89,vulnerabilidade; alerta,nao_relevante,,,,,,,,,,,,,,,,nao_relevante,,,,,,,,,,,,,,,,FALSE,FALSE,FALSE,FALSE,FALSE,0,FALSE,FALSE,TRUE,,FALSE
70002547775_J0010,70002547775,91,151,vulnerabilidade; calamidade,relevante,FALSE,TRUE,FALSE,FALSE,FALSE,FALSE,FALSE,FALSE,FALSE,FALSE,FALSE,FALSE,FALSE,TRUE,2,nao_relevante,,,,,,,,,,,,,,,,FALSE,FALSE,FALSE,FALSE,FALSE,0,TRUE,FALSE,FALSE,2,FALSE
70002547775_J0011,70002547775,92,97,enchente; incendios; deslizament; calamidade,relevante,FALSE,TRUE,TRUE,FALSE,TRUE,TRUE,FALSE,TRUE,FALSE,FALSE,FALSE,FALSE,FALSE,FALSE,2,relevante,,,,,,,,,,,,,,,,FALSE,FALSE,FALSE,FALSE,FALSE,0,TRUE,TRUE,TRUE,2,FALSE
70002547775_J0012,70002547775,92,35,desastre,relevante,FALSE,FALSE,TRUE,FALSE,FALSE,FALSE,FALSE,FALSE,FALSE,FALSE,FALSE,FALSE,FALSE,TRUE,3,relevante,FALSE,TRUE,TRUE,FALSE,FALSE,FALSE,FALSE,FALSE,FALSE,FALSE,FALSE,FALSE,FALSE,TRUE,2,FALSE,FALSE,FALSE,FALSE,FALSE,0,TRUE,TRUE,TRUE,3,FALSE
70002547775_J0013,70002547775,130,124,drenagem; resiliencia; mudancas climaticas,relevante,TRUE,FALSE,FALSE,TRUE,FALSE,FALSE,FALSE,FALSE,FALSE,FALSE,FALSE,FALSE,FALSE,TRUE,2,relevante,,,,,,,,,,,,,,,,FALSE,FALSE,FALSE,FALSE,FALSE,0,TRUE,TRUE,TRUE,2,FALSE
70002547775_J0014,70002547775,135,81,resiliencia; riscos climaticos,relevante,FALSE,FALSE,FALSE,FALSE,FALSE,FALSE,FALSE,FALSE,FALSE,FALSE,FALSE,FALSE,FALSE,TRUE,2,relevante,,,,,,,,,,,,,,,,FALSE,FALSE,FALSE,FALSE,FALSE,0,TRUE,TRUE,TRUE,2,FALSE
70002547775_J0015,70002547775,135,78,gestao de risco,nao_relevante,,,,,,,,,,,,,,,,nao_relevante,,,,,,,,,,,,,,,,FALSE,FALSE,FALSE,TRUE,FALSE,1,FALSE,FALSE,TRUE,,FALSE
70002547775_J0016,70002547775,136,121,enchente; drenagem; mudancas climaticas,relevante,TRUE,FALSE,FALSE,FALSE,TRUE,FALSE,FALSE,FALSE,FALSE,FALSE,FALSE,FALSE,FALSE,FALSE,3,relevante,,,,,,,,,,,,,,,,FALSE,FALSE,FALSE,FALSE,FALSE,0,TRUE,TRUE,TRUE,3,FALSE
70002547775_J0017,70002547775,137,85,drenagem; defesa civil; eventos extremos,relevante,TRUE,FALSE,FALSE,FALSE,FALSE,FALSE,FALSE,FALSE,FALSE,FALSE,FALSE,FALSE,FALSE,TRUE,2,relevante,TRUE,TRUE,FALSE,TRUE,TRUE,FALSE,FALSE,FALSE,FALSE,FALSE,FALSE,FALSE,FALSE,TRUE,3,FALSE,FALSE,FALSE,FALSE,TRUE,1,TRUE,TRUE,TRUE,2,FALSE
70002547775_J0018,70002547775,146,26,seca,relevante,TRUE,FALSE,FALSE,FALSE,FALSE,FALSE,TRUE,FALSE,FALSE,FALSE,FALSE,FALSE,FALSE,FALSE,2,relevante,TRUE,FALSE,FALSE,FALSE,FALSE,FALSE,TRUE,FALSE,FALSE,FALSE,FALSE,FALSE,FALSE,FALSE,0,FALSE,FALSE,FALSE,FALSE,FALSE,0,TRUE,TRUE,TRUE,2,FALSE
70002547775_J0019,70002547775,147,101,mudancas climaticas,relevante,FALSE,FALSE,TRUE,TRUE,FALSE,FALSE,FALSE,FALSE,FALSE,FALSE,FALSE,FALSE,FALSE,FALSE,0,relevante,FALSE,FALSE,FALSE,TRUE,FALSE,FALSE,FALSE,FALSE,FALSE,FALSE,FALSE,FALSE,FALSE,FALSE,0,FALSE,FALSE,FALSE,FALSE,FALSE,0,TRUE,TRUE,TRUE,0,FALSE
70002547775_J0020,70002547775,148,195,incendios; vulnerabilidade,relevante,TRUE,FALSE,TRUE,FALSE,FALSE,FALSE,FALSE,TRUE,FALSE,FALSE,FALSE,FALSE,FALSE,FALSE,2,relevante,TRUE,FALSE,FALSE,FALSE,FALSE,FALSE,FALSE,TRUE,FALSE,FALSE,FALSE,FALSE,FALSE,FALSE,2,FALSE,FALSE,FALSE,TRUE,TRUE,2,TRUE,TRUE,TRUE,2,FALSE
70002547775_J0021,70002547775,149,220,mudancas climaticas; drenagem; secas; enchente; incendios; vulnerabilidade,relevante,TRUE,FALSE,FALSE,TRUE,TRUE,FALSE,TRUE,TRUE,FALSE,FALSE,FALSE,FALSE,FALSE,FALSE,3,relevante,TRUE,FALSE,FALSE,TRUE,TRUE,FALSE,TRUE,TRUE,FALSE,FALSE,FALSE,FALSE,FALSE,FALSE,2,FALSE,FALSE,FALSE,TRUE,FALSE,1,TRUE,TRUE,TRUE,3,FALSE
70002547775_J0022,70002547775,152,209,barragem; barragens; contingencia; defesa civil,relevante,TRUE,FALSE,FALSE,FALSE,FALSE,FALSE,FALSE,FALSE,FALSE,FALSE,FALSE,TRUE,FALSE,FALSE,2,relevante,,,,,,,,,,,,,,,,FALSE,FALSE,FALSE,FALSE,TRUE,1,TRUE,TRUE,TRUE,2,FALSE
70002547775_J0023,70002547775,156,345,desastre; incendios; vulnerabilidade; resiliencia; contingencia; alerta,relevante,TRUE,TRUE,FALSE,FALSE,FALSE,FALSE,FALSE,TRUE,FALSE,FALSE,FALSE,FALSE,FALSE,FALSE,3,relevante,,,,,,,,,,,,,,,,FALSE,FALSE,FALSE,TRUE,TRUE,2,TRUE,TRUE,TRUE,3,FALSE
70002547775_J0024,70002547775,157,127,enchente; incendios,relevante,TRUE,FALSE,FALSE,FALSE,TRUE,FALSE,FALSE,TRUE,FALSE,FALSE,FALSE,FALSE,FALSE,FALSE,2,relevante,TRUE,FALSE,FALSE,FALSE,TRUE,FALSE,FALSE,TRUE,FALSE,FALSE,FALSE,FALSE,FALSE,FALSE,0,FALSE,FALSE,FALSE,FALSE,FALSE,0,TRUE,TRUE,TRUE,2,FALSE
70002551557_J0001,70002551557,23,82,eventos climaticos; escassez hidrica; enchente; drenagem; adaptacao climatica,relevante,TRUE,FALSE,FALSE,FALSE,TRUE,FALSE,TRUE,FALSE,FALSE,FALSE,FALSE,FALSE,FALSE,FALSE,2,relevante,FALSE,FALSE,FALSE,TRUE,TRUE,FALSE,TRUE,FALSE,FALSE,FALSE,FALSE,FALSE,FALSE,FALSE,1,FALSE,FALSE,FALSE,FALSE,FALSE,0,TRUE,TRUE,TRUE,2,FALSE
70002551557_J0002,70002551557,24,93,drenagem; alagament; adaptacao climatica,relevante,TRUE,FALSE,FALSE,TRUE,TRUE,FALSE,FALSE,FALSE,FALSE,FALSE,FALSE,FALSE,FALSE,FALSE,3,relevante,,,,,,,,,,,,,,,,FALSE,FALSE,FALSE,FALSE,FALSE,0,TRUE,TRUE,TRUE,3,FALSE
70002551557_J0003,70002551557,24,26,alagament; resiliencia,relevante,TRUE,FALSE,FALSE,FALSE,TRUE,FALSE,FALSE,FALSE,FALSE,FALSE,FALSE,FALSE,FALSE,FALSE,2,relevante,,,,,,,,,,,,,,,,FALSE,FALSE,FALSE,FALSE,FALSE,0,TRUE,TRUE,TRUE,2,FALSE
70002551557_J0004,70002551557,27,84,incendios; eventos climaticos,relevante,FALSE,FALSE,FALSE,FALSE,FALSE,FALSE,FALSE,TRUE,FALSE,FALSE,FALSE,FALSE,FALSE,FALSE,1,relevante,,,,,,,,,,,,,,,,FALSE,FALSE,TRUE,FALSE,FALSE,1,TRUE,TRUE,TRUE,1,FALSE
70002551557_J0005,70002551557,27,49,incendios; secas; enchente; defesa civil,relevante,TRUE,TRUE,FALSE,FALSE,TRUE,FALSE,TRUE,TRUE,FALSE,FALSE,FALSE,FALSE,FALSE,FALSE,2,relevante,,,,,,,,,,,,,,,,FALSE,FALSE,FALSE,FALSE,TRUE,1,TRUE,TRUE,TRUE,2,FALSE
70002551557_J0006,70002551557,27,29,resiliencia climatica,clima_geral,,,,,,,,,,,,,,,,clima_geral,,,,,,,,,,,,,,,,FALSE,FALSE,FALSE,FALSE,FALSE,0,FALSE,FALSE,TRUE,,FALSE
70002551557_J0007,70002551557,38,53,gestao de risco,nao_relevante,,,,,,,,,,,,,,,,nao_relevante,,,,,,,,,,,,,,,,FALSE,FALSE,FALSE,FALSE,FALSE,0,FALSE,FALSE,TRUE,,FALSE
70002551557_J0008,70002551557,43,67,drenagem; alagament; defesa civil,relevante,TRUE,FALSE,FALSE,FALSE,TRUE,FALSE,FALSE,FALSE,FALSE,FALSE,FALSE,FALSE,FALSE,FALSE,3,relevante,,,,,,,,,,,,,,,,FALSE,FALSE,FALSE,FALSE,TRUE,1,TRUE,TRUE,TRUE,3,FALSE
70002551557_J0009,70002551557,45,42,defesa civil,relevante,FALSE,FALSE,FALSE,FALSE,FALSE,FALSE,FALSE,FALSE,FALSE,FALSE,FALSE,FALSE,FALSE,TRUE,0,relevante,,,,,,,,,,,,,,,,FALSE,FALSE,FALSE,FALSE,TRUE,1,TRUE,TRUE,TRUE,0,FALSE
70002552341_J0001,70002552341,5,47,plano de emergencia,nao_relevante,,,,,,,,,,,,,,,,nao_relevante,,,,,,,,,,,,,,,,FALSE,FALSE,FALSE,FALSE,FALSE,0,FALSE,FALSE,TRUE,,FALSE
70002552496_J0001,70002552496,45,95,adaptacao climatica; desastre; eventos extremos; vulnerabilidade; calor extremo,relevante,TRUE,TRUE,FALSE,TRUE,TRUE,FALSE,TRUE,FALSE,TRUE,FALSE,FALSE,FALSE,FALSE,FALSE,2,relevante,,,,,,,,,,,,,,,,FALSE,FALSE,FALSE,FALSE,FALSE,0,TRUE,TRUE,TRUE,2,FALSE
70002552496_J0002,70002552496,61,55,alerta precoce,nao_relevante,,,,,,,,,,,,,,,,nao_relevante,,,,,,,,,,,,,,,,FALSE,FALSE,FALSE,FALSE,FALSE,0,FALSE,FALSE,TRUE,,FALSE
70002552496_J0003,70002552496,61,36,adaptacao climatica,relevante,TRUE,FALSE,FALSE,TRUE,FALSE,FALSE,FALSE,FALSE,FALSE,FALSE,FALSE,FALSE,FALSE,FALSE,2,relevante,,,,,,,,,,,,,,,,FALSE,FALSE,FALSE,TRUE,FALSE,1,TRUE,TRUE,TRUE,2,FALSE
70002552496_J0004,70002552496,67,96,defesa civil,relevante,FALSE,FALSE,FALSE,FALSE,FALSE,FALSE,FALSE,FALSE,FALSE,FALSE,FALSE,FALSE,FALSE,TRUE,2,relevante,,,,,,,,,,,,,,,,FALSE,FALSE,FALSE,FALSE,TRUE,1,TRUE,TRUE,TRUE,2,FALSE
70002552496_J0005,70002552496,86,237,drenagem; alagament; mudancas climaticas; crise hidrica; queimada; area de risco,relevante,TRUE,FALSE,FALSE,TRUE,TRUE,FALSE,TRUE,TRUE,FALSE,FALSE,FALSE,FALSE,FALSE,FALSE,1,relevante,,,,,,,,,,,,,,,,FALSE,TRUE,FALSE,FALSE,FALSE,1,TRUE,TRUE,TRUE,1,FALSE
70002552496_J0006,70002552496,87,32,drenagem; adaptacao climatica; alagament; resiliencia; desastre,relevante,TRUE,FALSE,FALSE,TRUE,TRUE,FALSE,FALSE,FALSE,FALSE,FALSE,FALSE,FALSE,FALSE,FALSE,3,relevante,TRUE,FALSE,FALSE,TRUE,TRUE,FALSE,FALSE,FALSE,TRUE,FALSE,FALSE,FALSE,FALSE,FALSE,3,FALSE,FALSE,FALSE,FALSE,FALSE,0,TRUE,TRUE,TRUE,3,FALSE
70002552496_J0007,70002552496,88,28,queimada,relevante,TRUE,FALSE,FALSE,FALSE,FALSE,FALSE,FALSE,TRUE,FALSE,FALSE,FALSE,FALSE,FALSE,FALSE,3,relevante,,,,,,,,,,,,,,,,FALSE,FALSE,FALSE,FALSE,FALSE,0,TRUE,TRUE,TRUE,3,FALSE
70002552496_J0008,70002552496,88,23,mapeamento de risco,relevante,TRUE,FALSE,FALSE,FALSE,FALSE,FALSE,FALSE,FALSE,FALSE,FALSE,FALSE,FALSE,FALSE,FALSE,2,relevante,,,,,,,,,,,,,,,,FALSE,FALSE,FALSE,FALSE,FALSE,0,TRUE,TRUE,TRUE,2,FALSE
70002552496_J0009,70002552496,99,30,adaptacao climatica,relevante,FALSE,FALSE,FALSE,TRUE,FALSE,FALSE,FALSE,FALSE,FALSE,FALSE,FALSE,FALSE,FALSE,FALSE,0,relevante,,,,,,,,,,,,,,,,FALSE,FALSE,FALSE,FALSE,FALSE,0,TRUE,TRUE,TRUE,0,FALSE
70002552496_J0010,70002552496,103,50,queimada,relevante,TRUE,FALSE,FALSE,FALSE,FALSE,FALSE,FALSE,TRUE,FALSE,FALSE,FALSE,FALSE,FALSE,FALSE,3,relevante,,,,,,,,,,,,,,,,FALSE,FALSE,FALSE,TRUE,FALSE,1,TRUE,TRUE,TRUE,3,FALSE
70002552965_J0001,70002552965,14,99,mudancas climaticas; adaptacao climatica; drenagem; areas de risco; seca; ondas de calor,relevante,TRUE,FALSE,FALSE,TRUE,FALSE,FALSE,TRUE,TRUE,TRUE,FALSE,FALSE,FALSE,FALSE,FALSE,2,relevante,FALSE,FALSE,FALSE,TRUE,TRUE,TRUE,TRUE,TRUE,TRUE,TRUE,FALSE,FALSE,FALSE,TRUE,2,FALSE,FALSE,FALSE,FALSE,FALSE,0,TRUE,TRUE,TRUE,2,FALSE
70002552965_J0002,70002552965,38,65,defesa civil,nao_relevante,,,,,,,,,,,,,,,,nao_relevante,,,,,,,,,,,,,,,,FALSE,FALSE,FALSE,FALSE,TRUE,1,FALSE,FALSE,TRUE,,FALSE
70002553055_J0001,70002553055,17,93,defesa civil; vulnerabilidade,nao_relevante,,,,,,,,,,,,,,,,relevante,,,,,,,,,,,,,,,,FALSE,FALSE,FALSE,FALSE,TRUE,1,FALSE,TRUE,FALSE,,FALSE
70002553055_J0002,70002553055,17,136,defesa civil,nao_relevante,,,,,,,,,,,,,,,,nao_relevante,,,,,,,,,,,,,,,,FALSE,FALSE,FALSE,TRUE,TRUE,2,FALSE,FALSE,TRUE,,FALSE
70002553055_J0003,70002553055,22,106,drenagem; alagament,relevante,TRUE,FALSE,FALSE,FALSE,TRUE,FALSE,FALSE,FALSE,FALSE,FALSE,FALSE,FALSE,FALSE,FALSE,3,relevante,,,,,,,,,,,,,,,,FALSE,FALSE,FALSE,FALSE,FALSE,0,TRUE,TRUE,TRUE,3,FALSE
70002553055_J0004,70002553055,25,118,mudancas climaticas; eventos climaticos,relevante,TRUE,FALSE,FALSE,TRUE,FALSE,FALSE,FALSE,FALSE,FALSE,FALSE,FALSE,FALSE,FALSE,TRUE,2,relevante,FALSE,FALSE,FALSE,TRUE,FALSE,FALSE,FALSE,FALSE,FALSE,FALSE,FALSE,FALSE,FALSE,TRUE,2,FALSE,FALSE,FALSE,FALSE,FALSE,0,TRUE,TRUE,TRUE,2,FALSE
70002553055_J0005,70002553055,25,201,alagament; mudancas climaticas; resiliencia; drenagem,relevante,TRUE,FALSE,FALSE,TRUE,TRUE,FALSE,FALSE,FALSE,TRUE,FALSE,FALSE,FALSE,FALSE,FALSE,3,relevante,,,,,,,,,,,,,,,,FALSE,FALSE,FALSE,FALSE,FALSE,0,TRUE,TRUE,TRUE,3,FALSE
70002553055_J0006,70002553055,35,175,gestao de risco,nao_relevante,,,,,,,,,,,,,,,,nao_relevante,,,,,,,,,,,,,,,,FALSE,FALSE,FALSE,FALSE,FALSE,0,FALSE,FALSE,TRUE,,FALSE
70002553055_J0007,70002553055,37,73,defesa civil; gestao de risco; eventos climaticos,relevante,TRUE,TRUE,FALSE,FALSE,FALSE,FALSE,FALSE,FALSE,FALSE,FALSE,FALSE,FALSE,FALSE,TRUE,2,relevante,,,,,,,,,,,,,,,,FALSE,FALSE,FALSE,FALSE,TRUE,1,TRUE,TRUE,TRUE,2,FALSE
70002553055_J0008,70002553055,41,182,gestao de risco,nao_relevante,,,,,,,,,,,,,,,,nao_relevante,,,,,,,,,,,,,,,,FALSE,FALSE,TRUE,TRUE,FALSE,2,FALSE,FALSE,TRUE,,FALSE
80002541012_J0001,80002541012,19,98,encosta,relevante,TRUE,FALSE,FALSE,FALSE,FALSE,FALSE,FALSE,FALSE,FALSE,FALSE,FALSE,FALSE,FALSE,TRUE,3,relevante,,,,,,,,,,,,,,,,FALSE,FALSE,FALSE,FALSE,FALSE,0,TRUE,TRUE,TRUE,3,FALSE
80002541012_J0002,80002541012,22,74,encosta; deslizament,relevante,TRUE,FALSE,FALSE,FALSE,TRUE,TRUE,FALSE,FALSE,FALSE,FALSE,FALSE,FALSE,FALSE,FALSE,1,relevante,,,,,,,,,,,,,,,,FALSE,FALSE,FALSE,FALSE,FALSE,0,TRUE,TRUE,TRUE,1,FALSE
80002541012_J0003,80002541012,23,78,areas de risco,nao_relevante,,,,,,,,,,,,,,,,relevante,,,,,,,,,,,,,,,,FALSE,FALSE,FALSE,FALSE,FALSE,0,FALSE,TRUE,FALSE,,FALSE
80002541012_J0004,80002541012,25,57,desmoronament,nao_relevante,,,,,,,,,,,,,,,,relevante,,,,,,,,,,,,,,,,FALSE,FALSE,FALSE,FALSE,FALSE,0,FALSE,TRUE,FALSE,,FALSE
80002541012_J0005,80002541012,37,78,desastre,nao_relevante,,,,,,,,,,,,,,,,nao_relevante,,,,,,,,,,,,,,,,FALSE,FALSE,FALSE,FALSE,FALSE,0,FALSE,FALSE,TRUE,,FALSE
80002550832_J0001,80002550832,5,125,rompimento da barragem; rejeito; desastre,relevante,FALSE,FALSE,FALSE,FALSE,FALSE,FALSE,FALSE,FALSE,FALSE,FALSE,FALSE,TRUE,FALSE,FALSE,1,relevante,,,,,,,,,,,,,,,,TRUE,FALSE,FALSE,FALSE,FALSE,1,TRUE,TRUE,TRUE,1,FALSE
80002550832_J0002,80002550832,19,32,queimada,relevante,TRUE,FALSE,FALSE,FALSE,FALSE,FALSE,FALSE,TRUE,FALSE,FALSE,FALSE,FALSE,FALSE,FALSE,3,relevante,,,,,,,,,,,,,,,,FALSE,FALSE,FALSE,FALSE,FALSE,0,TRUE,TRUE,TRUE,3,FALSE
80002551833_J0001,80002551833,3,45,mudancas climaticas,clima_geral,,,,,,,,,,,,,,,,clima_geral,,,,,,,,,,,,,,,,FALSE,FALSE,FALSE,FALSE,FALSE,0,FALSE,FALSE,TRUE,,FALSE
80002551833_J0002,80002551833,10,218,desertificac; rompimento da barragem,relevante,FALSE,FALSE,TRUE,FALSE,FALSE,FALSE,FALSE,FALSE,FALSE,FALSE,FALSE,TRUE,FALSE,FALSE,2,relevante,,,,,,,,,,,,,,,,FALSE,FALSE,FALSE,FALSE,FALSE,0,TRUE,TRUE,TRUE,2,FALSE
80002551833_J0003,80002551833,12,143,estiagem; mudancas climaticas; areas de risco; desertificac,relevante,TRUE,FALSE,FALSE,TRUE,FALSE,FALSE,TRUE,FALSE,FALSE,FALSE,FALSE,FALSE,FALSE,FALSE,2,relevante,,,,,,,,,,,,,,,,FALSE,FALSE,FALSE,FALSE,FALSE,0,TRUE,TRUE,TRUE,2,FALSE
80002551833_J0004,80002551833,17,59,desastre,relevante,TRUE,FALSE,FALSE,FALSE,FALSE,FALSE,FALSE,FALSE,FALSE,FALSE,FALSE,TRUE,FALSE,FALSE,3,relevante,,,,,,,,,,,,,,,,FALSE,FALSE,FALSE,FALSE,FALSE,0,TRUE,TRUE,TRUE,3,FALSE
80002551833_J0005,80002551833,32,97,drenagem; enchente; alagament; inundac; defesa civil,relevante,TRUE,FALSE,FALSE,FALSE,TRUE,FALSE,FALSE,FALSE,FALSE,FALSE,FALSE,FALSE,FALSE,FALSE,2,relevante,,,,,,,,,,,,,,,,FALSE,FALSE,FALSE,FALSE,TRUE,1,TRUE,TRUE,TRUE,2,FALSE
80002551833_J0006,80002551833,52,93,mudancas climaticas,relevante,FALSE,FALSE,FALSE,FALSE,FALSE,FALSE,FALSE,FALSE,FALSE,FALSE,FALSE,FALSE,FALSE,TRUE,1,clima_geral,,,,,,,,,,,,,,,,FALSE,FALSE,FALSE,FALSE,FALSE,0,TRUE,FALSE,FALSE,1,FALSE
80002552172_J0001,80002552172,5,39,adaptacao climatica; gestao de risco; desastre,relevante,FALSE,FALSE,FALSE,FALSE,FALSE,FALSE,FALSE,FALSE,FALSE,FALSE,FALSE,FALSE,FALSE,TRUE,0,relevante,,,,,,,,,,,,,,,,FALSE,FALSE,FALSE,FALSE,FALSE,0,TRUE,TRUE,TRUE,0,FALSE
80002552172_J0002,80002552172,9,107,eventos climaticos; resiliencia,relevante,FALSE,FALSE,FALSE,FALSE,FALSE,FALSE,FALSE,FALSE,FALSE,FALSE,FALSE,FALSE,FALSE,TRUE,1,relevante,,,,,,,,,,,,,,,,FALSE,FALSE,FALSE,FALSE,FALSE,0,TRUE,TRUE,TRUE,1,FALSE
80002552172_J0003,80002552172,9,58,mudancas climaticas,clima_geral,,,,,,,,,,,,,,,,clima_geral,,,,,,,,,,,,,,,,FALSE,FALSE,TRUE,FALSE,TRUE,2,FALSE,FALSE,TRUE,,FALSE
80002552172_J0004,80002552172,11,28,resiliencia; mudancas climaticas; desastre,relevante,TRUE,TRUE,FALSE,TRUE,FALSE,FALSE,FALSE,FALSE,FALSE,FALSE,FALSE,FALSE,FALSE,TRUE,2,relevante,,,,,,,,,,,,,,,,FALSE,FALSE,FALSE,FALSE,FALSE,0,TRUE,TRUE,TRUE,2,FALSE
80002552172_J0005,80002552172,25,39,mudancas climaticas,clima_geral,,,,,,,,,,,,,,,,clima_geral,,,,,,,,,,,,,,,,FALSE,FALSE,FALSE,FALSE,FALSE,0,FALSE,FALSE,TRUE,,FALSE
80002552172_J0006,80002552172,26,122,eventos climaticos,relevante,TRUE,FALSE,FALSE,FALSE,FALSE,FALSE,FALSE,FALSE,FALSE,FALSE,FALSE,FALSE,FALSE,TRUE,0,relevante,,,,,,,,,,,,,,,,FALSE,FALSE,FALSE,FALSE,FALSE,0,TRUE,TRUE,TRUE,0,FALSE
80002552172_J0007,80002552172,28,137,mudancas climaticas,clima_geral,,,,,,,,,,,,,,,,clima_geral,,,,,,,,,,,,,,,,FALSE,FALSE,FALSE,TRUE,FALSE,1,FALSE,FALSE,TRUE,,FALSE
80002552172_J0008,80002552172,56,30,desastre,relevante,FALSE,FALSE,TRUE,FALSE,FALSE,FALSE,FALSE,FALSE,FALSE,FALSE,FALSE,FALSE,FALSE,TRUE,3,relevante,,,,,,,,,,,,,,,,FALSE,FALSE,FALSE,FALSE,FALSE,0,TRUE,TRUE,TRUE,3,FALSE
80002552172_J0009,80002552172,61,129,seca,nao_relevante,,,,,,,,,,,,,,,,nao_relevante,,,,,,,,,,,,,,,,FALSE,FALSE,FALSE,FALSE,FALSE,0,FALSE,FALSE,TRUE,,FALSE
80002552172_J0010,80002552172,84,100,barragens; resiliencia,nao_relevante,,,,,,,,,,,,,,,,relevante,,,,,,,,,,,,,,,,TRUE,FALSE,FALSE,FALSE,FALSE,1,FALSE,TRUE,FALSE,,FALSE
80002552172_J0011,80002552172,85,58,mudancas climaticas,relevante,TRUE,FALSE,FALSE,TRUE,FALSE,FALSE,FALSE,FALSE,FALSE,FALSE,FALSE,FALSE,FALSE,FALSE,3,clima_geral,FALSE,FALSE,FALSE,TRUE,FALSE,FALSE,FALSE,FALSE,FALSE,FALSE,FALSE,FALSE,FALSE,FALSE,2,FALSE,FALSE,FALSE,FALSE,FALSE,0,TRUE,FALSE,FALSE,3,FALSE
80002552172_J0012,80002552172,87,112,barragens; mudancas climaticas; gestao de risco; drenagem,relevante,TRUE,FALSE,FALSE,TRUE,FALSE,FALSE,FALSE,FALSE,FALSE,FALSE,FALSE,FALSE,FALSE,FALSE,2,relevante,,,,,,,,,,,,,,,,FALSE,FALSE,FALSE,FALSE,FALSE,0,TRUE,TRUE,TRUE,2,FALSE
80002552172_J0013,80002552172,89,132,resiliencia; adaptacao climatica; barragens; mudancas climaticas,clima_geral,,,,,,,,,,,,,,,,relevante,,,,,,,,,,,,,,,,FALSE,FALSE,FALSE,TRUE,FALSE,1,FALSE,TRUE,FALSE,,FALSE
80002552172_J0014,80002552172,92,181,mudancas climaticas; drenagem; resiliencia; enchente; desastre; resiliencia climatica,relevante,TRUE,FALSE,FALSE,FALSE,TRUE,FALSE,FALSE,FALSE,FALSE,FALSE,FALSE,FALSE,FALSE,FALSE,3,relevante,,,,,,,,,,,,,,,,FALSE,FALSE,FALSE,FALSE,FALSE,0,TRUE,TRUE,TRUE,3,FALSE
80002552172_J0015,80002552172,94,107,drenagem; enchente; alagament,relevante,TRUE,FALSE,FALSE,FALSE,TRUE,FALSE,FALSE,FALSE,FALSE,FALSE,FALSE,FALSE,FALSE,FALSE,1,relevante,,,,,,,,,,,,,,,,FALSE,FALSE,FALSE,FALSE,FALSE,0,TRUE,TRUE,TRUE,4,TRUE
80002552172_J0016,80002552172,95,95,drenagem; alagament; resiliencia climatica; adaptacao climatica; inundac; eventos climaticos,relevante,TRUE,FALSE,FALSE,TRUE,TRUE,FALSE,FALSE,FALSE,FALSE,FALSE,FALSE,FALSE,FALSE,FALSE,3,relevante,,,,,,,,,,,,,,,,FALSE,FALSE,TRUE,FALSE,FALSE,1,TRUE,TRUE,TRUE,3,FALSE
80002552172_J0017,80002552172,96,69,drenagem; alagament,relevante,TRUE,FALSE,FALSE,FALSE,TRUE,FALSE,FALSE,FALSE,FALSE,FALSE,FALSE,FALSE,FALSE,FALSE,3,relevante,,,,,,,,,,,,,,,,FALSE,FALSE,FALSE,FALSE,FALSE,0,TRUE,TRUE,TRUE,3,FALSE
80002552172_J0018,80002552172,96,169,drenagem; alagament; enxurrada; inundac,relevante,TRUE,FALSE,FALSE,FALSE,TRUE,FALSE,FALSE,FALSE,FALSE,FALSE,FALSE,FALSE,FALSE,FALSE,3,relevante,TRUE,FALSE,FALSE,FALSE,TRUE,FALSE,FALSE,FALSE,FALSE,FALSE,FALSE,FALSE,FALSE,FALSE,3,FALSE,FALSE,FALSE,FALSE,FALSE,0,TRUE,TRUE,TRUE,3,FALSE
80002552172_J0019,80002552172,99,91,barragens; estiagem,relevante,TRUE,FALSE,FALSE,FALSE,FALSE,FALSE,FALSE,FALSE,FALSE,FALSE,FALSE,FALSE,FALSE,FALSE,3,relevante,,,,,,,,,,,,,,,,FALSE,FALSE,FALSE,FALSE,FALSE,0,TRUE,TRUE,TRUE,3,FALSE
80002552172_J0020,80002552172,100,148,barragem; seca; mudancas climaticas,relevante,TRUE,FALSE,FALSE,FALSE,FALSE,FALSE,TRUE,FALSE,FALSE,FALSE,FALSE,FALSE,FALSE,FALSE,3,relevante,,,,,,,,,,,,,,,,TRUE,FALSE,FALSE,FALSE,FALSE,1,TRUE,TRUE,TRUE,3,FALSE
80002552172_J0021,80002552172,107,103,riscos ambientais; encosta; alagament; cheias; resiliencia,relevante,TRUE,FALSE,FALSE,FALSE,TRUE,TRUE,FALSE,FALSE,FALSE,FALSE,FALSE,FALSE,FALSE,FALSE,2,relevante,FALSE,FALSE,FALSE,FALSE,TRUE,TRUE,FALSE,FALSE,FALSE,FALSE,FALSE,FALSE,FALSE,FALSE,2,FALSE,FALSE,FALSE,FALSE,FALSE,0,TRUE,TRUE,TRUE,2,FALSE
80002552172_J0022,80002552172,109,647,areas de risco; cheias; adaptacao climatica; secas; alerta; defesa civil,relevante,TRUE,FALSE,FALSE,FALSE,TRUE,FALSE,TRUE,FALSE,FALSE,FALSE,FALSE,FALSE,FALSE,FALSE,3,relevante,TRUE,FALSE,FALSE,TRUE,TRUE,FALSE,TRUE,FALSE,FALSE,FALSE,FALSE,FALSE,FALSE,FALSE,3,FALSE,FALSE,TRUE,TRUE,TRUE,3,TRUE,TRUE,TRUE,3,FALSE
80002552172_J0023,80002552172,112,188,inundac; adaptacao climatica,relevante,TRUE,FALSE,FALSE,TRUE,TRUE,FALSE,TRUE,FALSE,FALSE,FALSE,FALSE,FALSE,FALSE,FALSE,3,relevante,,,,,,,,,,,,,,,,FALSE,FALSE,FALSE,FALSE,FALSE,0,TRUE,TRUE,TRUE,3,FALSE
80002552172_J0024,80002552172,113,141,secas; alerta; defesa civil; eventos extremos,relevante,TRUE,FALSE,FALSE,FALSE,FALSE,FALSE,FALSE,FALSE,FALSE,FALSE,FALSE,FALSE,FALSE,TRUE,3,relevante,,,,,,,,,,,,,,,,FALSE,FALSE,FALSE,TRUE,TRUE,2,TRUE,TRUE,TRUE,3,FALSE
80002552172_J0025,80002552172,114,295,gestao de risco; desastre; adaptacao climatica; eventos climaticos; alagament; enchente,relevante,TRUE,TRUE,FALSE,FALSE,TRUE,TRUE,TRUE,TRUE,TRUE,FALSE,FALSE,FALSE,FALSE,FALSE,3,relevante,,,,,,,,,,,,,,,,TRUE,FALSE,TRUE,TRUE,TRUE,4,TRUE,TRUE,TRUE,3,FALSE
80002552172_J0026,80002552172,115,523,eventos extremos; defesa civil; reducao de risco; adaptacao climatica; gestao de risco; desastre,relevante,TRUE,TRUE,FALSE,TRUE,TRUE,TRUE,TRUE,TRUE,TRUE,FALSE,TRUE,FALSE,FALSE,FALSE,3,relevante,TRUE,TRUE,TRUE,TRUE,TRUE,FALSE,FALSE,FALSE,FALSE,FALSE,FALSE,FALSE,FALSE,FALSE,3,FALSE,FALSE,FALSE,TRUE,TRUE,2,TRUE,TRUE,TRUE,3,FALSE
80002552172_J0027,80002552172,122,142,resiliencia climatica,clima_geral,,,,,,,,,,,,,,,,clima_geral,,,,,,,,,,,,,,,,FALSE,FALSE,FALSE,FALSE,FALSE,0,FALSE,FALSE,TRUE,,FALSE
80002552172_J0028,80002552172,132,130,mudanca climatica,clima_geral,,,,,,,,,,,,,,,,clima_geral,,,,,,,,,,,,,,,,FALSE,FALSE,TRUE,TRUE,FALSE,2,FALSE,FALSE,TRUE,,FALSE
80002552172_J0029,80002552172,140,104,desastre,relevante,TRUE,FALSE,FALSE,FALSE,FALSE,FALSE,FALSE,FALSE,FALSE,FALSE,FALSE,FALSE,FALSE,TRUE,3,relevante,,,,,,,,,,,,,,,,FALSE,FALSE,FALSE,FALSE,FALSE,0,TRUE,TRUE,TRUE,3,FALSE
80002552172_J0030,80002552172,147,83,gestao de risco; resiliencia,nao_relevante,,,,,,,,,,,,,,,,nao_relevante,,,,,,,,,,,,,,,,FALSE,TRUE,FALSE,FALSE,FALSE,1,FALSE,FALSE,TRUE,,FALSE
80002552172_J0031,80002552172,150,48,gestao de risco,nao_relevante,,,,,,,,,,,,,,,,nao_relevante,,,,,,,,,,,,,,,,FALSE,FALSE,FALSE,TRUE,FALSE,1,FALSE,FALSE,TRUE,,FALSE
80002552172_J0032,80002552172,150,33,desastre,relevante,FALSE,FALSE,FALSE,FALSE,FALSE,FALSE,FALSE,FALSE,FALSE,FALSE,FALSE,FALSE,FALSE,TRUE,2,relevante,,,,,,,,,,,,,,,,FALSE,FALSE,FALSE,FALSE,FALSE,0,TRUE,TRUE,TRUE,2,FALSE
80002552682_J0001,80002552682,7,70,encosta,nao_relevante,,,,,,,,,,,,,,,,nao_relevante,,,,,,,,,,,,,,,,FALSE,FALSE,FALSE,FALSE,FALSE,0,FALSE,FALSE,TRUE,,FALSE
80002552682_J0002,80002552682,16,107,mudancas climaticas,clima_geral,,,,,,,,,,,,,,,,clima_geral,,,,,,,,,,,,,,,,FALSE,FALSE,FALSE,FALSE,FALSE,0,FALSE,FALSE,TRUE,,FALSE
80002552682_J0003,80002552682,31,95,desastre,relevante,FALSE,FALSE,FALSE,FALSE,FALSE,FALSE,FALSE,FALSE,FALSE,FALSE,FALSE,TRUE,FALSE,FALSE,1,relevante,,,,,,,,,,,,,,,,FALSE,FALSE,FALSE,FALSE,FALSE,0,TRUE,TRUE,TRUE,1,FALSE
80002552682_J0004,80002552682,33,98,desastre,relevante,FALSE,FALSE,TRUE,FALSE,FALSE,FALSE,FALSE,FALSE,FALSE,FALSE,FALSE,TRUE,FALSE,FALSE,2,relevante,,,,,,,,,,,,,,,,FALSE,FALSE,FALSE,FALSE,FALSE,0,TRUE,TRUE,TRUE,2,FALSE
80002552682_J0005,80002552682,34,78,vulnerabilidade; eventos climaticos,relevante,FALSE,FALSE,FALSE,FALSE,FALSE,FALSE,FALSE,FALSE,FALSE,FALSE,FALSE,FALSE,FALSE,TRUE,1,relevante,,,,,,,,,,,,,,,,FALSE,FALSE,FALSE,FALSE,FALSE,0,TRUE,TRUE,TRUE,1,FALSE
80002552682_J0006,80002552682,42,81,riscos climaticos,relevante,FALSE,FALSE,FALSE,FALSE,FALSE,FALSE,FALSE,FALSE,FALSE,FALSE,FALSE,FALSE,FALSE,TRUE,2,relevante,,,,,,,,,,,,,,,,FALSE,FALSE,FALSE,FALSE,FALSE,0,TRUE,TRUE,TRUE,2,FALSE
80002552682_J0007,80002552682,42,92,vulnerabilidade; desastre; inundac; defesa civil,relevante,TRUE,FALSE,FALSE,TRUE,TRUE,FALSE,FALSE,FALSE,FALSE,FALSE,FALSE,FALSE,FALSE,FALSE,1,relevante,,,,,,,,,,,,,,,,FALSE,FALSE,TRUE,FALSE,TRUE,2,TRUE,TRUE,TRUE,1,FALSE
80002552682_J0008,80002552682,44,46,areas de risco,relevante,TRUE,FALSE,FALSE,FALSE,FALSE,FALSE,FALSE,FALSE,FALSE,FALSE,FALSE,FALSE,FALSE,TRUE,1,relevante,,,,,,,,,,,,,,,,FALSE,FALSE,FALSE,FALSE,FALSE,0,TRUE,TRUE,TRUE,1,FALSE
80002552682_J0009,80002552682,46,45,defesa civil,nao_relevante,,,,,,,,,,,,,,,,relevante,,,,,,,,,,,,,,,,FALSE,FALSE,FALSE,FALSE,TRUE,1,FALSE,TRUE,FALSE,,FALSE
80002552682_J0010,80002552682,46,68,eventos climaticos; escassez hidrica; riscos de desastre,relevante,TRUE,FALSE,FALSE,FALSE,FALSE,FALSE,TRUE,FALSE,FALSE,FALSE,FALSE,FALSE,FALSE,FALSE,1,relevante,,,,,,,,,,,,,,,,FALSE,FALSE,FALSE,FALSE,FALSE,0,TRUE,TRUE,TRUE,1,FALSE
80002552682_J0011,80002552682,47,145,resiliencia climatica; defesa civil; drenagem; adaptacao climatica; deslizament; enchente,relevante,TRUE,FALSE,FALSE,TRUE,TRUE,TRUE,FALSE,FALSE,FALSE,FALSE,FALSE,FALSE,FALSE,FALSE,3,relevante,,,,,,,,,,,,,,,,FALSE,FALSE,FALSE,TRUE,TRUE,2,TRUE,TRUE,TRUE,3,FALSE
90002540993_J0001,90002540993,5,30,mudancas climaticas,clima_geral,,,,,,,,,,,,,,,,clima_geral,,,,,,,,,,,,,,,,FALSE,FALSE,FALSE,FALSE,FALSE,0,FALSE,FALSE,TRUE,,FALSE
90002540993_J0002,90002540993,21,55,cheias,nao_relevante,,,,,,,,,,,,,,,,nao_relevante,,,,,,,,,,,,,,,,FALSE,FALSE,FALSE,FALSE,FALSE,0,FALSE,FALSE,TRUE,,FALSE
90002540993_J0003,90002540993,22,91,incendios florestais,relevante,TRUE,FALSE,FALSE,FALSE,FALSE,FALSE,FALSE,TRUE,FALSE,FALSE,FALSE,FALSE,FALSE,FALSE,0,relevante,,,,,,,,,,,,,,,,FALSE,FALSE,FALSE,FALSE,FALSE,0,TRUE,TRUE,TRUE,0,FALSE
90002540993_J0005,90002540993,25,152,mudancas climaticas; secas; incendios florestais; adaptacao climatica; eventos climaticos,relevante,TRUE,FALSE,FALSE,TRUE,FALSE,FALSE,TRUE,TRUE,FALSE,FALSE,FALSE,FALSE,FALSE,FALSE,2,relevante,FALSE,FALSE,FALSE,FALSE,TRUE,FALSE,TRUE,TRUE,FALSE,FALSE,FALSE,FALSE,FALSE,FALSE,1,FALSE,FALSE,FALSE,FALSE,FALSE,0,TRUE,TRUE,TRUE,2,FALSE
90002540993_J0006,90002540993,25,109,adaptacao climatica; resiliencia,clima_geral,,,,,,,,,,,,,,,,relevante,,,,,,,,,,,,,,,,FALSE,FALSE,FALSE,FALSE,FALSE,0,FALSE,TRUE,FALSE,,FALSE
90002540993_J0007,90002540993,26,102,resiliencia; vulnerabilidade,nao_relevante,,,,,,,,,,,,,,,,nao_relevante,,,,,,,,,,,,,,,,FALSE,FALSE,FALSE,FALSE,FALSE,0,FALSE,FALSE,TRUE,,FALSE
90002540993_J0008,90002540993,33,113,mudancas climaticas; areas de risco,clima_geral,,,,,,,,,,,,,,,,clima_geral,,,,,,,,,,,,,,,,FALSE,FALSE,FALSE,FALSE,FALSE,0,FALSE,FALSE,TRUE,,FALSE
90002540993_J0009,90002540993,47,104,mudancas climaticas,clima_geral,,,,,,,,,,,,,,,,clima_geral,,,,,,,,,,,,,,,,FALSE,FALSE,FALSE,FALSE,FALSE,0,FALSE,FALSE,TRUE,,FALSE
90002540993_J0010,90002540993,52,84,resiliencia; mudancas climaticas,clima_geral,,,,,,,,,,,,,,,,clima_geral,,,,,,,,,,,,,,,,FALSE,FALSE,FALSE,FALSE,FALSE,0,FALSE,FALSE,TRUE,,FALSE
90002540993_J0011,90002540993,56,30,mudancas climaticas,clima_geral,,,,,,,,,,,,,,,,relevante,,,,,,,,,,,,,,,,FALSE,FALSE,FALSE,FALSE,FALSE,0,FALSE,TRUE,FALSE,,FALSE
90002540993_J0012,90002540993,58,135,adaptacao climatica; mudancas climaticas; secas; incendios; resiliencia; alerta precoce,relevante,TRUE,FALSE,FALSE,TRUE,TRUE,FALSE,TRUE,TRUE,FALSE,FALSE,FALSE,FALSE,FALSE,FALSE,1,relevante,,,,,,,,,,,,,,,,FALSE,FALSE,FALSE,FALSE,FALSE,0,TRUE,TRUE,TRUE,1,FALSE
90002540993_J0013,90002540993,69,81,gestao de risco,nao_relevante,,,,,,,,,,,,,,,,nao_relevante,,,,,,,,,,,,,,,,FALSE,FALSE,TRUE,TRUE,FALSE,2,FALSE,FALSE,TRUE,,FALSE
90002540993_J0014,90002540993,70,222,contingencia; calamidade; gestao de risco; resiliencia,relevante,TRUE,FALSE,FALSE,FALSE,FALSE,FALSE,FALSE,FALSE,FALSE,FALSE,FALSE,FALSE,FALSE,TRUE,2,relevante,TRUE,FALSE,FALSE,FALSE,FALSE,FALSE,FALSE,FALSE,FALSE,FALSE,FALSE,FALSE,FALSE,TRUE,2,FALSE,FALSE,FALSE,TRUE,TRUE,2,TRUE,TRUE,TRUE,2,FALSE
90002543463_J0001,90002543463,30,78,riscos climaticos,relevante,FALSE,FALSE,FALSE,FALSE,FALSE,FALSE,FALSE,FALSE,FALSE,FALSE,FALSE,FALSE,FALSE,TRUE,1,relevante,,,,,,,,,,,,,,,,FALSE,FALSE,FALSE,FALSE,FALSE,0,TRUE,TRUE,TRUE,1,FALSE
90002543463_J0002,90002543463,40,72,secas; ondas de calor; incendios; eventos extremos,relevante,TRUE,FALSE,FALSE,FALSE,TRUE,FALSE,TRUE,TRUE,TRUE,FALSE,FALSE,FALSE,FALSE,FALSE,2,relevante,FALSE,FALSE,FALSE,FALSE,TRUE,FALSE,TRUE,TRUE,TRUE,FALSE,FALSE,FALSE,FALSE,FALSE,2,FALSE,FALSE,FALSE,FALSE,FALSE,0,TRUE,TRUE,TRUE,2,FALSE
90002543463_J0003,90002543463,40,77,riscos ambientais; eventos extremos,relevante,TRUE,FALSE,FALSE,FALSE,FALSE,FALSE,FALSE,FALSE,FALSE,FALSE,FALSE,FALSE,FALSE,TRUE,2,relevante,,,,,,,,,,,,,,,,FALSE,FALSE,FALSE,FALSE,FALSE,0,TRUE,TRUE,TRUE,2,FALSE
90002543463_J0004,90002543463,40,65,eventos climaticos,relevante,TRUE,FALSE,FALSE,FALSE,FALSE,FALSE,FALSE,FALSE,FALSE,FALSE,FALSE,FALSE,FALSE,TRUE,2,relevante,FALSE,FALSE,FALSE,TRUE,FALSE,FALSE,FALSE,FALSE,FALSE,FALSE,FALSE,FALSE,FALSE,TRUE,2,FALSE,FALSE,FALSE,FALSE,FALSE,0,TRUE,TRUE,TRUE,2,FALSE
90002543463_J0005,90002543463,41,95,defesa civil,nao_relevante,,,,,,,,,,,,,,,,relevante,,,,,,,,,,,,,,,,FALSE,FALSE,FALSE,FALSE,TRUE,1,FALSE,TRUE,FALSE,,FALSE
90002543463_J0006,90002543463,42,170,mudancas climaticas; eventos extremos; incendios florestais; defesa civil,relevante,TRUE,FALSE,FALSE,FALSE,FALSE,FALSE,FALSE,TRUE,FALSE,FALSE,FALSE,FALSE,FALSE,FALSE,2,relevante,TRUE,TRUE,FALSE,TRUE,FALSE,FALSE,FALSE,TRUE,FALSE,FALSE,FALSE,FALSE,FALSE,FALSE,2,FALSE,FALSE,FALSE,TRUE,TRUE,2,TRUE,TRUE,TRUE,2,FALSE
90002543463_J0007,90002543463,44,82,incendios; eventos climaticos; defesa civil,relevante,TRUE,FALSE,FALSE,FALSE,FALSE,FALSE,FALSE,TRUE,FALSE,FALSE,FALSE,FALSE,FALSE,FALSE,2,relevante,,,,,,,,,,,,,,,,FALSE,FALSE,FALSE,FALSE,TRUE,1,TRUE,TRUE,TRUE,2,FALSE
90002543463_J0008,90002543463,44,19,vulnerabilidade; eventos extremos,relevante,TRUE,FALSE,FALSE,FALSE,FALSE,FALSE,FALSE,FALSE,FALSE,FALSE,FALSE,FALSE,FALSE,TRUE,2,relevante,FALSE,FALSE,FALSE,TRUE,FALSE,FALSE,FALSE,FALSE,FALSE,FALSE,FALSE,FALSE,FALSE,TRUE,2,FALSE,FALSE,FALSE,FALSE,FALSE,0,TRUE,TRUE,TRUE,2,FALSE
90002543463_J0009,90002543463,60,61,defesa civil,nao_relevante,,,,,,,,,,,,,,,,relevante,,,,,,,,,,,,,,,,FALSE,FALSE,FALSE,FALSE,TRUE,1,FALSE,TRUE,FALSE,,FALSE
90002543463_J0010,90002543463,60,70,defesa civil,nao_relevante,,,,,,,,,,,,,,,,relevante,,,,,,,,,,,,,,,,FALSE,FALSE,FALSE,FALSE,TRUE,1,FALSE,TRUE,FALSE,,FALSE
90002545476_J0001,90002545476,3,258,gestao de risco; crise climatica; enchente; deslizament; incendios florestais,relevante,TRUE,FALSE,FALSE,FALSE,TRUE,TRUE,FALSE,TRUE,FALSE,FALSE,FALSE,FALSE,FALSE,FALSE,0,relevante,TRUE,FALSE,FALSE,FALSE,TRUE,TRUE,FALSE,TRUE,FALSE,FALSE,FALSE,FALSE,FALSE,FALSE,0,FALSE,FALSE,FALSE,TRUE,FALSE,1,TRUE,TRUE,TRUE,0,FALSE
90002545476_J0002,90002545476,9,71,drenagem; incendios; encosta,relevante,TRUE,FALSE,FALSE,FALSE,TRUE,FALSE,FALSE,TRUE,FALSE,FALSE,FALSE,FALSE,FALSE,FALSE,2,relevante,,,,,,,,,,,,,,,,FALSE,FALSE,TRUE,FALSE,FALSE,1,TRUE,TRUE,TRUE,2,FALSE
90002545476_J0003,90002545476,10,36,adaptacao climatica,relevante,FALSE,FALSE,FALSE,FALSE,FALSE,FALSE,FALSE,FALSE,FALSE,FALSE,FALSE,FALSE,FALSE,FALSE,2,relevante,,,,,,,,,,,,,,,,FALSE,FALSE,FALSE,FALSE,FALSE,0,TRUE,TRUE,TRUE,2,FALSE
90002545476_J0004,90002545476,10,20,drenagem; gestao de risco; incendios,relevante,TRUE,FALSE,FALSE,FALSE,FALSE,FALSE,FALSE,TRUE,TRUE,FALSE,FALSE,FALSE,FALSE,FALSE,2,relevante,TRUE,FALSE,FALSE,TRUE,TRUE,FALSE,FALSE,TRUE,TRUE,FALSE,FALSE,FALSE,FALSE,FALSE,2,FALSE,FALSE,FALSE,FALSE,FALSE,0,TRUE,TRUE,TRUE,2,FALSE
90002545476_J0005,90002545476,15,50,defesa civil; estiagem; incendios florestais,relevante,TRUE,FALSE,FALSE,FALSE,FALSE,FALSE,TRUE,TRUE,FALSE,FALSE,FALSE,FALSE,FALSE,FALSE,2,relevante,FALSE,FALSE,FALSE,FALSE,FALSE,FALSE,TRUE,TRUE,FALSE,FALSE,FALSE,FALSE,FALSE,FALSE,2,FALSE,FALSE,FALSE,FALSE,TRUE,1,TRUE,TRUE,TRUE,2,FALSE
90002545476_J0006,90002545476,19,90,defesa civil; incendios; estiagem; enchente; contingencia; alerta,relevante,TRUE,FALSE,FALSE,FALSE,TRUE,FALSE,TRUE,TRUE,FALSE,FALSE,FALSE,FALSE,TRUE,FALSE,3,relevante,TRUE,FALSE,FALSE,FALSE,TRUE,FALSE,TRUE,TRUE,FALSE,FALSE,FALSE,FALSE,TRUE,FALSE,2,FALSE,FALSE,TRUE,FALSE,TRUE,2,TRUE,TRUE,TRUE,3,FALSE
90002545476_J0007,90002545476,19,22,incendios; contingencia,relevante,TRUE,TRUE,FALSE,FALSE,FALSE,FALSE,FALSE,TRUE,FALSE,FALSE,FALSE,FALSE,FALSE,FALSE,1,relevante,,,,,,,,,,,,,,,,FALSE,FALSE,FALSE,FALSE,FALSE,0,TRUE,TRUE,TRUE,1,FALSE
90002545476_J0008,90002545476,19,27,gestao de risco,nao_relevante,,,,,,,,,,,,,,,,nao_relevante,,,,,,,,,,,,,,,,FALSE,FALSE,FALSE,FALSE,FALSE,0,FALSE,FALSE,TRUE,,FALSE
90002545476_J0009,90002545476,20,42,defesa civil,relevante,TRUE,FALSE,FALSE,FALSE,FALSE,FALSE,FALSE,FALSE,FALSE,FALSE,FALSE,FALSE,TRUE,FALSE,2,relevante,,,,,,,,,,,,,,,,FALSE,FALSE,FALSE,FALSE,TRUE,1,TRUE,TRUE,TRUE,2,FALSE
90002545476_J0010,90002545476,21,51,incendios; desastre,relevante,TRUE,TRUE,FALSE,FALSE,FALSE,FALSE,FALSE,TRUE,FALSE,FALSE,FALSE,FALSE,FALSE,FALSE,2,relevante,,,,,,,,,,,,,,,,FALSE,FALSE,FALSE,FALSE,FALSE,0,TRUE,TRUE,TRUE,2,FALSE
90002545476_J0011,90002545476,23,16,defesa civil,relevante,FALSE,FALSE,FALSE,FALSE,FALSE,FALSE,FALSE,FALSE,FALSE,FALSE,FALSE,FALSE,FALSE,TRUE,2,relevante,FALSE,FALSE,FALSE,FALSE,FALSE,FALSE,FALSE,FALSE,FALSE,FALSE,FALSE,FALSE,FALSE,TRUE,2,FALSE,FALSE,FALSE,FALSE,TRUE,1,TRUE,TRUE,TRUE,2,FALSE
90002545476_J0012,90002545476,34,23,gestao de risco,nao_relevante,,,,,,,,,,,,,,,,nao_relevante,,,,,,,,,,,,,,,,FALSE,FALSE,FALSE,FALSE,FALSE,0,FALSE,FALSE,TRUE,,FALSE
90002545476_J0013,90002545476,48,206,mudancas climaticas; eventos extremos; incendios florestais; adaptacao climatica,relevante,FALSE,FALSE,FALSE,FALSE,FALSE,FALSE,FALSE,TRUE,FALSE,FALSE,FALSE,FALSE,FALSE,FALSE,2,relevante,,,,,,,,,,,,,,,,FALSE,FALSE,FALSE,FALSE,FALSE,0,TRUE,TRUE,TRUE,2,FALSE
90002545476_J0014,90002545476,48,87,mudancas climaticas,clima_geral,,,,,,,,,,,,,,,,clima_geral,,,,,,,,,,,,,,,,FALSE,FALSE,FALSE,FALSE,FALSE,0,FALSE,FALSE,TRUE,,FALSE
90002545476_J0015,90002545476,49,54,queimada,relevante,TRUE,FALSE,FALSE,FALSE,FALSE,FALSE,FALSE,TRUE,FALSE,FALSE,FALSE,FALSE,FALSE,FALSE,2,relevante,,,,,,,,,,,,,,,,FALSE,FALSE,TRUE,FALSE,FALSE,1,TRUE,TRUE,TRUE,2,FALSE
90002545476_J0016,90002545476,50,472,crise climatica; seca; crise hidrica; eventos extremos; queimada; incendios florestais,relevante,TRUE,TRUE,FALSE,TRUE,TRUE,TRUE,FALSE,TRUE,TRUE,FALSE,FALSE,FALSE,FALSE,FALSE,3,relevante,,,,,,,,,,,,,,,,FALSE,FALSE,TRUE,TRUE,FALSE,2,TRUE,TRUE,TRUE,3,FALSE
90002545476_J0017,90002545476,51,55,enchente; alagament,relevante,TRUE,FALSE,FALSE,FALSE,TRUE,FALSE,FALSE,FALSE,FALSE,FALSE,FALSE,FALSE,FALSE,FALSE,3,relevante,,,,,,,,,,,,,,,,FALSE,FALSE,FALSE,TRUE,FALSE,1,TRUE,TRUE,TRUE,3,FALSE
90002545476_J0018,90002545476,51,82,incendios florestais; queimada,relevante,TRUE,FALSE,FALSE,FALSE,FALSE,FALSE,TRUE,TRUE,FALSE,FALSE,FALSE,FALSE,FALSE,FALSE,1,relevante,FALSE,FALSE,FALSE,TRUE,FALSE,FALSE,FALSE,TRUE,FALSE,FALSE,FALSE,FALSE,FALSE,FALSE,1,FALSE,FALSE,FALSE,FALSE,FALSE,0,TRUE,TRUE,TRUE,1,FALSE
90002545476_J0019,90002545476,51,88,alerta precoce; incendios florestais; incendios,relevante,TRUE,FALSE,FALSE,FALSE,FALSE,FALSE,FALSE,TRUE,FALSE,FALSE,FALSE,FALSE,FALSE,FALSE,3,relevante,TRUE,FALSE,FALSE,FALSE,FALSE,FALSE,FALSE,TRUE,FALSE,FALSE,FALSE,FALSE,FALSE,FALSE,3,FALSE,FALSE,FALSE,TRUE,FALSE,1,TRUE,TRUE,TRUE,3,FALSE
90002545476_J0020,90002545476,52,60,incendios; queimada,relevante,TRUE,FALSE,FALSE,FALSE,FALSE,FALSE,FALSE,TRUE,FALSE,FALSE,FALSE,FALSE,FALSE,FALSE,3,relevante,TRUE,FALSE,FALSE,FALSE,FALSE,FALSE,FALSE,TRUE,FALSE,FALSE,FALSE,FALSE,FALSE,FALSE,2,FALSE,FALSE,FALSE,FALSE,FALSE,0,TRUE,TRUE,TRUE,3,FALSE
90002545476_J0021,90002545476,54,29,calamidade,relevante,FALSE,TRUE,FALSE,FALSE,FALSE,FALSE,FALSE,FALSE,FALSE,FALSE,FALSE,FALSE,FALSE,TRUE,2,relevante,,,,,,,,,,,,,,,,FALSE,FALSE,FALSE,FALSE,FALSE,0,TRUE,TRUE,TRUE,2,FALSE
90002551791_J0001,90002551791,17,45,defesa civil,relevante,FALSE,FALSE,FALSE,FALSE,FALSE,FALSE,FALSE,FALSE,FALSE,FALSE,FALSE,FALSE,FALSE,TRUE,0,relevante,,,,,,,,,,,,,,,,FALSE,FALSE,FALSE,FALSE,TRUE,1,TRUE,TRUE,TRUE,0,FALSE
90002551791_J0002,90002551791,29,59,defesa civil; incendios; enchente; seca,relevante,TRUE,FALSE,FALSE,FALSE,TRUE,FALSE,TRUE,TRUE,FALSE,FALSE,FALSE,FALSE,FALSE,FALSE,2,relevante,TRUE,FALSE,FALSE,FALSE,TRUE,FALSE,TRUE,TRUE,FALSE,FALSE,FALSE,FALSE,FALSE,FALSE,2,FALSE,FALSE,FALSE,FALSE,TRUE,1,TRUE,TRUE,TRUE,2,FALSE
90002551791_J0003,90002551791,39,150,seca; incendios; enchente; calor extremo; area de risco; drenagem,relevante,TRUE,FALSE,FALSE,TRUE,TRUE,FALSE,TRUE,TRUE,TRUE,FALSE,FALSE,FALSE,FALSE,FALSE,2,relevante,,,,,,,,,,,,,,,,FALSE,FALSE,FALSE,FALSE,FALSE,0,TRUE,TRUE,TRUE,2,FALSE
90002551791_J0004,90002551791,40,43,seca; estiagem; alerta; contingencia,relevante,TRUE,FALSE,FALSE,FALSE,FALSE,FALSE,TRUE,FALSE,FALSE,FALSE,FALSE,FALSE,FALSE,FALSE,2,relevante,TRUE,FALSE,FALSE,FALSE,FALSE,FALSE,TRUE,FALSE,FALSE,FALSE,FALSE,FALSE,FALSE,FALSE,3,FALSE,FALSE,FALSE,FALSE,FALSE,0,TRUE,TRUE,TRUE,2,FALSE
90002551791_J0005,90002551791,55,41,defesa civil; contingencia; alerta; mapeamento de risco; incendios; enchente,relevante,TRUE,FALSE,FALSE,FALSE,TRUE,FALSE,TRUE,TRUE,FALSE,FALSE,FALSE,FALSE,FALSE,FALSE,2,relevante,,,,,,,,,,,,,,,,FALSE,FALSE,FALSE,FALSE,TRUE,1,TRUE,TRUE,TRUE,2,FALSE
90002551791_J0006,90002551791,56,63,area de risco; seca; enchente; defesa civil; plano de contingencia,relevante,TRUE,FALSE,FALSE,FALSE,TRUE,FALSE,TRUE,TRUE,TRUE,FALSE,FALSE,FALSE,FALSE,FALSE,2,relevante,,,,,,,,,,,,,,,,FALSE,FALSE,FALSE,FALSE,TRUE,1,TRUE,TRUE,TRUE,2,FALSE
90002553733_J0001,90002553733,5,47,plano de emergencia,nao_relevante,,,,,,,,,,,,,,,,nao_relevante,,,,,,,,,,,,,,,,FALSE,FALSE,FALSE,FALSE,FALSE,0,FALSE,FALSE,TRUE,,FALSE
