janela_id,rel,racio_rel,fase_prevencao_preparacao,fase_resposta,fase_recuperacao,fase_adaptacao,ameaca_hidro,ameaca_movimento_massa,ameaca_seca,ameaca_fogo,ameaca_calor_extremo,ameaca_tempestade,ameaca_costeira,ameaca_barragem_mineracao,ameaca_tecnologico,ameaca_generica,espec,racio_espec
100002534190_J0001,relevante,"O trecho menciona ""emergência climática"", que é uma expressão de risco climático e, portanto, classifica-se como relevante.",FALSE,FALSE,FALSE,FALSE,FALSE,FALSE,FALSE,FALSE,FALSE,FALSE,FALSE,FALSE,FALSE,TRUE,2,Declara compromisso de proteger a natureza e enfrentar emergências climáticas sem detalhar ações específicas.
100002534190_J0002,relevante,"O trecho menciona explicitamente ""adaptação das cidades aos impactos das mudanças climáticas"", que é uma expressão de adaptação climática.",FALSE,FALSE,TRUE,TRUE,FALSE,FALSE,FALSE,FALSE,FALSE,FALSE,FALSE,FALSE,FALSE,FALSE,3,"A frase descreve um programa de recuperação ambiental e adaptação climática, sem metas ou indicadores específicos."
100002534190_J0003,relevante,"O texto menciona eventos extremos como secas, enchentes e queimadas, além de riscos climáticos e a emergência climática.",FALSE,FALSE,FALSE,FALSE,TRUE,FALSE,TRUE,TRUE,TRUE,FALSE,FALSE,FALSE,FALSE,FALSE,1,Apresenta apenas descrições dos impactos climáticos e ambientais sem propor ações ou metas.
100002534190_J0004,relevante,"O trecho menciona explicitamente a prevenção e adaptação às mudanças climáticas, o que se enquadra como ação de mitigação de risco climático.",FALSE,FALSE,FALSE,FALSE,FALSE,FALSE,FALSE,FALSE,FALSE,FALSE,FALSE,FALSE,FALSE,TRUE,1,Descreve quem sofre os efeitos do risco ambiental sem propor solução.
100002534190_J0005,relevante,"O trecho menciona riscos de degradação dos ecossistemas e a emergência climática, indicando preocupação com eventos extremos e vulnerabilidade ambiental.",FALSE,FALSE,FALSE,FALSE,FALSE,FALSE,FALSE,FALSE,FALSE,FALSE,FALSE,FALSE,FALSE,TRUE,2,Declara posição estratégica sem ação concreta.
100002534190_J0006,relevante,"O trecho menciona queimadas e degradação de nascentes, que são eventos extremos naturais e riscos ambientais.",FALSE,FALSE,FALSE,FALSE,FALSE,FALSE,FALSE,TRUE,FALSE,FALSE,FALSE,FALSE,FALSE,FALSE,1,Apresenta problemas de risco e desastre sem propor solução.
100002534190_J0007,clima_geral,O trecho menciona impactos gerais das mudanças climáticas sem referir a eventos extremos ou riscos específicos.,,,,,,,,,,,,,,,,
100002534190_J0008,relevante,"O trecho menciona queimadas, desmatamento e degradação de recursos hídricos, que são eventos extremos ou riscos ambientais.",FALSE,FALSE,FALSE,FALSE,FALSE,FALSE,FALSE,TRUE,FALSE,FALSE,FALSE,FALSE,FALSE,FALSE,1,Descreve problemas ambientais sem propor solução.
100002534190_J0009,relevante,"O texto menciona explicitamente a redução da capacidade de adaptação às mudanças climáticas, o que se enquadra como adaptação climática.",FALSE,FALSE,FALSE,FALSE,FALSE,FALSE,FALSE,FALSE,FALSE,FALSE,FALSE,FALSE,FALSE,TRUE,1,A frase citada descreve problemas de segurança hídrica e adaptação climática sem propor solução.
100002534190_J0010,relevante,"O texto menciona explicitamente rompimento de barragem e deslizamento de rejeitos, eventos extremos que causam danos ambientais e sociais.",FALSE,FALSE,FALSE,FALSE,FALSE,TRUE,FALSE,FALSE,FALSE,FALSE,FALSE,TRUE,FALSE,FALSE,2,"As frases entre »« descrevem incidentes de risco e depois propõem a adoção de medidas preventivas, sem detalhar ações específicas."
100002534190_J0011,clima_geral,"O trecho menciona apenas a emergência climática de forma geral, sem citar eventos extremos ou medidas específicas de adaptação.",,,,,,,,,,,,,,,,
100002534190_J0012,nao_relevante,"O trecho trata apenas de poluição e impactos à saúde, sem mencionar riscos climáticos, desastres naturais ou gestão de risco.",,,,,,,,,,,,,,,,
100002534190_J0013,relevante,"O trecho menciona explicitamente riscos de alagamentos e enchentes, além de impactos ambientais que podem causar desastres naturais.",FALSE,FALSE,FALSE,FALSE,TRUE,FALSE,FALSE,FALSE,FALSE,FALSE,FALSE,FALSE,FALSE,FALSE,1,Apresenta apenas a descrição dos impactos e riscos sem propor ações.
100002534190_J0014,relevante,"A menção explícita a ""queimadas"" indica um evento extremo natural, tornando o trecho relevante.",TRUE,FALSE,FALSE,FALSE,FALSE,FALSE,FALSE,TRUE,FALSE,FALSE,FALSE,FALSE,FALSE,FALSE,0,Apenas cita temas ambientais sem detalhar problemas ou ações.
100002534190_J0015,relevante,"O trecho menciona desastres ambientais e efeitos das mudanças climáticas, atendendo aos critérios de risco/clima.",TRUE,FALSE,FALSE,FALSE,FALSE,FALSE,FALSE,TRUE,FALSE,FALSE,FALSE,FALSE,FALSE,FALSE,3,Define a ação de estruturar uma rede estadual de vigilância ambiental.
100002534190_J0016,relevante,"O texto menciona explicitamente a ""emergência climática"" e a proteção de recursos hídricos e ecossistemas, indicando foco em riscos climáticos.",TRUE,FALSE,FALSE,FALSE,FALSE,FALSE,FALSE,FALSE,FALSE,FALSE,FALSE,FALSE,FALSE,TRUE,2,"Declara compromisso de enfrentar a emergência climática e proteger recursos naturais, sem especificar ações concretas."
100002534190_J0017,relevante,"O trecho menciona explicitamente prevenção de enchentes, queimadas, contenção de áreas de risco, Defesa Civil e sistemas de monitoramento/alerta para eventos climáticos extremos.",TRUE,FALSE,FALSE,TRUE,TRUE,FALSE,FALSE,TRUE,FALSE,FALSE,FALSE,FALSE,FALSE,FALSE,3,"Apresenta ações concretas de prevenção e monitoramento, sem metas ou indicadores específicos."
100002534190_J0018,relevante,"O trecho menciona explicitamente o combate a queimadas, que são eventos extremos naturais.",TRUE,FALSE,FALSE,FALSE,FALSE,FALSE,FALSE,TRUE,FALSE,FALSE,FALSE,FALSE,FALSE,FALSE,3,Ação concreta de prevenção e combate a queimadas.
100002534190_J0019,relevante,"O texto menciona ""famílias vivendo em áreas de risco"", o que indica vulnerabilidade a eventos naturais, qualificando-o como relevante.",FALSE,FALSE,FALSE,FALSE,FALSE,FALSE,FALSE,FALSE,FALSE,FALSE,FALSE,FALSE,FALSE,FALSE,1,Descreve famílias vivendo em áreas de risco sem propor solução.
100002534190_J0020,relevante,O trecho menciona explicitamente enchentes e desastres.,FALSE,FALSE,TRUE,FALSE,TRUE,FALSE,FALSE,FALSE,FALSE,FALSE,FALSE,FALSE,FALSE,FALSE,1,"Apresenta apenas o problema de famílias afetadas por desastres, sem propor solução."
100002534190_J0021,relevante,"O trecho menciona apoio a programas de distribuição emergencial de alimentos em situações de calamidade, indicando preocupação com eventos extremos e riscos.",FALSE,TRUE,FALSE,FALSE,FALSE,FALSE,FALSE,FALSE,FALSE,FALSE,FALSE,FALSE,FALSE,FALSE,2,"Propõe apoiar programas de distribuição emergencial em calamidades, sem detalhar ação específica."
100002542556_J0001,relevante,"O trecho menciona adaptação às secas e enchentes, que são eventos extremos naturais.",TRUE,FALSE,FALSE,TRUE,TRUE,FALSE,TRUE,FALSE,FALSE,FALSE,FALSE,FALSE,FALSE,FALSE,2,Menciona a adaptação às secas e enchentes como prioridade sem detalhar ações concretas.
100002542556_J0002,relevante,"O trecho menciona explicitamente secas e enchentes, eventos extremos que constituem risco climático.",FALSE,FALSE,FALSE,FALSE,TRUE,FALSE,TRUE,FALSE,FALSE,FALSE,FALSE,FALSE,FALSE,FALSE,1,Descreve a ocorrência de secas e enchentes no Maranhão sem propor solução.
100002543869_J0002,relevante,"O trecho menciona Defesa Civil e Bombeiro Militar, indicando foco em riscos e emergências.",TRUE,FALSE,FALSE,FALSE,FALSE,FALSE,FALSE,FALSE,FALSE,FALSE,FALSE,FALSE,FALSE,FALSE,3,Aumentar efetivo das forças de segurança pública é uma ação concreta sobre risco e desastre.
100002543869_J0003,nao_relevante,"O trecho descreve a criação de núcleos de medicina legal, sem mencionar riscos naturais, desastres ou agenda climática.",,,,,,,,,,,,,,,,
100002543869_J0004,relevante,"O trecho menciona explicitamente a Defesa Civil, estados de calamidade, protocolos de desastre e identificação de vítimas.",TRUE,FALSE,FALSE,FALSE,FALSE,FALSE,FALSE,FALSE,FALSE,FALSE,FALSE,FALSE,FALSE,TRUE,3,Ação concreta de implantar sistemas municipais de defesa civil e capacitar em protocolos.
100002543869_J0005,relevante,O trecho menciona explicitamente prevenção de desastres climáticos (enchentes) e envolve Defesa Civil.,TRUE,FALSE,FALSE,FALSE,TRUE,FALSE,FALSE,FALSE,FALSE,FALSE,FALSE,FALSE,FALSE,FALSE,2,Propõe compromisso geral de prevenção sem ação específica identificável.
100002543869_J0006,relevante,O trecho menciona monitoramento preventivo de desastres naturais e atuação imediata com a Defesa Civil.,TRUE,TRUE,FALSE,FALSE,FALSE,FALSE,FALSE,FALSE,FALSE,FALSE,FALSE,FALSE,FALSE,TRUE,3,Propõe estruturar a inteligência da Vigilância Ambiental para monitorar e responder a desastres naturais.
100002543869_J0007,relevante,"O texto menciona explicitamente a elaboração do Plano Estadual de Emergência Climática, que é uma ação concreta relacionada à gestão de riscos climáticos.",TRUE,FALSE,FALSE,FALSE,FALSE,FALSE,FALSE,FALSE,FALSE,FALSE,FALSE,FALSE,FALSE,TRUE,3,"A frase descreve a criação de um plano estadual de emergência climática, que é uma ação concreta sobre risco e desastre."
100002544073_J0001,nao_relevante,"O trecho não menciona riscos, desastres ou agenda climática.",,,,,,,,,,,,,,,,
100002544076_J0001,relevante,"O trecho menciona drenagem, adaptação climática e integração com a Defesa Civil.",TRUE,FALSE,FALSE,FALSE,FALSE,FALSE,FALSE,FALSE,FALSE,FALSE,FALSE,FALSE,FALSE,TRUE,3,Apresenta ações concretas de drenagem e integração com a Defesa Civil.
100002544076_J0002,relevante,"O trecho menciona prevenção de alagamentos, erosões e alerta integrado à Defesa Civil.",TRUE,FALSE,FALSE,FALSE,TRUE,FALSE,FALSE,FALSE,FALSE,FALSE,FALSE,FALSE,FALSE,FALSE,2,"Define prioridade e diretrizes de prevenção, sem ação concreta identificável."
100002544076_J0003,relevante,"O trecho menciona a prevenção de alagamentos, um evento extremo natural.",TRUE,FALSE,FALSE,FALSE,TRUE,FALSE,FALSE,FALSE,FALSE,FALSE,FALSE,FALSE,FALSE,FALSE,2,"Propõe diretrizes de prevenção e projetos, sem ação específica ou metas."
100002544076_J0004,relevante,"O trecho menciona sistemas de alerta integrados à Defesa Civil e soluções baseadas na natureza para retenção e recuperação de áreas, indicando medidas explícitas de adaptação a riscos climáticos.",TRUE,FALSE,FALSE,FALSE,TRUE,FALSE,FALSE,FALSE,FALSE,FALSE,FALSE,FALSE,FALSE,FALSE,3,"Propõe criar sistemas de alerta integrados à Defesa Civil, uma ação concreta sobre risco e desastre."
100002544076_J0005,nao_relevante,"O trecho trata apenas de políticas ambientais gerais e fiscalização, sem mencionar riscos, desastres ou eventos extremos.",,,,,,,,,,,,,,,,
100002544076_J0006,relevante,"O trecho menciona explicitamente ""risks climáticos"", indicando preocupação com riscos climáticos.",FALSE,FALSE,FALSE,FALSE,FALSE,FALSE,FALSE,FALSE,FALSE,FALSE,FALSE,FALSE,FALSE,TRUE,1,Descreve a fragmentação da resposta a riscos climáticos sem propor solução.
100002544076_J0007,relevante,"O trecho menciona explicitamente mapas de risco, planos de adaptação e sistemas de alerta para riscos climáticos.",TRUE,FALSE,FALSE,TRUE,FALSE,FALSE,FALSE,FALSE,FALSE,FALSE,FALSE,FALSE,FALSE,TRUE,2,Propõe integrar monitoramento e resposta a riscos climáticos.
100002544076_J0008,relevante,"O trecho menciona ""queimadas"", que é um evento extremo natural listado como critério de relevância.",FALSE,FALSE,FALSE,FALSE,FALSE,FALSE,FALSE,TRUE,FALSE,FALSE,FALSE,FALSE,FALSE,FALSE,3,"Cria um painel público com multas aplicadas e cobradas, ação concreta de monitoramento."
100002544076_J0009,relevante,O trecho menciona explicitamente gestão de risco climático e adaptação climática.,TRUE,FALSE,FALSE,FALSE,FALSE,FALSE,FALSE,FALSE,FALSE,FALSE,FALSE,FALSE,FALSE,TRUE,2,A frase indica um compromisso de gestão de risco climático sem detalhar ações específicas.
100002544076_J0010,relevante,"Menciona gestão de riscos integrada ao monitoramento climático, indicando foco em risco e desastre.",TRUE,FALSE,FALSE,FALSE,FALSE,FALSE,FALSE,FALSE,FALSE,FALSE,FALSE,FALSE,FALSE,TRUE,3,"A frase descreve a criação de uma Central de Gestão de Riscos integrada ao monitoramento climático, que é uma ação concreta sobre risco e desastre."
100002544076_J0011,nao_relevante,"O trecho trata apenas de prevenção social à violência e urbanismo, sem menção a riscos naturais ou climáticos.",,,,,,,,,,,,,,,,
100002544076_J0012,relevante,"Menciona defesa civil, bombeiros e resposta a emergências, indicando gestão de riscos e desastres.",TRUE,TRUE,FALSE,FALSE,FALSE,FALSE,FALSE,FALSE,FALSE,FALSE,FALSE,FALSE,FALSE,TRUE,3,"Ação concreta de ampliar bombeiros, usar defesa civil preventiva e drones para busca e salvamento."
100002544076_J0013,nao_relevante,"O trecho trata apenas de políticas educacionais e não menciona riscos naturais, desastres ou eventos climáticos.",,,,,,,,,,,,,,,,
100002544076_J0014,clima_geral,"O trecho menciona ""mudanças climáticas"" e temas ambientais gerais sem referir a eventos extremos, riscos ou adaptações específicas.",,,,,,,,,,,,,,,,
100002545679_J0001,clima_geral,O trecho menciona a revisão do Plano Estadual de Mudanças Climáticas sem referir eventos extremos ou riscos específicos.,,,,,,,,,,,,,,,,
100002552700_J0001,nao_relevante,O trecho trata apenas de saúde pública e não menciona riscos naturais ou eventos extremos.,,,,,,,,,,,,,,,,
10002532492_J0001,relevante,"O texto menciona explicitamente prevenção de inundações e intervenções em áreas de risco, caracterizando gestão de riscos climáticos.",TRUE,FALSE,FALSE,TRUE,TRUE,FALSE,FALSE,FALSE,FALSE,FALSE,FALSE,FALSE,FALSE,FALSE,3,Apresenta ações concretas de prevenção e adaptação a inundações.
10002532492_J0002,relevante,"O trecho menciona prevenção de alagamentos, desastres e adaptação às mudanças climáticas.",TRUE,FALSE,FALSE,TRUE,TRUE,FALSE,FALSE,FALSE,FALSE,FALSE,FALSE,FALSE,FALSE,FALSE,3,"Apresenta programas e obras concretos para prevenir alagamentos e desastres, sem metas ou indicadores."
10002532492_J0003,relevante,"O trecho menciona prevenção de alagamentos, um risco extremo natural.",TRUE,FALSE,FALSE,FALSE,TRUE,FALSE,FALSE,FALSE,FALSE,FALSE,FALSE,FALSE,FALSE,FALSE,3,A frase descreve uma ação concreta de prevenção de alagamentos.
10002532492_J0004,relevante,"O trecho menciona ""áreas de risco"", indicando vulnerabilidade a eventos naturais.",TRUE,FALSE,FALSE,FALSE,FALSE,FALSE,FALSE,FALSE,FALSE,FALSE,FALSE,FALSE,FALSE,TRUE,3,Ação concreta: reassentamento de famílias em áreas de risco.
10002532492_J0005,relevante,Menciona áreas de risco inundáveis e adaptações climáticas explícitas.,TRUE,FALSE,FALSE,TRUE,TRUE,FALSE,FALSE,FALSE,FALSE,FALSE,FALSE,FALSE,FALSE,FALSE,3,A frase descreve a ação de reassentar famílias em áreas de risco.
10002532492_J0006,nao_relevante,"O trecho menciona apenas melhorias gerais de infraestrutura e saúde, sem referência a riscos naturais, desastres ou políticas climáticas.",,,,,,,,,,,,,,,,
10002532492_J0007,relevante,O trecho menciona explicitamente cheias e secas como eventos extremos que isolam comunidades.,FALSE,FALSE,FALSE,FALSE,TRUE,FALSE,TRUE,FALSE,FALSE,FALSE,FALSE,FALSE,FALSE,FALSE,1,"A frase descreve o problema de risco (cheias, secas) sem propor solução."
10002532492_J0008,relevante,"O trecho menciona explicitamente eventos extremos (secas, enchentes, queimadas) e a necessidade de resposta rápida.",FALSE,TRUE,FALSE,FALSE,TRUE,FALSE,TRUE,TRUE,FALSE,FALSE,FALSE,FALSE,FALSE,FALSE,2,"Declara necessidade de resposta rápida a emergências climáticas, sem ação específica."
10002532492_J0009,relevante,"O texto menciona explicitamente secas, enchentes e queimadas como eventos extremos e descreve planos de contingência e benefícios para desastres naturais.",FALSE,TRUE,FALSE,FALSE,TRUE,FALSE,TRUE,TRUE,FALSE,FALSE,FALSE,FALSE,FALSE,FALSE,3,Ações concretas de prevenção e assistência a desastres são propostas.
10002532492_J0010,relevante,"O trecho menciona explicitamente áreas de risco e vítimas de desastres, indicando foco em riscos e desastres.",TRUE,FALSE,FALSE,FALSE,FALSE,FALSE,FALSE,FALSE,FALSE,FALSE,FALSE,FALSE,FALSE,TRUE,3,A frase descreve a implantação concreta do Projeto Moradia Segura para famílias em áreas de risco ou vítimas de desastres.
10002532492_J0011,relevante,"O trecho menciona explicitamente secas, enchentes e desastres, além de uma resposta rápida a famílias atingidas.",FALSE,TRUE,FALSE,FALSE,TRUE,FALSE,TRUE,FALSE,FALSE,FALSE,FALSE,FALSE,FALSE,FALSE,3,"Descreve uma ação de resposta a famílias atingidas por secas, enchentes e desastres."
10002532492_J0012,relevante,"O trecho menciona Defesa Civil, Plano Estadual de Resposta a Desastres, brigadas de incêndio florestal e alertas para cheias e estiagens.",TRUE,TRUE,FALSE,FALSE,TRUE,FALSE,TRUE,TRUE,FALSE,FALSE,FALSE,FALSE,FALSE,FALSE,3,Ações concretas de prevenção e resposta a desastres são descritas.
10002532492_J0013,relevante,"O trecho menciona resposta rápida a queimadas, cheias e estiagens, que são eventos extremos naturais.",FALSE,TRUE,FALSE,FALSE,TRUE,FALSE,TRUE,TRUE,FALSE,FALSE,FALSE,FALSE,FALSE,FALSE,2,"Declara um compromisso de resposta mais rápida a queimadas, cheias e estiagens sem detalhar ações específicas."
10002533539_J0001,relevante,"O texto menciona explicitamente o Plano Antienchente, que trata de prevenção e gestão de risco de enchentes.",TRUE,FALSE,FALSE,FALSE,TRUE,FALSE,FALSE,FALSE,FALSE,FALSE,FALSE,FALSE,FALSE,FALSE,2,"Apresenta o Plano Antienchente como compromisso, sem detalhar ações específicas."
10002533539_J0002,relevante,"O trecho menciona explicitamente um ""Plano Antienchente do Rio Acre"", indicando ação de prevenção e gestão de risco de enchentes.",TRUE,FALSE,FALSE,FALSE,TRUE,FALSE,FALSE,FALSE,FALSE,FALSE,FALSE,FALSE,FALSE,FALSE,3,Apresenta um plano concreto de prevenção de enchentes.
10002533539_J0003,relevante,"O trecho menciona explicitamente um plano antienchente com medidas de controle hídrico e infraestrutura para prevenir enchentes, atendendo ao critério de risco climático.",TRUE,FALSE,FALSE,FALSE,TRUE,FALSE,FALSE,FALSE,FALSE,FALSE,FALSE,FALSE,FALSE,FALSE,2,Declara objetivo de resolver enchentes sem detalhar ação específica.
10002533539_J0004,nao_relevante,"O texto trata apenas de educação e inclusão social, sem menção a riscos, desastres ou agenda climática.",,,,,,,,,,,,,,,,
10002544015_J0001,nao_relevante,"O trecho não menciona eventos extremos, riscos naturais ou adaptações climáticas.",,,,,,,,,,,,,,,,
10002544015_J0002,nao_relevante,"O trecho menciona a Defesa Civil apenas como parte de integração institucional, sem referência a riscos, desastres ou eventos climáticos.",,,,,,,,,,,,,,,,
10002544015_J0003,relevante,O trecho menciona explicitamente um protocolo de resposta rápida a desastres climáticos em coordenação com a Defesa Civil.,TRUE,TRUE,FALSE,FALSE,FALSE,FALSE,FALSE,FALSE,FALSE,FALSE,FALSE,FALSE,FALSE,TRUE,3,Proposta de estabelecer um protocolo integrado de resposta rápida a desastres climáticos.
10002544015_J0004,clima_geral,"O trecho menciona apenas resiliência climática de forma geral, sem citar eventos extremos ou medidas específicas de risco.",,,,,,,,,,,,,,,,
10002544107_J0001,relevante,"O trecho menciona explicitamente enchentes, secas, queimadas e outros eventos extremos como impactos sociais.",FALSE,TRUE,FALSE,FALSE,TRUE,FALSE,TRUE,TRUE,FALSE,FALSE,FALSE,FALSE,FALSE,FALSE,1,A frase descreve impactos de eventos climáticos sem propor solução.
10002544107_J0002,relevante,O trecho menciona defesa civil e a capacidade de resposta do Estado diante de eventos climáticos.,TRUE,FALSE,FALSE,FALSE,FALSE,FALSE,FALSE,FALSE,FALSE,FALSE,FALSE,FALSE,FALSE,TRUE,2,"Propõe integrar a defesa civil em uma estratégia coordenada, sem descrever ação específica."
10002544107_J0003,relevante,"O trecho menciona explicitamente a Defesa Civil, gestão de riscos e resposta a enchentes, secas, queimadas e outros eventos climáticos extremos.",TRUE,FALSE,FALSE,FALSE,TRUE,FALSE,TRUE,TRUE,FALSE,FALSE,FALSE,FALSE,FALSE,FALSE,3,"Ação concreta de fortalecer a Defesa Civil e ampliar sistemas de monitoramento, alerta e resposta a eventos climáticos extremos."
10002544107_J0004,relevante,"O trecho menciona explicitamente a Defesa Civil e sua atuação na prevenção, preparação e resposta a desastres naturais.",TRUE,TRUE,FALSE,FALSE,FALSE,FALSE,FALSE,FALSE,FALSE,FALSE,FALSE,FALSE,FALSE,TRUE,3,"A frase descreve a ação de fortalecer prevenção, preparação e resposta a desastres naturais."
10002544107_J0005,relevante,"O trecho menciona explicitamente ""eventos climáticos"" e ""situações de emergência"", qualificando-o como relevante.",TRUE,FALSE,FALSE,FALSE,FALSE,FALSE,FALSE,FALSE,FALSE,FALSE,FALSE,FALSE,FALSE,TRUE,3,"A frase indica uma ação de preparação do Estado para responder a eventos climáticos e emergências, sem detalhar instrumento ou metas específicas."
10002544107_J0006,relevante,"O trecho menciona explicitamente enchentes, secas e queimadas, além de uma Defesa Civil fortalecida.",TRUE,FALSE,FALSE,FALSE,TRUE,FALSE,TRUE,TRUE,FALSE,FALSE,FALSE,FALSE,FALSE,FALSE,2,"A frase indica um compromisso de preparar comunidades para eventos extremos, sem detalhar ações específicas."
10002544107_J0007,nao_relevante,"O trecho trata apenas de serviços sociais e não menciona riscos, desastres ou agenda climática.",,,,,,,,,,,,,,,,
10002544107_J0008,relevante,"O texto menciona explicitamente eventos climáticos extremos, emergências e calamidades públicas.",FALSE,TRUE,FALSE,FALSE,FALSE,FALSE,FALSE,FALSE,FALSE,FALSE,FALSE,FALSE,FALSE,TRUE,3,"Ações concretas de criar e apoiar programas para populações afetadas por eventos climáticos extremos, bem como fomentar a cadeia alimentar para garantir distribuição contínua em emergências."
10002544107_J0009,relevante,"O trecho menciona explicitamente desastres naturais, riscos climáticos e ações de Defesa Civil.",TRUE,TRUE,FALSE,FALSE,TRUE,FALSE,TRUE,TRUE,FALSE,FALSE,FALSE,FALSE,FALSE,FALSE,3,"O trecho descreve ações concretas de apoio logístico, programas e capacitação voltados a prevenção, monitoramento e resposta a desastres naturais."
10002544107_J0010,clima_geral,O trecho menciona mudanças climáticas de forma geral sem citar eventos extremos ou medidas específicas de risco.,,,,,,,,,,,,,,,,
10002544107_J0011,clima_geral,O trecho menciona apenas a adaptação geral às mudanças climáticas sem citar eventos extremos ou riscos específicos.,,,,,,,,,,,,,,,,
10002544107_J0012,relevante,"O trecho menciona cidades preparadas para os desastres das mudanças climáticas, indicando risco e adaptação.",TRUE,FALSE,FALSE,TRUE,FALSE,FALSE,FALSE,FALSE,FALSE,FALSE,FALSE,FALSE,FALSE,TRUE,2,Proposta de compromisso geral para apoiar municípios na construção de cidades resilientes frente a desastres climáticos.
10002544107_J0013,relevante,"O trecho menciona explicitamente ""adaptação climática"", que é uma ação de mitigação e resposta a riscos climáticos.",TRUE,FALSE,FALSE,TRUE,FALSE,FALSE,FALSE,FALSE,FALSE,FALSE,FALSE,FALSE,FALSE,FALSE,2,"Declara compromisso de incluir adaptação climática nas obras públicas, sem detalhar ação específica."
10002544107_J0014,clima_geral,"O trecho menciona apenas a mudança climática de forma geral, sem citar eventos extremos ou medidas específicas de risco.",,,,,,,,,,,,,,,,
10002544107_J0015,relevante,"O trecho menciona a implantação de infraestrutura de proteção e estabilização das margens com soluções de drenagem, indicando ações de adaptação climática para reduzir vulnerabilidade a eventos extremos como enchentes.",TRUE,FALSE,FALSE,FALSE,FALSE,FALSE,FALSE,FALSE,FALSE,FALSE,TRUE,FALSE,FALSE,FALSE,2,"Apresenta apenas o título de um programa de resiliência climática, sem detalhar ações concretas."
10002544107_J0016,relevante,"O trecho menciona explicitamente ações de adaptação às mudanças climáticas, o que entra na definição de relevante.",FALSE,FALSE,FALSE,TRUE,FALSE,FALSE,FALSE,FALSE,FALSE,FALSE,FALSE,FALSE,FALSE,FALSE,3,Ação concreta de construir viveiros para adaptação climática.
10002544107_J0017,relevante,O trecho menciona explicitamente a adaptação climática na construção de infraestrutura pública.,FALSE,FALSE,FALSE,TRUE,FALSE,FALSE,FALSE,FALSE,FALSE,FALSE,FALSE,FALSE,FALSE,TRUE,3,"Desenvolve metodologia, normativos e protocolos para construção pública adaptada às mudanças climáticas."
10002544107_J0018,clima_geral,"O trecho menciona apenas a necessidade de enfrentar os impactos gerais das mudanças climáticas e aumentar a resiliência urbana, sem citar eventos extremos ou riscos específicos.",,,,,,,,,,,,,,,,
10002544107_J0019,clima_geral,Menciona a preparação geral para as mudanças climáticas sem citar eventos extremos ou medidas específicas.,,,,,,,,,,,,,,,,
10002544107_J0020,clima_geral,"O trecho menciona apenas a adaptação às mudanças climáticas de forma geral, sem citar eventos extremos, riscos ou medidas concretas.",,,,,,,,,,,,,,,,
10002544107_J0021,relevante,"O trecho menciona ""residentes em áreas de risco"", o que indica preocupação com vulnerabilidade a eventos extremos naturais.",TRUE,FALSE,FALSE,FALSE,FALSE,FALSE,FALSE,FALSE,FALSE,FALSE,FALSE,FALSE,FALSE,TRUE,2,"Define prioridade de famílias em áreas de risco, sem detalhar ação específica."
10002544107_J0022,relevante,"O trecho menciona enchentes, planos de adaptação e redução de riscos em áreas vulneráveis.",TRUE,FALSE,FALSE,TRUE,TRUE,FALSE,FALSE,FALSE,FALSE,FALSE,FALSE,FALSE,FALSE,FALSE,3,"A frase descreve um programa concreto de resiliência urbana, com ações específicas para reduzir riscos de enchentes."
10002544107_J0023,relevante,"O trecho menciona explicitamente ""adaptação às mudanças climáticas"", o que entra na categoria de risco climático e adaptação.",FALSE,FALSE,FALSE,FALSE,FALSE,FALSE,FALSE,FALSE,FALSE,FALSE,FALSE,FALSE,FALSE,TRUE,0,"A frase apenas menciona o tema de adaptação às mudanças climáticas sem indicar diagnóstico, diretriz específica ou ação concreta."
10002544107_J0024,relevante,"O trecho menciona explicitamente enchentes, secas, queimadas e outros eventos extremos que representam riscos climáticos.",TRUE,FALSE,FALSE,TRUE,TRUE,FALSE,TRUE,TRUE,FALSE,FALSE,FALSE,FALSE,FALSE,FALSE,1,"Descreve problemas de enchentes, secas e queimadas sem propor solução."
10002544107_J0025,clima_geral,"O trecho menciona adaptação climática e transição energética de forma geral, sem referir a eventos extremos ou riscos específicos.",,,,,,,,,,,,,,,,
10002544107_J0026,relevante,Menciona explicitamente a ampliação das ações de prevenção e adaptação às mudanças climáticas.,TRUE,FALSE,FALSE,TRUE,FALSE,FALSE,FALSE,FALSE,FALSE,FALSE,FALSE,FALSE,FALSE,FALSE,2,"Declara compromisso de ampliar ações de prevenção e adaptação, sem detalhar medidas específicas."
10002544107_J0027,relevante,"O trecho menciona explicitamente enchentes, secas, queimadas e outros eventos climáticos extremos, indicando preparação e resposta a riscos.",TRUE,FALSE,FALSE,FALSE,TRUE,FALSE,TRUE,TRUE,FALSE,FALSE,FALSE,FALSE,FALSE,FALSE,2,Declara compromisso geral de preparação sem ação específica.
10002544107_J0028,relevante,"O trecho menciona o combate a queimadas, que são eventos extremos naturais.",TRUE,FALSE,FALSE,FALSE,FALSE,FALSE,FALSE,TRUE,FALSE,FALSE,FALSE,FALSE,FALSE,FALSE,3,A frase descreve ações concretas de monitoramento e combate a desmatamento e queimadas.
10002544107_J0029,relevante,"O trecho menciona a Defesa Civil e queimadas, indicando risco de desastre natural.",TRUE,FALSE,FALSE,FALSE,FALSE,FALSE,FALSE,TRUE,FALSE,FALSE,FALSE,FALSE,FALSE,FALSE,3,Define a ação de estruturar um sistema integrado de monitoramento para desmatamento e queimadas ilegais.
10002544107_J0030,relevante,"O texto menciona explicitamente a elaboração de um plano de prevenção e resposta a eventos climáticos extremos, o que se enquadra na definição de risco climático.",TRUE,FALSE,FALSE,FALSE,FALSE,FALSE,FALSE,FALSE,FALSE,FALSE,FALSE,FALSE,FALSE,TRUE,3,"Propõe elaborar um plano de prevenção e resposta, que é uma ação concreta sobre risco."
10002544107_J0031,clima_geral,"O trecho menciona apenas a mudança climática de forma geral, sem citar eventos extremos ou medidas específicas de adaptação.",,,,,,,,,,,,,,,,
10002550719_J0001,clima_geral,"O trecho menciona apenas a preparação geral para as mudanças climáticas, sem citar eventos extremos, riscos ou medidas de adaptação específicas.",,,,,,,,,,,,,,,,
10002550719_J0002,nao_relevante,"A frase menciona apenas gestão de riscos em geral, sem referência a eventos naturais ou climáticos.",,,,,,,,,,,,,,,,
10002550719_J0003,nao_relevante,"Não há menção a riscos naturais, desastres ou agenda climática.",,,,,,,,,,,,,,,,
10002550719_J0004,relevante,"O texto menciona ""resiliência climática"" e a atuação coordenada da Defesa Civil, indicando preocupação com riscos climáticos e eventos extremos.",FALSE,FALSE,FALSE,FALSE,FALSE,FALSE,FALSE,FALSE,FALSE,FALSE,FALSE,FALSE,FALSE,FALSE,2,"Apresenta diretrizes de planejamento e coordenação com foco em resiliência climática e áreas vulneráveis, sem ações concretas ou metas."
10002550719_J0005,clima_geral,"Apenas menciona ""adequação às mudanças climáticas"" sem citar eventos extremos ou riscos específicos.",,,,,,,,,,,,,,,,
10002550719_J0006,relevante,"Menciona explicitamente enchentes, secas, calor, fumaça, incêndios e outros riscos climáticos.",TRUE,FALSE,FALSE,FALSE,TRUE,FALSE,TRUE,TRUE,TRUE,FALSE,FALSE,FALSE,FALSE,FALSE,2,"A frase indica um compromisso de preparar políticas, serviços e investimentos para riscos climáticos, sem detalhar ações concretas."
10002550719_J0007,relevante,O trecho menciona explicitamente riscos ambientais e mudanças climáticas.,FALSE,FALSE,FALSE,FALSE,FALSE,FALSE,FALSE,FALSE,FALSE,FALSE,FALSE,FALSE,FALSE,TRUE,2,Aponta compromisso de enfrentar riscos sem detalhar ação específica.
10002550719_J0008,relevante,"O trecho menciona Defesa Civil, eventos climáticos e preparação de saúde para emergências, atendendo ao critério de risco/clima.",TRUE,FALSE,FALSE,FALSE,FALSE,FALSE,FALSE,FALSE,FALSE,FALSE,FALSE,FALSE,FALSE,TRUE,3,A frase descreve ações concretas de preparação e integração para responder a epidemias e eventos climáticos.
10002550719_J0009,relevante,"Menciona riscos climáticos e ambientais na adequação de unidades de saúde, atendendo à regra de relevância.",TRUE,FALSE,FALSE,FALSE,FALSE,FALSE,FALSE,FALSE,FALSE,FALSE,FALSE,FALSE,FALSE,TRUE,3,A frase descreve uma ação concreta de adequar unidades de saúde e serviços relacionados aos riscos climáticos e ambientais.
10002550719_J0010,nao_relevante,"O trecho trata apenas de saúde pública e planejamento sanitário, sem menção a riscos naturais, desastres ou agenda climática.",,,,,,,,,,,,,,,,
10002550719_J0011,relevante,"O trecho menciona explicitamente ""enfrentar riscos climáticos"", atendendo ao critério de relevância.",FALSE,FALSE,FALSE,FALSE,FALSE,FALSE,FALSE,FALSE,FALSE,FALSE,FALSE,FALSE,FALSE,TRUE,2,"A frase indica um compromisso geral de preservar a floresta e enfrentar riscos climáticos, sem detalhar ações específicas."
10002550719_J0012,relevante,"O texto menciona explicitamente enchentes, secas e calor como eventos climáticos de risco.",TRUE,FALSE,FALSE,TRUE,TRUE,FALSE,TRUE,FALSE,TRUE,FALSE,FALSE,FALSE,FALSE,FALSE,3,Propõe ações concretas de construção e apoio a intervenções urbanas resilientes a riscos climáticos.
10002550719_J0013,relevante,"O trecho menciona explicitamente prevenção de desastres e Defesa Civil, indicando foco em riscos naturais.",TRUE,FALSE,FALSE,FALSE,FALSE,FALSE,FALSE,FALSE,FALSE,FALSE,FALSE,FALSE,FALSE,TRUE,2,"Declara compromisso de integrar infraestrutura urbana, prevenção de desastres e Defesa Civil sem detalhar ação específica."
10002550719_J0014,nao_relevante,"O trecho menciona apenas a modernização de órgãos como Corpo de Bombeiros e Defesa Civil, sem referir riscos, desastres ou ações climáticas.",,,,,,,,,,,,,,,,
10002550719_J0015,relevante,"O trecho menciona explicitamente Defesa Civil, emergências e respostas a enchentes, secas, calor, fumaça, incêndios e outros desastres.",TRUE,TRUE,FALSE,FALSE,TRUE,FALSE,TRUE,TRUE,TRUE,FALSE,FALSE,FALSE,FALSE,FALSE,3,"Propõe fortalecer órgãos e sistemas de resposta a desastres, sem metas ou detalhes específicos."
10002550719_J0016,relevante,"O texto menciona atualizar o plano estadual de prevenção e resposta a desastres e riscos climáticos, que é uma ação explícita relacionada a risco e desastre.",TRUE,FALSE,FALSE,FALSE,FALSE,FALSE,FALSE,FALSE,FALSE,FALSE,FALSE,FALSE,FALSE,TRUE,3,"A frase descreve a ação de atualizar o plano estadual, que é uma medida concreta sobre risco e desastre."
110002543953_J0001,relevante,"O trecho menciona ""restrições severes de calado em períodos de estiagem"", indicando risco climático (drought) que afeta hidrovias.",FALSE,FALSE,FALSE,FALSE,FALSE,FALSE,TRUE,FALSE,FALSE,FALSE,FALSE,FALSE,FALSE,FALSE,1,Descreve gargalos operacionais nas hidrovias sem propor solução.
110002543953_J0002,nao_relevante,"O texto trata apenas de segurança pública e fiscalização, sem mencionar riscos climáticos ou desastres.",,,,,,,,,,,,,,,,
110002551480_J0001,nao_relevante,"O trecho menciona apenas a redução de desmatamento e alertas do DETER, sem referência explícita a riscos climáticos, eventos extremos ou ações de Defesa Civil em situações de desastre.",,,,,,,,,,,,,,,,
110002551480_J0002,relevante,"O trecho menciona incêndios florestais e ações concretas de prevenção e combate, caracterizando risco climático e desastre.",TRUE,FALSE,FALSE,FALSE,FALSE,FALSE,FALSE,TRUE,FALSE,FALSE,FALSE,FALSE,FALSE,FALSE,3,O trecho descreve ações concretas de prevenção e combate a incêndios florestais.
110002551480_J0003,nao_relevante,"O texto trata apenas de apoio a PMEs e inovação administrativa, sem menção a riscos ou eventos climáticos.",,,,,,,,,,,,,,,,
110002551737_J0003,relevante,"O texto menciona Defesa Civil e resposta a emergências, indicando gestão de riscos ambientais.",TRUE,FALSE,FALSE,FALSE,FALSE,FALSE,FALSE,FALSE,FALSE,FALSE,FALSE,FALSE,FALSE,TRUE,2,"Apresenta compromisso geral sobre proteção, defesa civil e resposta a emergências sem detalhar ações específicas."
110002551737_J0004,nao_relevante,"O trecho trata apenas de violência doméstica e gestão de risco social, sem menção a eventos naturais ou climáticos.",,,,,,,,,,,,,,,,
110002551737_J0005,relevante,O trecho menciona explicitamente períodos de estiagem e eventos climáticos extremos.,TRUE,FALSE,FALSE,FALSE,FALSE,FALSE,TRUE,FALSE,FALSE,FALSE,FALSE,FALSE,FALSE,FALSE,2,"Aponta diretrizes de apoio e fortalecimento, sem ação concreta ou metas."
110002551737_J0006,relevante,"O trecho menciona explicitamente incêndios, desastres naturais, riscos ambientais, Defesa Civil e planos de prevenção e resposta a secas, enchentes, queimadas e ondas de calor.",TRUE,TRUE,FALSE,TRUE,TRUE,FALSE,TRUE,TRUE,TRUE,FALSE,FALSE,FALSE,FALSE,FALSE,3,"Ações concretas são descritas para prevenir, responder ou mitigar riscos e desastres."
110002553058_J0001,nao_relevante,"O trecho menciona apenas uma calamidade financeira, não um evento natural ou risco climático.",,,,,,,,,,,,,,,,
110002553058_J0002,relevante,"O trecho menciona explicitamente ""prevenção de desastres"", atendendo ao critério de risco/desastre.",TRUE,FALSE,FALSE,FALSE,FALSE,FALSE,FALSE,FALSE,FALSE,FALSE,FALSE,FALSE,FALSE,TRUE,2,Declara que a prevenção de desastres faz parte das medidas urbanas sem detalhar uma ação específica.
110002553058_J0003,relevante,"O trecho menciona explicitamente vulnerabilidade a seca e inundação, além de planos para mapear áreas sujeitas a esses eventos extremos.",TRUE,FALSE,FALSE,FALSE,TRUE,FALSE,TRUE,FALSE,FALSE,FALSE,FALSE,FALSE,FALSE,FALSE,3,Descreve a criação de um programa e planos de recuperação para reduzir vulnerabilidade a seca e inundação.
110002553058_J0004,relevante,"O texto menciona explicitamente o risco de enchente e medidas de drenagem, indicando gestão de riscos climáticos.",TRUE,FALSE,FALSE,FALSE,TRUE,FALSE,FALSE,FALSE,FALSE,FALSE,FALSE,FALSE,FALSE,FALSE,1,"A frase descreve que esconder o rio aumenta risco de enchente, sem propor solução."
110002553058_J0005,relevante,"O texto menciona explicitamente ""áreas de risco"", atendendo ao critério de relevância.",TRUE,FALSE,FALSE,FALSE,FALSE,FALSE,FALSE,FALSE,FALSE,FALSE,FALSE,FALSE,FALSE,TRUE,3,"A IA será usada para indicar áreas de risco, descrevendo uma ação concreta sobre risco e desastre."
110002553058_J0006,nao_relevante,"Não há menção a riscos naturais, desastres ou agenda climática.",,,,,,,,,,,,,,,,
110002553058_J0007,relevante,"O texto menciona emergências médicas, incêndios e enchentes, vinculando a defesa civil.",TRUE,FALSE,FALSE,FALSE,TRUE,FALSE,FALSE,TRUE,FALSE,FALSE,FALSE,FALSE,FALSE,FALSE,2,"Afirma que aeródromos funcionais reduzem o tempo de resposta em emergências, sem detalhar uma ação específica a ser implementada."
120002532257_J0001,nao_relevante,"O trecho trata apenas de políticas habitacionais e infraestrutura básica, sem mencionar risco climático, desastre ou agenda climática.",,,,,,,,,,,,,,,,
120002532257_J0002,nao_relevante,"O trecho trata apenas de proteção ambiental e fiscalização sem mencionar riscos, desastres ou ações específicas de adaptação climática.",,,,,,,,,,,,,,,,
120002536582_J0001,relevante,"Menciona prevenção e combate a incêndios florestais, que são eventos extremos naturais.",TRUE,FALSE,FALSE,FALSE,FALSE,FALSE,FALSE,TRUE,FALSE,FALSE,FALSE,FALSE,FALSE,FALSE,3,Ação de apoiar brigadas comunitárias para prevenção e combate a incêndios florestais.
120002536582_J0002,nao_relevante,"O texto trata apenas de políticas de proteção à mulher e não menciona riscos, desastres ou agenda climática.",,,,,,,,,,,,,,,,
120002536582_J0003,clima_geral,O trecho menciona apenas impactos gerais das mudanças climáticas sem citar eventos extremos ou medidas de adaptação específicas.,,,,,,,,,,,,,,,,
120002536582_J0004,clima_geral,"O trecho menciona adaptação às mudanças climáticas de forma geral, sem referir eventos extremos ou riscos específicos.",,,,,,,,,,,,,,,,
120002536582_J0005,relevante,"Menciona a resiliência da infraestrutura logística frente às mudanças climáticas, indicando adaptação explícita.",FALSE,FALSE,FALSE,TRUE,FALSE,FALSE,FALSE,FALSE,FALSE,FALSE,FALSE,FALSE,FALSE,TRUE,2,"Declara compromisso de ampliar resiliência, sem ação específica."
120002536582_J0006,clima_geral,"O texto menciona a adaptação às mudanças climáticas e resiliência climática de forma geral, sem referir eventos extremos ou riscos específicos.",,,,,,,,,,,,,,,,
120002536582_J0007,relevante,Menciona explicitamente políticas de adaptação às mudanças climáticas.,FALSE,FALSE,FALSE,TRUE,FALSE,FALSE,FALSE,FALSE,FALSE,FALSE,FALSE,FALSE,FALSE,FALSE,2,Declara compromisso de fortalecer políticas de adaptação climática sem detalhar ação específica.
120002536582_J0008,clima_geral,"O texto menciona mudanças climáticas e resiliência hídrica de forma geral, sem referir a eventos extremos ou riscos específicos.",,,,,,,,,,,,,,,,
120002536582_J0009,relevante,O trecho menciona explicitamente a adaptação às mudanças climáticas relacionadas à água.,TRUE,FALSE,FALSE,TRUE,FALSE,FALSE,FALSE,FALSE,FALSE,FALSE,FALSE,FALSE,FALSE,TRUE,2,Proposta de compromisso genérico sobre adaptação climática sem ação específica.
120002536582_J0010,nao_relevante,"O texto trata apenas de políticas tributárias e incentivos sem mencionar risco, desastre ou agenda climática.",,,,,,,,,,,,,,,,
120002536582_J0011,nao_relevante,"O texto menciona apenas gestão de riscos gerais e não faz referência a eventos climáticos, desastres naturais ou defesa civil.",,,,,,,,,,,,,,,,
120002536582_J0012,nao_relevante,"Não há menção de riscos, desastres ou agenda climática.",,,,,,,,,,,,,,,,
120002539834_J0001,clima_geral,"O trecho menciona apenas a mudança climática de forma geral, sem citar eventos extremos ou medidas específicas.",,,,,,,,,,,,,,,,
120002539834_J0002,relevante,"O trecho menciona explicitamente a baixa resiliência climática das rodovias e os impactos de chuvas intensas, caracterizando risco climático e necessidade de adaptação.",FALSE,FALSE,FALSE,FALSE,TRUE,FALSE,FALSE,FALSE,FALSE,FALSE,FALSE,FALSE,FALSE,FALSE,1,Apresenta problemas históricos e impactos de chuvas sem propor solução.
120002539834_J0003,clima_geral,"O trecho menciona apenas a necessidade de infraestrutura resiliente às mudanças climáticas, sem citar eventos extremos ou riscos específicos.",,,,,,,,,,,,,,,,
120002539834_J0004,relevante,"O trecho menciona prevenção de enchentes e infraestrutura climática, indicando foco em riscos naturais.",TRUE,FALSE,FALSE,FALSE,TRUE,FALSE,FALSE,FALSE,FALSE,FALSE,FALSE,FALSE,FALSE,FALSE,3,"Propõe criar um programa de cidades resilientes com foco em obras de drenagem, erosão e prevenção de enchentes."
120002539834_J0005,relevante,"O trecho menciona queimadas, incêndios e vulnerabilidade climática, indicando riscos e desastres naturais.",TRUE,TRUE,FALSE,FALSE,FALSE,FALSE,FALSE,TRUE,FALSE,FALSE,FALSE,FALSE,FALSE,FALSE,1,Apresenta dados sobre vulnerabilidade ambiental sem propor solução.
120002539834_J0006,clima_geral,"O trecho menciona a governança climática e adaptação às mudanças climáticas de forma geral, sem citar eventos extremos ou ações específicas de risco.",,,,,,,,,,,,,,,,
120002539834_J0007,relevante,"O trecho menciona incêndios, queimadas, monitoramento climático/meteorológico, brigadas regionais, prevenção de desastres e integração com a Defesa Civil.",TRUE,TRUE,TRUE,FALSE,FALSE,FALSE,FALSE,TRUE,FALSE,FALSE,FALSE,FALSE,FALSE,FALSE,3,A frase descreve a implantação de um sistema específico para prevenção climática e gestão de desastres.
120002539834_J0008,relevante,Menciona Fundo de Emergência Climática e ações de prevenção e resposta a desastres climáticos.,TRUE,TRUE,TRUE,FALSE,FALSE,FALSE,FALSE,FALSE,FALSE,FALSE,FALSE,FALSE,FALSE,TRUE,3,Cria um fundo específico para prevenção e resposta a desastres climáticos.
120002539834_J0009,clima_geral,"O trecho menciona apenas a mudança climática de forma geral, sem citar eventos extremos ou medidas específicas de adaptação.",,,,,,,,,,,,,,,,
120002539834_J0010,relevante,"O trecho menciona queimadas extremas, mudanças climáticas e adaptações climáticas em relação ao Pantanal.",FALSE,FALSE,FALSE,TRUE,FALSE,FALSE,FALSE,TRUE,FALSE,FALSE,FALSE,FALSE,FALSE,FALSE,1,Apresenta apenas a descrição dos problemas sem indicar ações concretas.
120002549681_J0001,relevante,O trecho menciona vítimas e ações de inteligência em contexto de risco/fluvial.,FALSE,FALSE,FALSE,FALSE,FALSE,FALSE,FALSE,FALSE,FALSE,FALSE,FALSE,FALSE,FALSE,FALSE,1,A frase indica extensão de área de risco sem propor solução.
120002549681_J0002,nao_relevante,"Não há menção a riscos climáticos, desastres naturais ou agenda climática.",,,,,,,,,,,,,,,,
120002549681_J0003,relevante,"O texto menciona queimadas e incêndios florestais no Pantanal, descrevendo ações de prevenção e brigada permanente.",TRUE,FALSE,FALSE,FALSE,FALSE,FALSE,TRUE,TRUE,FALSE,FALSE,FALSE,FALSE,FALSE,FALSE,4,Ação concreta de brigada permanente e manejo integrado do fogo com KPI de área queimada/ano.
120002549681_J0004,nao_relevante,"O trecho descreve financiamento e conservação de áreas verdes sem mencionar riscos, desastres ou eventos climáticos extremos.",,,,,,,,,,,,,,,,
120002549681_J0005,relevante,"O trecho menciona área queimada, indicando um evento extremo (incêndio florestal) e a necessidade de prevenção.",FALSE,FALSE,FALSE,FALSE,FALSE,FALSE,FALSE,TRUE,FALSE,FALSE,FALSE,FALSE,FALSE,FALSE,1,"Apresenta resultado de redução de área queimada, descrevendo o problema sem propor ação."
120002552191_J0001,relevante,"O trecho menciona a prevenção de alagamentos e erosões, que são eventos extremos naturais.",TRUE,FALSE,FALSE,FALSE,TRUE,FALSE,FALSE,FALSE,FALSE,FALSE,FALSE,FALSE,FALSE,FALSE,3,A frase descreve uma ação concreta de drenagem integrada para prevenir alagamentos e erosões.
120002552191_J0002,relevante,"O trecho menciona a redução de alagamentos, um evento extremo natural.",TRUE,FALSE,FALSE,FALSE,TRUE,FALSE,FALSE,FALSE,FALSE,FALSE,FALSE,FALSE,FALSE,FALSE,3,A frase descreve uma ação concreta de drenagem para reduzir alagamentos e erosões.
120002552191_J0003,relevante,"O trecho menciona queimadas criminosas e crimes ambientais, que se enquadram em eventos extremos naturais.",FALSE,FALSE,FALSE,FALSE,FALSE,FALSE,FALSE,TRUE,FALSE,FALSE,FALSE,FALSE,FALSE,FALSE,0,"A frase citada trata apenas de fiscalização ambiental, não abordando risco ou desastre."
120002552201_J0001,nao_relevante,O trecho trata apenas de saúde pública e não menciona riscos naturais ou eventos extremos.,,,,,,,,,,,,,,,,
130002539775_J0001,relevante,Menciona Defesa Civil e proteção diante de desastres.,FALSE,FALSE,FALSE,FALSE,FALSE,FALSE,FALSE,FALSE,FALSE,FALSE,FALSE,FALSE,FALSE,TRUE,0,A frase apenas menciona órgãos e proteção sem detalhar ação ou meta.
130002539775_J0005,relevante,"O trecho menciona explicitamente adaptação climática e prevenção de incêndios florestais, que são eventos extremos naturais.",FALSE,FALSE,FALSE,FALSE,FALSE,FALSE,FALSE,TRUE,FALSE,FALSE,FALSE,FALSE,FALSE,FALSE,0,Somente títulos sem detalhes concretos
130002539775_J0007,relevante,"O trecho menciona explicitamente ""adaptação às mudanças climáticas"", que é uma expressão listada como indicadora de relevância.",FALSE,FALSE,FALSE,FALSE,FALSE,FALSE,FALSE,FALSE,FALSE,FALSE,FALSE,FALSE,FALSE,TRUE,2,Declara compromisso de incorporar temas de risco e desastre sem detalhar ações concretas.
130002539775_J0008,clima_geral,"O trecho menciona apenas a mudança climática de forma geral, sem citar eventos extremos ou medidas específicas de adaptação.",,,,,,,,,,,,,,,,
130002539775_J0009,clima_geral,"O trecho menciona apenas mudanças climáticas de forma geral, sem referir a eventos extremos ou medidas específicas.",,,,,,,,,,,,,,,,
130002539775_J0010,relevante,"O trecho menciona ""desastres ambientais"" e a preparação para emergências, indicando risco e desastre.",TRUE,FALSE,FALSE,FALSE,FALSE,FALSE,FALSE,FALSE,FALSE,FALSE,FALSE,FALSE,FALSE,FALSE,2,"Declara compromisso de manter capacidade permanente, sem detalhar ação específica."
130002539775_J0011,relevante,"O trecho menciona explicitamente incêndios, incêndios florestais, enchentes e deslizamentos, além de referir ao Corpo de Bombeiros e Defesa Civil.",TRUE,TRUE,FALSE,FALSE,TRUE,TRUE,FALSE,TRUE,FALSE,FALSE,FALSE,FALSE,FALSE,FALSE,3,"Descreve a ação de fortalecer o Corpo de Bombeiros para atuar em prevenção e resposta a incêndios, incêndios florestais, enchentes e deslizamentos."
130002539775_J0012,relevante,"O texto menciona explicitamente a atuação da Defesa Civil, prevenção e resposta a desastres, monitoramento de riscos e adaptação climática.",TRUE,FALSE,FALSE,FALSE,FALSE,FALSE,FALSE,FALSE,FALSE,FALSE,FALSE,FALSE,FALSE,TRUE,1,Descreve problema de baixa capacidade técnica em municípios.
130002539775_J0013,relevante,O trecho menciona explicitamente eventos extremos e a atuação da Defesa Civil.,TRUE,TRUE,FALSE,FALSE,TRUE,TRUE,TRUE,TRUE,TRUE,FALSE,FALSE,FALSE,FALSE,FALSE,2,"O trecho apresenta compromissos e diretrizes de integração da política social com estratégias de adaptação, preparação e resposta a desastres, sem detalhar ações concretas ou metas específicas."
130002539775_J0014,relevante,"O trecho menciona explicitamente ""desastre"" e ""emergência"", indicando risco e necessidade de preparação.",TRUE,TRUE,TRUE,FALSE,FALSE,FALSE,FALSE,FALSE,FALSE,FALSE,FALSE,FALSE,FALSE,TRUE,1,"Afirma necessidade de preparação estatal antes, durante e depois do desastre."
130002539775_J0015,relevante,"Menciona Defesa Civil e acompanhamento de riscos, indicando gestão de risco e desastre.",TRUE,FALSE,FALSE,FALSE,FALSE,FALSE,FALSE,FALSE,FALSE,FALSE,FALSE,FALSE,FALSE,TRUE,2,Declara compromisso de articulação institucional sem ação específica.
130002539775_J0016,relevante,"O trecho menciona ""escassez hídrica"", indicando vulnerabilidade a um evento climático extremo.",FALSE,FALSE,FALSE,FALSE,FALSE,FALSE,TRUE,FALSE,FALSE,FALSE,FALSE,FALSE,FALSE,FALSE,1,Apresenta diagnóstico de diferentes desafios sem propor solução.
130002539775_J0017,relevante,"Menciona eventos extremos (seca, chuvas extremas) que aumentam riscos climáticos.",TRUE,FALSE,FALSE,TRUE,TRUE,FALSE,TRUE,FALSE,TRUE,FALSE,FALSE,FALSE,FALSE,FALSE,2,Declara necessidade de preparação agrícola sem detalhar ação específica.
130002539775_J0018,relevante,"O trecho menciona ""ferramentas de gestão de risco"" em contexto climático, atendendo ao critério de relevância.",TRUE,FALSE,FALSE,TRUE,FALSE,FALSE,FALSE,FALSE,FALSE,FALSE,FALSE,FALSE,FALSE,TRUE,2,"Propõe ampliar a capacidade de acesso a informações meteorológicas e ferramentas de gestão de risco, sem detalhar ação específica."
130002539775_J0020,relevante,"O trecho menciona explicitamente ""riscos climáticos"", atendendo ao critério de relevância.",FALSE,FALSE,FALSE,FALSE,FALSE,FALSE,FALSE,FALSE,FALSE,FALSE,FALSE,FALSE,FALSE,TRUE,0,A frase apenas cita o tema sem indicar ação ou diagnóstico.
130002539775_J0021,relevante,"O trecho menciona ""desastres"" que afetaram o território, atendendo ao critério de relevância.",FALSE,FALSE,TRUE,FALSE,FALSE,FALSE,FALSE,FALSE,FALSE,FALSE,FALSE,FALSE,FALSE,TRUE,1,"A frase descreve as consequências de desastres já ocorridos, sem propor solução."
130002539775_J0022,relevante,"O texto menciona explicitamente ""risks ambientais"", o que se enquadra na categoria de riscos e vulnerabilidades.",TRUE,FALSE,FALSE,FALSE,FALSE,FALSE,FALSE,FALSE,FALSE,FALSE,FALSE,FALSE,FALSE,TRUE,1,"A frase descreve a necessidade de conhecer os riscos ambientais, sem propor solução."
130002539775_J0023,relevante,"O trecho menciona explicitamente ""enfrentar alagamentos"", que é um desastre natural, qualificando-o como relevante.",TRUE,FALSE,FALSE,FALSE,TRUE,FALSE,FALSE,FALSE,FALSE,FALSE,FALSE,FALSE,FALSE,FALSE,2,"A frase indica que enfrentar alagamentos requer uma combinação de planejamento e outras medidas, sem descrever ação específica."
130002539775_J0024,relevante,"O trecho menciona explicitamente riscos e desastres naturais (enchentes, secas, incêndios, deslizamentos) e a atuação da Defesa Civil.",TRUE,FALSE,FALSE,FALSE,TRUE,TRUE,TRUE,TRUE,FALSE,FALSE,FALSE,FALSE,FALSE,FALSE,2,"Propõe compromisso de apoio estadual à prevenção e preparação municipal, sem detalhar ações específicas."
130002539775_J0026,relevante,"O trecho menciona eventos climáticos extremos, risco sobre infraestrutura e integração com Defesa Civil para prevenção.",TRUE,FALSE,FALSE,FALSE,FALSE,FALSE,FALSE,FALSE,FALSE,FALSE,FALSE,FALSE,FALSE,TRUE,1,Apresenta apenas a descrição do problema de risco sem indicar ações concretas.
130002539775_J0027,relevante,"Menciona riscos associados a barragens, ocupação de áreas vulneráveis e eventos climáticos extremos.",FALSE,FALSE,FALSE,FALSE,FALSE,FALSE,FALSE,FALSE,FALSE,FALSE,FALSE,TRUE,FALSE,FALSE,1,Apresenta problemas de risco e desastre sem propor solução.
130002539775_J0028,relevante,"O trecho menciona vulnerabilidade a secas e mudanças climáticas, indicando risco climático específico.",FALSE,FALSE,FALSE,FALSE,FALSE,FALSE,TRUE,FALSE,FALSE,FALSE,FALSE,FALSE,FALSE,FALSE,1,"Apresenta dados sobre escassez, degradação e vulnerabilidade sem propor solução."
130002539775_J0029,relevante,"O trecho menciona Defesa Civil, áreas de risco e emergência, atendendo aos critérios de relevância.",TRUE,FALSE,FALSE,FALSE,FALSE,FALSE,FALSE,FALSE,FALSE,FALSE,FALSE,FALSE,FALSE,TRUE,2,"A integração de órgãos é um compromisso, não uma ação concreta."
130002539775_J0030,relevante,"O trecho menciona explicitamente eventos extremos (secas, incêndios, enchentes, deslizamentos), vulnerabilidade e planos de adaptação/prevenção com a Defesa Civil.",TRUE,TRUE,FALSE,TRUE,TRUE,TRUE,TRUE,TRUE,TRUE,FALSE,FALSE,FALSE,FALSE,FALSE,2,"O texto estabelece diretrizes e critérios de apoio, mas não descreve ações concretas ou metas específicas."
130002539775_J0031,relevante,"O trecho menciona adaptação climática e barragens, indicando risco/desastre.",FALSE,FALSE,FALSE,FALSE,FALSE,FALSE,TRUE,FALSE,FALSE,FALSE,FALSE,TRUE,FALSE,FALSE,2,Declara prioridade temática por região sem indicar ação concreta.
130002539775_J0032,relevante,Menciona adaptação climática.,TRUE,FALSE,TRUE,TRUE,FALSE,FALSE,FALSE,FALSE,FALSE,FALSE,FALSE,FALSE,FALSE,TRUE,2,"As frases afirmam que adaptação climática e recuperação ambiental reduzem perdas, mas não descrevem ações específicas."
130002539775_J0033,clima_geral,"O trecho menciona apenas ""mudanças climáticas"" de forma geral, sem referir a eventos extremos, riscos ou adaptações específicas.",,,,,,,,,,,,,,,,
130002539775_J0034,relevante,"O trecho menciona vulnerabilidade a eventos climáticos (seca, calor, incêndios e chuvas intensas), o que entra na lista de expressões que definem relevância.",FALSE,FALSE,FALSE,FALSE,TRUE,FALSE,TRUE,TRUE,TRUE,FALSE,FALSE,FALSE,FALSE,FALSE,1,Apresenta apenas a descrição de risco sem proposta de ação.
130002539775_J0035,relevante,"O trecho menciona ""eventos climáticos"", que se enquadra na lista de expressões que indicam risco climático, tornando-o relevante.",FALSE,FALSE,FALSE,FALSE,FALSE,FALSE,FALSE,FALSE,FALSE,FALSE,FALSE,FALSE,FALSE,TRUE,1,"A frase menciona eventos climáticos como fator que pode alterar deslocamentos, descrevendo um problema potencial sem propor solução."
130002539775_J0036,clima_geral,"O trecho menciona mudanças climáticas e a importância da água sem referir eventos extremos, riscos ou medidas de adaptação específicas.",,,,,,,,,,,,,,,,
130002539775_J0037,clima_geral,"O trecho menciona mudanças climáticas e resiliência de forma geral, sem citar eventos extremos ou medidas específicas de adaptação.",,,,,,,,,,,,,,,,
130002541911_J0001,relevante,"O trecho menciona explicitamente ""exposição ao risco climático"", atendendo à regra de relevância.",FALSE,FALSE,FALSE,FALSE,FALSE,FALSE,FALSE,FALSE,FALSE,FALSE,FALSE,FALSE,FALSE,TRUE,1,Apresenta apenas os problemas sem propor solução.
130002541911_J0002,relevante,"O texto menciona desastres ambientais, risco de barragens e exposição a eventos climáticos extremos.",FALSE,FALSE,TRUE,FALSE,FALSE,FALSE,FALSE,FALSE,FALSE,FALSE,FALSE,FALSE,FALSE,TRUE,1,Apresenta apenas a descrição dos problemas e desafios sem propor ações concretas.
130002541911_J0003,relevante,"O trecho menciona explicitamente adaptação climática, redução de vulnerabilidade a eventos extremos e gestão de riscos como barragens e queimadas.",TRUE,FALSE,FALSE,TRUE,FALSE,FALSE,FALSE,TRUE,FALSE,FALSE,FALSE,TRUE,FALSE,FALSE,3,A frase sobre capacitação ao Corpo de Bombeiros descreve uma ação concreta para enfrentar queimadas.
130002544411_J0001,nao_relevante,"O trecho descreve apenas modalidades esportivas sem referência a risco, desastre ou agenda climática.",,,,,,,,,,,,,,,,
130002544411_J0002,nao_relevante,"Não há menção a riscos, desastres ou agenda climática.",,,,,,,,,,,,,,,,
130002544411_J0003,relevante,"Menciona ""defesa civil"", que indica gestão de riscos e desastres.",FALSE,FALSE,FALSE,FALSE,FALSE,FALSE,FALSE,FALSE,FALSE,FALSE,FALSE,FALSE,FALSE,TRUE,2,"Lista competências, incluindo defesa civil, sem ação específica."
130002544411_J0004,relevante,"O trecho menciona ""barragens"", que são áreas de risco potencial, qualificando-o como relevante.",FALSE,FALSE,FALSE,FALSE,FALSE,FALSE,FALSE,FALSE,FALSE,FALSE,FALSE,FALSE,FALSE,TRUE,2,Menciona defesa civil local sem indicar ação específica.
130002544411_J0005,relevante,"O trecho menciona a integração com a Defesa Civil e testes de emergência, o que indica foco em riscos e desastres.",TRUE,FALSE,FALSE,FALSE,FALSE,FALSE,FALSE,FALSE,FALSE,FALSE,FALSE,FALSE,FALSE,TRUE,3,"A frase descreve ações concretas de fiscalização, integração e testes."
130002544411_J0006,relevante,"O trecho menciona ""defesa civil"", o que indica foco em risco e desastre.",TRUE,FALSE,FALSE,FALSE,FALSE,FALSE,FALSE,FALSE,FALSE,FALSE,FALSE,FALSE,FALSE,TRUE,4,Ação de investimento em defesa civil com valor e prazo definidos.
130002544411_J0007,relevante,"O trecho menciona ""defesa civil"" e ""emergência"", que são eventos de risco natural ou de emergência, qualificando-o como relevante.",TRUE,FALSE,FALSE,FALSE,FALSE,FALSE,FALSE,FALSE,FALSE,FALSE,FALSE,TRUE,FALSE,FALSE,2,"Define uma diretriz de interoperabilidade de dados para priorização por risco, sem detalhar ação específica."
130002544411_J0008,nao_relevante,"O trecho menciona apenas a defesa civil como setor, sem referência explícita a riscos, desastres ou ações de prevenção.",,,,,,,,,,,,,,,,
130002544411_J0009,relevante,"O trecho menciona explicitamente a ""defesa civil"", o que indica foco em risco e desastre.",FALSE,FALSE,FALSE,FALSE,FALSE,FALSE,FALSE,FALSE,FALSE,FALSE,FALSE,FALSE,FALSE,TRUE,2,"A frase indica um compromisso de integração entre órgãos, sem detalhar ação específica."
130002544411_J0010,relevante,"O trecho menciona ""defesa civil"" e ""emergência"", indicando foco em riscos ou desastres.",FALSE,FALSE,FALSE,FALSE,FALSE,FALSE,FALSE,FALSE,FALSE,FALSE,FALSE,FALSE,FALSE,TRUE,0,"A frase apenas lista termos relacionados a risco e desastre sem indicar diagnóstico, diretriz ou ação concreta."
130002544411_J0011,relevante,"O trecho menciona explicitamente ""gestão de riscos climáticos"", o que entra na lista de expressões que indicam risco ou desastre, portanto classifica como relevante.",FALSE,FALSE,FALSE,FALSE,FALSE,FALSE,FALSE,FALSE,FALSE,FALSE,FALSE,FALSE,FALSE,TRUE,1,"Apresenta desafios na gestão de riscos climáticos, descrevendo o problema sem propor solução."
130002546802_J0001,relevante,"O trecho menciona a estiagem hídrica e ações de adaptação para garantir abastecimento, caracterizando risco climático.",TRUE,FALSE,FALSE,FALSE,FALSE,FALSE,TRUE,FALSE,FALSE,FALSE,FALSE,FALSE,FALSE,FALSE,2,"A frase propõe um compromisso de desenvolver políticas públicas, sem detalhar ações específicas."
130002546802_J0002,relevante,"O trecho menciona ""áreas de risco"", o que entra na lista de termos que indicam risco ou desastre, qualificando-o como relevante.",TRUE,FALSE,FALSE,FALSE,FALSE,FALSE,FALSE,FALSE,FALSE,FALSE,FALSE,FALSE,FALSE,TRUE,2,"Propõe compromisso de habitação para população em áreas de risco, sem ação específica."
130002546802_J0003,relevante,"O trecho menciona explicitamente um plano de remoção emergencial de famílias em áreas de risco, o que indica ação relacionada a riscos e desastres naturais.",FALSE,TRUE,FALSE,FALSE,FALSE,FALSE,FALSE,FALSE,FALSE,FALSE,FALSE,FALSE,FALSE,TRUE,3,Ação concreta de remoção emergencial em áreas de risco.
130002547874_J0001,relevante,"O trecho menciona explicitamente o desastre ambiental do rompimento da barragem de Brumadinho, qualificando-o como evento extremo e risco.",FALSE,FALSE,FALSE,FALSE,FALSE,FALSE,FALSE,FALSE,FALSE,FALSE,FALSE,TRUE,FALSE,FALSE,3,A frase sobre ATIs para reparação dos atingidos pelo rompimento da barragem descreve uma ação concreta de resposta a desastre.
130002547874_J0002,relevante,"O trecho menciona explicitamente ""desastres ambientais"" e a vulnerabilidade de populações afetadas, atendendo ao critério de risco/disastro.",FALSE,TRUE,FALSE,FALSE,FALSE,FALSE,FALSE,FALSE,FALSE,FALSE,FALSE,FALSE,FALSE,TRUE,3,Ação de criar estoques para regular preços em população vulnerável a desastres.
130002547874_J0003,relevante,"O trecho menciona comunidades próximas a barragens de rejeitos, implicando risco de desastre e necessidade de assistência técnica.",FALSE,FALSE,TRUE,FALSE,FALSE,FALSE,FALSE,FALSE,FALSE,FALSE,FALSE,TRUE,FALSE,FALSE,2,"Propõe garantir direito a assessoria técnica independente, sem detalhar ação concreta."
130002549557_J0001,nao_relevante,"O trecho descreve regiões e atividades econômicas sem mencionar riscos, desastres ou agenda climática.",,,,,,,,,,,,,,,,
130002549557_J0002,relevante,"O trecho menciona explicitamente ""adaptação climática"", que é uma ação de mitigação e adaptação a riscos climáticos, qualificando-o como relevante.",FALSE,FALSE,FALSE,FALSE,FALSE,FALSE,FALSE,FALSE,FALSE,FALSE,FALSE,FALSE,FALSE,FALSE,0,Cita adaptação climática sem propor ação concreta.
130002549557_J0003,nao_relevante,"O trecho menciona esgoto e barragens, mas não faz referência a riscos, desastres ou eventos extremos naturais.",,,,,,,,,,,,,,,,
130002549557_J0004,relevante,"O trecho menciona a desativação de barragens de rejeitos, o que implica na mitigação de risco de rompimento e desastre.",TRUE,FALSE,FALSE,FALSE,FALSE,FALSE,FALSE,FALSE,FALSE,FALSE,FALSE,TRUE,FALSE,FALSE,3,"A frase descreve a ação de continuar desativando barragens de rejeitos, que é uma medida concreta de prevenção de risco e desastre."
130002549557_J0005,relevante,"O trecho menciona queimadas e barragens, indicando risco de desastre natural.",TRUE,FALSE,FALSE,FALSE,FALSE,FALSE,FALSE,TRUE,FALSE,FALSE,FALSE,TRUE,FALSE,FALSE,2,"Apresenta compromisso de usar fiscalização tecnológica para reduzir riscos, sem detalhar ações concretas."
130002549557_J0006,relevante,"O trecho menciona monitoramento de barragens, classificação de risco, planos de emergência e resposta rápida a eventos extremos.",TRUE,TRUE,TRUE,FALSE,FALSE,FALSE,FALSE,FALSE,FALSE,FALSE,FALSE,TRUE,FALSE,FALSE,3,"Todas as frases descrevem ações concretas de prevenção, monitoramento ou resposta a riscos e desastres."
130002549557_J0007,relevante,"O trecho menciona explicitamente desastres e rompimentos, indicando risco de desastre.",FALSE,TRUE,FALSE,FALSE,FALSE,FALSE,FALSE,FALSE,FALSE,FALSE,FALSE,FALSE,FALSE,TRUE,3,"Cria equipes técnicas permanentes para reforçar municípios em situações de alta complexidade social, incluindo desastres."
130002549557_J0008,nao_relevante,"O texto trata apenas de finanças públicas e não menciona risco climático, desastre ou agenda climática.",,,,,,,,,,,,,,,,
130002549557_J0009,relevante,"O trecho menciona explicitamente ""adaptação climática"", que é uma ação de mitigação e adaptação a riscos climáticos.",FALSE,FALSE,FALSE,FALSE,FALSE,FALSE,FALSE,FALSE,FALSE,FALSE,FALSE,FALSE,FALSE,TRUE,2,"Define prioridade de aplicação de recursos, incluindo adaptação climática, sem detalhar ação específica."
130002550464_J0001,relevante,"O trecho menciona explicitamente ""falta de planejamento para enfrentar a emergência climática"", que se enquadra na lista de eventos extremos ou riscos climáticos, tornando-o relevante.",FALSE,FALSE,FALSE,FALSE,FALSE,FALSE,FALSE,FALSE,FALSE,FALSE,FALSE,FALSE,FALSE,FALSE,1,"Identifica falta de planejamento para enfrentar emergência climática, sem propor solução."
130002550464_J0002,clima_geral,"O trecho menciona apenas a mudança climática de forma geral, sem citar eventos extremos ou medidas específicas de adaptação.",,,,,,,,,,,,,,,,
130002550464_J0003,clima_geral,"O trecho menciona apenas a crise climática de forma geral, sem citar eventos extremos ou medidas específicas.",,,,,,,,,,,,,,,,
130002550464_J0004,relevante,"O trecho menciona explicitamente incêndios florestais, enchentes, secas, deslizamentos e outras ocorrências extremas, além de ações de prevenção, monitoramento e resposta em parceria com a Defesa Civil.",TRUE,FALSE,FALSE,FALSE,TRUE,TRUE,TRUE,TRUE,FALSE,FALSE,FALSE,FALSE,FALSE,FALSE,3,"O trecho descreve ações concretas de prevenção, monitoramento e resposta a incêndios florestais, enchentes, secas e deslizamentos."
130002550464_J0005,relevante,"O trecho menciona explicitamente a prevenção de secas e crises de abastecimento, que são eventos extremos naturais relacionados ao risco hídrico.",TRUE,FALSE,FALSE,FALSE,FALSE,FALSE,TRUE,FALSE,FALSE,FALSE,FALSE,FALSE,FALSE,FALSE,3,Define ações concretas de prevenção e recuperação hídrica.
130002550464_J0006,relevante,"O trecho menciona explicitamente prevenção e resposta a desastres, mudanças climáticas e emergências ambientais.",TRUE,FALSE,FALSE,FALSE,FALSE,FALSE,FALSE,FALSE,FALSE,FALSE,FALSE,FALSE,FALSE,TRUE,2,Proposta de compromisso sem ação específica
130002550464_J0007,clima_geral,"O trecho menciona apenas a mudança climática de forma geral, sem citar eventos extremos, riscos ou medidas específicas.",,,,,,,,,,,,,,,,
130002550464_J0008,relevante,"O trecho menciona explicitamente ""adaptação às mudanças climáticas"", que é uma ação de mitigação e adaptação climática, enquadrando-o como relevante.",FALSE,FALSE,FALSE,FALSE,FALSE,FALSE,FALSE,FALSE,FALSE,FALSE,FALSE,FALSE,FALSE,FALSE,2,Proposta de prioridade sem ação específica.
130002550464_J0009,nao_relevante,"O trecho não menciona eventos extremos, riscos naturais ou adaptações climáticas explícitas.",,,,,,,,,,,,,,,,
130002550464_J0010,relevante,O trecho menciona explicitamente a prevenção de riscos climáticos.,TRUE,FALSE,FALSE,FALSE,FALSE,FALSE,FALSE,FALSE,FALSE,FALSE,FALSE,FALSE,FALSE,TRUE,2,Propõe compromisso de prevenção de riscos climáticos sem ação específica.
130002550834_J0001,nao_relevante,"O trecho trata apenas de questões penais e policiais, sem menção a riscos naturais ou climáticos.",,,,,,,,,,,,,,,,
130002552296_J0001,nao_relevante,"O trecho trata apenas de segurança pública e combate ao crime, sem menção a riscos naturais, desastres ou agenda climática.",,,,,,,,,,,,,,,,
130002552296_J0002,relevante,"O trecho menciona mapeamento preventivo de áreas de risco e planos regionais de contingência, indicando ações de prevenção e gestão de riscos naturais.",TRUE,FALSE,FALSE,FALSE,FALSE,FALSE,FALSE,FALSE,FALSE,FALSE,FALSE,FALSE,FALSE,TRUE,2,Propõe expansão e mapeamento sem metas específicas.
130002552296_J0003,relevante,"O trecho menciona explicitamente riscos climáticos e desastres naturais (enchentes, secas, tempestades) e ações de prevenção, alerta e adaptação.",TRUE,TRUE,TRUE,TRUE,TRUE,FALSE,TRUE,FALSE,FALSE,TRUE,FALSE,FALSE,FALSE,FALSE,3,"Apresenta ações concretas de prevenção, adaptação e recuperação ambiental."
140002542386_J0001,relevante,"O trecho menciona enchentes e eventos climáticos extremos, indicando risco e desastre natural.",FALSE,FALSE,FALSE,FALSE,TRUE,FALSE,FALSE,FALSE,TRUE,FALSE,FALSE,FALSE,FALSE,FALSE,2,Apresenta compromisso estratégico e diretrizes gerais sem ações concretas.
140002542386_J0002,relevante,"O trecho menciona explicitamente análises de risco climático, o que entra na definição de risco e desastre.",TRUE,FALSE,FALSE,FALSE,FALSE,FALSE,FALSE,FALSE,FALSE,FALSE,FALSE,FALSE,FALSE,TRUE,3,Criação de uma secretaria é uma ação concreta sobre risco climático.
140002542386_J0003,relevante,"O trecho menciona prevenção de desastres e adaptação, indicando ações concretas de mitigação de riscos climáticos.",TRUE,FALSE,FALSE,FALSE,FALSE,FALSE,FALSE,FALSE,FALSE,FALSE,FALSE,FALSE,FALSE,TRUE,2,"Proposta de apoio para elaboração e execução de planos locais com foco em prevenção, sem ação específica identificável."
140002542386_J0004,relevante,"O trecho menciona medidas explícitas de mitigação e adaptação a riscos climáticos, como jardins de chuva, biovaletas, pavimentos permeáveis, contenção de riscos e parques lineares inundáveis.",TRUE,FALSE,FALSE,FALSE,FALSE,FALSE,FALSE,FALSE,FALSE,FALSE,FALSE,FALSE,FALSE,TRUE,3,"Apresenta ações concretas (jardins de chuva, biovaletas, pavimentos permeáveis, intervenções em baixadas e encostas, parques lineares inundáveis, recuperação de margens) para prevenir ou mitigar riscos de desastres."
140002542386_J0005,relevante,"O trecho menciona explicitamente cenários de secas extremas e inundações, indicando risco hídrico e necessidade de segurança.",TRUE,FALSE,FALSE,FALSE,TRUE,FALSE,TRUE,FALSE,FALSE,FALSE,FALSE,FALSE,FALSE,FALSE,3,Ação de transformar recursos em ativos que garantem segurança hídrica contra secas e inundações.
140002549930_J0001,nao_relevante,"O texto trata apenas de governança e controle interno, sem mencionar riscos naturais, desastres ou agenda climática.",,,,,,,,,,,,,,,,
140002549930_J0002,clima_geral,"O trecho menciona ""mudanças climáticas"" de forma geral, sem referir a eventos extremos, riscos ou medidas específicas de adaptação.",,,,,,,,,,,,,,,,
140002549930_J0003,clima_geral,"O trecho menciona apenas mudanças climáticas de forma geral, sem referir a eventos extremos, riscos ou medidas específicas.",,,,,,,,,,,,,,,,
140002549930_J0004,nao_relevante,"O trecho trata apenas de controle interno e prevenção de irregularidades administrativas, sem mencionar riscos naturais, climáticos ou desastres.",,,,,,,,,,,,,,,,
140002551598_J0001,relevante,O trecho menciona explicitamente o enfrentamento de desastres climáticos e a realização de vistorias técnicas preventivas.,TRUE,FALSE,FALSE,FALSE,FALSE,FALSE,FALSE,FALSE,FALSE,FALSE,FALSE,FALSE,FALSE,TRUE,2,"A frase propõe um compromisso de capacitação para enfrentar desastres climáticos, sem detalhar ação específica ou metas."
140002551598_J0002,relevante,"O trecho menciona redução de alagamento, que é um risco e desastre natural.",TRUE,FALSE,FALSE,FALSE,TRUE,FALSE,FALSE,FALSE,FALSE,FALSE,FALSE,FALSE,FALSE,FALSE,3,A frase descreve a implantação de um programa específico para reduzir alagamentos.
140002551598_J0003,relevante,"O trecho menciona reduzir alagamentos e fortalecer a adaptação das cidades às mudanças climáticas, indicando ações de mitigação de riscos extremos.",TRUE,FALSE,FALSE,TRUE,TRUE,FALSE,FALSE,FALSE,FALSE,FALSE,FALSE,FALSE,FALSE,FALSE,2,"Propõe ampliar infraestrutura verde como diretriz, sem ação ou meta específica."
140002551598_J0004,clima_geral,"O trecho menciona mudanças climáticas de forma geral, sem citar eventos extremos ou medidas específicas de adaptação.",,,,,,,,,,,,,,,,
140002551598_J0005,clima_geral,"O trecho menciona apenas a mudança climática de forma geral, sem citar eventos extremos ou medidas específicas de adaptação.",,,,,,,,,,,,,,,,
140002551598_J0006,clima_geral,"O trecho menciona adaptação e resiliência às mudanças climáticas de forma geral, sem referir eventos extremos ou riscos específicos.",,,,,,,,,,,,,,,,
140002551598_J0007,relevante,"O trecho menciona a criação de um programa e brigadas para prevenir e combater incêndios florestais, que são desastres naturais.",TRUE,FALSE,FALSE,FALSE,FALSE,FALSE,FALSE,TRUE,FALSE,FALSE,FALSE,FALSE,FALSE,FALSE,3,Programa de prevenção e combate a incêndios é uma ação concreta sobre risco/desastre.
140002551598_J0008,relevante,"O trecho menciona explicitamente queimadas, incêndios florestais, regiões de maior risco, adaptação climática e proteção contra seca e cheia.",TRUE,FALSE,FALSE,TRUE,TRUE,FALSE,TRUE,TRUE,FALSE,FALSE,FALSE,FALSE,FALSE,FALSE,3,Apresenta ações concretas de combate e adaptação a riscos naturais.
140002551598_J0009,relevante,"O trecho menciona explicitamente a prevenção e resposta a eventos climáticos extremos, o que caracteriza risco/desastre natural.",TRUE,TRUE,FALSE,FALSE,FALSE,FALSE,FALSE,FALSE,FALSE,FALSE,FALSE,FALSE,FALSE,TRUE,2,"A frase propõe um compromisso de fortalecer capacidade, sem detalhar ação específica."
140002551943_J0001,relevante,"O trecho menciona moradores de áreas de risco, o que indica preocupação com vulnerabilidade a eventos extremos.",TRUE,FALSE,FALSE,FALSE,FALSE,FALSE,FALSE,FALSE,FALSE,FALSE,FALSE,FALSE,FALSE,FALSE,3,Ação concreta de construir moradias em áreas de risco.
140002551943_J0002,relevante,"O trecho menciona obras de contenção de áreas de risco, o que indica ação concreta para mitigar riscos naturais.",TRUE,FALSE,FALSE,FALSE,FALSE,FALSE,FALSE,FALSE,FALSE,FALSE,FALSE,FALSE,FALSE,TRUE,3,A frase descreve a realização concreta de obras de contenção em áreas de risco.
140002551943_J0003,relevante,O trecho menciona enchentes e incêndios como eventos extremos que causam danos.,FALSE,FALSE,TRUE,FALSE,TRUE,TRUE,FALSE,TRUE,FALSE,FALSE,FALSE,FALSE,FALSE,FALSE,3,Ação concreta de fornecer auxílio temporário a famílias afetadas por desastres.
140002551943_J0004,relevante,"O trecho menciona queimadas e contaminação de rios, que são eventos extremos naturais ou riscos ambientais.",FALSE,FALSE,FALSE,FALSE,FALSE,FALSE,FALSE,TRUE,FALSE,FALSE,FALSE,FALSE,FALSE,FALSE,1,"Descreve problemas de desmatamento, queimadas e contaminação sem propor solução."
140002551943_J0005,relevante,"O trecho menciona explicitamente queimadas e áreas queimada, caracterizando um evento extremo natural.",FALSE,FALSE,FALSE,FALSE,FALSE,FALSE,FALSE,TRUE,FALSE,FALSE,FALSE,FALSE,FALSE,FALSE,1,Apresenta dados e descreve o problema das queimadas sem propor solução.
140002551943_J0006,relevante,"O trecho menciona explicitamente eventos extremos como secas, enchentes e incêndios florestais, além de discutir vulnerabilidade a desastres climáticos.",FALSE,FALSE,FALSE,TRUE,TRUE,FALSE,TRUE,TRUE,TRUE,FALSE,FALSE,FALSE,FALSE,FALSE,1,Apresenta dados de risco climático sem propor solução.
140002551943_J0007,relevante,"O trecho menciona queimadas criminosas, que são eventos extremos naturais.",FALSE,FALSE,FALSE,FALSE,FALSE,FALSE,FALSE,FALSE,FALSE,FALSE,FALSE,FALSE,FALSE,FALSE,2,Propõe compromisso estratégico sem ação específica.
140002551943_J0008,relevante,"O trecho menciona explicitamente riscos climáticos (incêndios, secas, enchentes), eventos extremos e ações de prevenção e defesa civil.",TRUE,FALSE,FALSE,TRUE,TRUE,FALSE,TRUE,TRUE,TRUE,FALSE,FALSE,FALSE,FALSE,FALSE,3,"Ações concretas são propostas: brigadas, monitoramento e planos de adaptação."
140002551943_J0009,relevante,"O trecho menciona queimadas, um evento extremo natural.",FALSE,FALSE,FALSE,FALSE,FALSE,FALSE,FALSE,TRUE,FALSE,FALSE,FALSE,FALSE,FALSE,FALSE,2,Propõe compromisso de transparência ambiental sem ação específica.
140002554108_J0001,relevante,"O trecho menciona ""expansão das áreas de risco"", que é uma referência explícita a zonas vulneráveis a eventos extremos naturais.",FALSE,FALSE,FALSE,FALSE,FALSE,FALSE,FALSE,FALSE,FALSE,FALSE,FALSE,FALSE,FALSE,FALSE,1,Descreve o problema habitacional sem propor solução.
140002554108_J0002,relevante,"O trecho menciona ""áreas de risco"", o que entra na lista de expressões que indicam risco ou desastre, classificando-o como relevante.",TRUE,FALSE,FALSE,FALSE,FALSE,FALSE,FALSE,FALSE,FALSE,FALSE,FALSE,FALSE,FALSE,FALSE,0,Cita áreas de risco sem propor ação específica sobre risco ou desastre.
140002554108_J0003,nao_relevante,"O trecho descreve perda de vegetação e expansão agropecuária sem mencionar eventos extremos, riscos ou ações de mitigação.",,,,,,,,,,,,,,,,
140002554108_J0004,relevante,"O trecho menciona riscos ambientais e potenciais desastres (barragem de rejeitos, uso de substâncias tóxicas) que podem afetar comunidades e ecossistemas.",FALSE,FALSE,FALSE,FALSE,FALSE,FALSE,FALSE,FALSE,FALSE,FALSE,FALSE,TRUE,FALSE,FALSE,1,Descreve impactos potenciais sem propor ação.
150002538692_J0001,nao_relevante,"O trecho menciona apenas Segurança Pública, Defesa Civil e Administração Penitenciária sem referir a riscos, desastres ou agenda climática.",,,,,,,,,,,,,,,,
150002538692_J0002,relevante,"O trecho menciona explicitamente ""defesa civil"", que é uma expressão de risco e desastre, qualificando-o como relevante.",FALSE,FALSE,FALSE,FALSE,FALSE,FALSE,FALSE,FALSE,FALSE,FALSE,FALSE,FALSE,FALSE,FALSE,2,"Declara compromisso de proteção com defesa civil, sem ação específica."
150002538692_J0003,relevante,"O trecho menciona a incerteza climática e a seca como fatores que causam danos, qualificando-o como risco climático.",FALSE,FALSE,FALSE,FALSE,FALSE,FALSE,TRUE,FALSE,FALSE,FALSE,FALSE,FALSE,FALSE,FALSE,1,Descreve o problema da incerteza climática sem propor solução.
150002538692_J0004,relevante,"O trecho menciona explicitamente a seca recorrente, um evento climático extremo que representa risco.",FALSE,FALSE,FALSE,FALSE,FALSE,FALSE,TRUE,FALSE,FALSE,FALSE,FALSE,FALSE,FALSE,FALSE,1,Descreve a seca como problema sem propor solução.
150002538692_J0005,relevante,"O trecho menciona períodos de estiagem prolongada, um evento climático extremo que implica risco de escassez hídrica.",TRUE,FALSE,FALSE,FALSE,FALSE,FALSE,TRUE,FALSE,FALSE,FALSE,FALSE,FALSE,FALSE,FALSE,2,"Declara compromisso de governança para evitar desassistência em estiagem, sem ação específica."
150002538692_J0006,relevante,"O trecho menciona ""áreas de risco"", o que indica vulnerabilidade a eventos extremos naturais, qualificando-o como relevante.",FALSE,FALSE,FALSE,FALSE,FALSE,FALSE,FALSE,FALSE,FALSE,FALSE,FALSE,FALSE,FALSE,TRUE,1,Descreve o problema de famílias em áreas de risco sem condições dignas.
150002538692_J0007,clima_geral,"O trecho menciona adaptação às mudanças climáticas e economia verde de forma geral, sem referir eventos extremos ou riscos específicos.",,,,,,,,,,,,,,,,
150002538692_J0008,clima_geral,"O trecho menciona a transição energética e resiliência climática de forma geral, sem referir eventos extremos ou medidas específicas de risco.",,,,,,,,,,,,,,,,
150002538692_J0009,relevante,"O trecho menciona ""áreas de emergência climática"" e proteção/vigilância, indicando risco climático e medidas de resposta.",TRUE,FALSE,FALSE,FALSE,FALSE,FALSE,FALSE,FALSE,FALSE,FALSE,FALSE,FALSE,FALSE,TRUE,3,Propõe ação de proteção a povos tradicionais e áreas climáticas.
150002538692_J0010,relevante,O trecho menciona explicitamente a Defesa Civil e a prevenção de desastres naturais como secas extremas e inundações repentinas.,TRUE,FALSE,FALSE,FALSE,TRUE,FALSE,TRUE,FALSE,FALSE,FALSE,FALSE,FALSE,FALSE,FALSE,1,A frase sobre a defesa civil não alcançar todos os municípios descreve o problema sem propor solução.
150002538692_J0011,relevante,"O trecho menciona explicitamente a defesa civil para prevenir e responder a desastres, atendendo ao critério de relevância.",TRUE,TRUE,FALSE,FALSE,FALSE,FALSE,FALSE,FALSE,FALSE,FALSE,FALSE,FALSE,FALSE,TRUE,2,"Propõe estruturar a defesa civil para prevenção e resposta, sem detalhar ação específica."
150002538692_J0012,relevante,"O trecho menciona defesa civil, alerta antecipado e prevenção em áreas de risco, além de eventos climáticos.",TRUE,FALSE,FALSE,FALSE,FALSE,FALSE,FALSE,FALSE,FALSE,FALSE,FALSE,FALSE,FALSE,TRUE,3,"Implanta rede estadual de defesa civil com bases regionais, alerta antecipado e prevenção no semiárido."
150002544133_J0001,relevante,O trecho menciona explicitamente risco de estiagem e insegurança hídrica que afeta famílias e agricultura.,FALSE,FALSE,FALSE,FALSE,FALSE,FALSE,TRUE,FALSE,FALSE,FALSE,FALSE,FALSE,FALSE,FALSE,1,Descreve a situação de falta de água sem propor solução.
150002544133_J0002,relevante,"O trecho menciona ""seca"", que é um evento extremo, qualificando-o como relevante.",TRUE,FALSE,FALSE,FALSE,FALSE,FALSE,TRUE,FALSE,FALSE,FALSE,FALSE,FALSE,FALSE,FALSE,3,"A frase indica expansão de programas, uma ação concreta sobre risco e desastre."
150002544133_J0003,nao_relevante,"O trecho trata apenas da construção e melhoria de infraestrutura viária, sem menção a riscos naturais, desastres ou agenda climática.",,,,,,,,,,,,,,,,
150002544133_J0004,relevante,"O trecho menciona a Defesa Civil e ações de busca, salvamento e desastres.",FALSE,TRUE,FALSE,FALSE,FALSE,FALSE,FALSE,FALSE,FALSE,FALSE,FALSE,FALSE,FALSE,TRUE,2,"Propõe integrar protocolos de emergência, mas não descreve uma ação concreta."
150002544133_J0005,nao_relevante,"O trecho descreve melhorias em sistemas de irrigação e distribuição de água, sem mencionar eventos extremos, riscos naturais ou adaptações climáticas explícitas.",,,,,,,,,,,,,,,,
150002544133_J0006,relevante,"O trecho menciona apoio durante épocas de estiagem, um evento climático extremo, indicando medidas de adaptação e mitigação.",FALSE,TRUE,FALSE,FALSE,FALSE,FALSE,TRUE,FALSE,FALSE,FALSE,FALSE,FALSE,FALSE,FALSE,3,A frase descreve uma ação concreta para mitigar o risco de estiagem.
150002544133_J0007,relevante,"O trecho menciona famílias desabrigadas ou desalojadas por desastres e situações de risco, indicando preocupação com eventos extremos e vulnerabilidade.",FALSE,FALSE,TRUE,FALSE,FALSE,FALSE,FALSE,FALSE,FALSE,FALSE,FALSE,FALSE,FALSE,TRUE,3,A frase descreve uma ação concreta de oferecer aluguel social para famílias deslocadas por desastres.
150002544133_J0008,nao_relevante,O trecho descreve apenas obras de infraestrutura viária sem menção a riscos naturais ou eventos extremos.,,,,,,,,,,,,,,,,
150002544133_J0009,relevante,"O trecho menciona ""serras de maior risco"", indicando áreas vulneráveis a deslizamentos, o que se enquadra como risco e desastre.",TRUE,FALSE,FALSE,FALSE,FALSE,TRUE,FALSE,FALSE,FALSE,FALSE,FALSE,FALSE,FALSE,FALSE,3,A ação de executar recapeamento e sinalização em áreas de risco é concreta e específica.
150002544133_J0010,nao_relevante,"O texto trata apenas de políticas de trânsito e educação sem referência a riscos climáticos, desastres ou agenda ambiental.",,,,,,,,,,,,,,,,
150002544133_J0011,relevante,"O trecho menciona planos de adaptação climática e ações de mitigação de riscos naturais, como monitoramento climático, proteção costeira e revitalização de bacias hidrográficas.",TRUE,FALSE,FALSE,TRUE,FALSE,FALSE,FALSE,FALSE,FALSE,FALSE,TRUE,FALSE,FALSE,FALSE,3,"Institui um plano de ação climática e resiliência, descrevendo ações concretas (monitoramento, alertas) sem metas quantificadas."
150002551789_J0001,nao_relevante,"O trecho menciona Defesa Civil apenas como parte de segurança pública, sem referência a riscos ou desastres naturais.",,,,,,,,,,,,,,,,
150002551789_J0002,relevante,"O trecho menciona a ampliação da proteção civil e resposta a emergências, envolvendo a Defesa Civil.",FALSE,TRUE,FALSE,FALSE,FALSE,FALSE,FALSE,FALSE,FALSE,FALSE,FALSE,FALSE,FALSE,TRUE,2,Propõe ampliar a proteção civil e resposta a emergências sem detalhar ação específica.
150002551789_J0003,relevante,"O trecho menciona ""áreas de risco"", o que se enquadra na lista de expressões que indicam risco ou vulnerabilidade a eventos extremos.",TRUE,FALSE,FALSE,FALSE,FALSE,FALSE,FALSE,FALSE,FALSE,FALSE,FALSE,FALSE,FALSE,TRUE,2,"Define compromisso de ampliar programas habitacionais focados em populações em áreas de risco, sem detalhar ação específica."
150002551789_J0004,relevante,"O trecho menciona explicitamente vulnerabilidades em áreas afetadas por estiagens, enchentes e desertificação, que são eventos extremos naturais.",TRUE,FALSE,FALSE,FALSE,TRUE,FALSE,TRUE,FALSE,FALSE,FALSE,FALSE,FALSE,FALSE,FALSE,2,"Proposta de compromisso para reduzir vulnerabilidades em áreas afetadas por riscos naturais, sem ação específica ou meta."
150002551789_J0005,clima_geral,"O trecho menciona mudanças climáticas de forma geral sem citar eventos extremos, riscos ou adaptações específicas.",,,,,,,,,,,,,,,,
150002552603_J0001,nao_relevante,"O trecho trata apenas de saúde pública e não menciona riscos naturais, desastres ou agenda climática.",,,,,,,,,,,,,,,,
160002540833_J0001,relevante,"O trecho menciona ""DEFESA CIVIL"", que é uma expressão de risco e desastre.",FALSE,FALSE,FALSE,FALSE,FALSE,FALSE,FALSE,FALSE,FALSE,FALSE,FALSE,FALSE,FALSE,TRUE,0,A frase apenas cita o tema de defesa civil e proteção da vida sem detalhar diagnóstico ou ação.
160002540833_J0002,relevante,"O trecho menciona explicitamente enchentes, eventos climáticos extremos e a atuação da Defesa Civil em resposta a desastres.",FALSE,TRUE,FALSE,FALSE,TRUE,FALSE,FALSE,FALSE,FALSE,FALSE,FALSE,FALSE,FALSE,FALSE,3,A frase descreve a criação de uma rede de resposta social específica para enchentes e eventos climáticos extremos.
160002540833_J0003,clima_geral,"O trecho menciona apenas a ampliação da resiliência climática de forma geral, sem referir eventos extremos ou ações específicas de mitigação.",,,,,,,,,,,,,,,,
160002540833_J0004,nao_relevante,"O trecho trata apenas de programas sociais e alimentação, sem referência a riscos, desastres ou agenda climática.",,,,,,,,,,,,,,,,
160002540833_J0005,relevante,"O trecho menciona explicitamente enfrentar a seca e adaptar a produção à mudança climática, indicando risco climático e medidas de adaptação.",FALSE,FALSE,FALSE,TRUE,FALSE,FALSE,TRUE,FALSE,FALSE,FALSE,FALSE,FALSE,FALSE,FALSE,2,"Declara um compromisso de garantir água para enfrentar seca, sem detalhar ação específica."
160002540833_J0006,relevante,"O trecho menciona explicitamente ""adaptação climática"", que é uma ação de mitigação e preparação para riscos climáticos.",TRUE,FALSE,FALSE,TRUE,TRUE,FALSE,FALSE,FALSE,FALSE,FALSE,FALSE,FALSE,FALSE,FALSE,0,Não há menção direta a risco ou desastre.
160002540833_J0007,relevante,"O trecho menciona ""área de risco"" e moradias em margens de rio e encostas, indicando vulnerabilidade a eventos extremos naturais.",TRUE,FALSE,FALSE,FALSE,TRUE,TRUE,FALSE,FALSE,FALSE,FALSE,FALSE,FALSE,FALSE,FALSE,3,Descreve a construção de casas seguras para pessoas em áreas de risco.
160002540833_J0008,relevante,"O trecho menciona explicitamente a redução de enchentes e alagamentos, que são eventos extremos naturais.",TRUE,FALSE,FALSE,FALSE,TRUE,FALSE,FALSE,FALSE,FALSE,FALSE,FALSE,FALSE,FALSE,FALSE,2,"Nomeia um plano de drenagem urbana para reduzir enchentes, sem detalhar ações específicas."
160002540833_J0009,relevante,"O trecho menciona explicitamente os riscos de enchentes, o que caracteriza um risco natural e justifica a classificação como relevante.",TRUE,FALSE,FALSE,FALSE,TRUE,FALSE,FALSE,FALSE,FALSE,FALSE,FALSE,FALSE,FALSE,FALSE,3,Construção da estrada para eliminar riscos de enchentes.
160002540833_J0010,nao_relevante,"O texto não menciona nenhum risco, desastre ou evento climático.",,,,,,,,,,,,,,,,
160002540833_J0011,nao_relevante,"O trecho menciona apenas gestão de riscos em geral, sem referência a eventos naturais, climáticos ou desastres.",,,,,,,,,,,,,,,,
160002540833_J0012,relevante,"O trecho menciona ""defesa civil"", que é uma expressão de risco e desastre.",FALSE,FALSE,FALSE,FALSE,FALSE,FALSE,FALSE,FALSE,FALSE,FALSE,FALSE,FALSE,FALSE,TRUE,2,Declara compromisso de fortalecer a defesa civil sem detalhar ações concretas.
160002540833_J0013,relevante,"O trecho menciona explicitamente a Defesa Civil e ações de prevenção, preparação e resposta a desastres e eventos climáticos extremos.",TRUE,TRUE,FALSE,FALSE,FALSE,FALSE,FALSE,FALSE,FALSE,FALSE,FALSE,FALSE,FALSE,TRUE,2,Declara um compromisso geral de fortalecer capacidades sem especificar ações concretas.
160002540833_J0014,relevante,O trecho menciona explicitamente a Defesa Civil e a capacidade de prevenção e resposta a desastres e emergências.,TRUE,TRUE,FALSE,FALSE,FALSE,FALSE,FALSE,FALSE,FALSE,FALSE,FALSE,FALSE,FALSE,TRUE,2,Compromisso genérico de ampliar capacidades sem ação específica.
160002540833_J0015,relevante,"O trecho menciona explicitamente riscos e eventos extremos (enchentes, incêndios, deslizamentos) e ações de Defesa Civil.",TRUE,TRUE,FALSE,FALSE,TRUE,TRUE,FALSE,TRUE,FALSE,FALSE,FALSE,FALSE,FALSE,FALSE,3,"Apresenta ações concretas (expansão de sistemas, equipes) para prevenir e responder a riscos e desastres."
160002547666_J0001,relevante,O trecho menciona explicitamente a preparação de planos de continuidade diante de crises e desastres.,TRUE,FALSE,FALSE,FALSE,FALSE,FALSE,FALSE,FALSE,FALSE,FALSE,FALSE,FALSE,FALSE,TRUE,3,A frase descreve a ação de preparar planos de continuidade para serviços essenciais diante de crises e desastres.
160002547666_J0002,relevante,"O trecho menciona ""defesa civil"", que entra na lista de termos que indicam risco ou desastre.",TRUE,FALSE,FALSE,FALSE,FALSE,FALSE,FALSE,FALSE,FALSE,FALSE,FALSE,FALSE,FALSE,FALSE,2,"Propõe apoio a soluções compartilhadas para defesa civil, sem detalhar ação específica."
160002547666_J0003,nao_relevante,"O trecho não menciona eventos extremos, riscos naturais ou ações de defesa civil relacionadas a desastres.",,,,,,,,,,,,,,,,
160002547666_J0004,relevante,"O trecho menciona explicitamente a Defesa Civil, mapeamento de riscos e resposta rápida a desastres.",TRUE,TRUE,TRUE,FALSE,FALSE,FALSE,FALSE,FALSE,FALSE,FALSE,FALSE,FALSE,FALSE,TRUE,3,"Apresenta ações concretas de prevenção e resposta (mapear riscos, ampliar alertas, apoiar planos municipais)."
160002547666_J0005,relevante,"O trecho menciona explicitamente adaptação climática, proteção contra perdas e alertas para eventos extremos.",TRUE,FALSE,FALSE,FALSE,FALSE,FALSE,FALSE,FALSE,FALSE,FALSE,FALSE,FALSE,FALSE,TRUE,2,"Propõe ampliar proteção e alertas para eventos extremos, sem detalhar ação concreta."
160002547666_J0006,relevante,"O trecho menciona ""áreas de risco"", o que indica preocupação com riscos e vulnerabilidade a eventos extremos naturais.",TRUE,FALSE,FALSE,FALSE,FALSE,FALSE,FALSE,FALSE,FALSE,FALSE,FALSE,FALSE,FALSE,TRUE,2,Declara compromisso de proteger famílias em áreas de risco sem detalhar ação específica.
160002547666_J0007,relevante,"O trecho menciona ""Áreas de risco"" e ações relacionadas a drenagem, contenção e recuperação ambiental.",TRUE,FALSE,FALSE,FALSE,FALSE,FALSE,FALSE,FALSE,FALSE,FALSE,FALSE,FALSE,FALSE,TRUE,2,"Propõe prioridade de permanência segura em áreas de risco, sem ação concreta."
160002547666_J0008,clima_geral,O trecho menciona a crise climática de forma geral sem citar eventos extremos ou medidas específicas de risco.,,,,,,,,,,,,,,,,
160002547666_J0009,relevante,"O trecho menciona explicitamente eventos extremos como secas, enchentes e deslizamentos, além de riscos relacionados a barragens e segurança hídrica.",TRUE,FALSE,FALSE,FALSE,TRUE,TRUE,TRUE,FALSE,TRUE,FALSE,FALSE,TRUE,FALSE,FALSE,2,"As frases citadas apresentam compromissos e diretrizes gerais para lidar com riscos e desastres, sem detalhar ações específicas ou metas quantificáveis."
160002548010_J0001,relevante,"O trecho menciona explicitamente eventos extremos (secas, enchentes, deslizamentos) e tragédias ambientais, caracterizando risco/desastre.",FALSE,FALSE,FALSE,FALSE,TRUE,TRUE,TRUE,FALSE,FALSE,FALSE,FALSE,TRUE,FALSE,FALSE,1,Todas as frases entre »« descrevem causas ou impactos de risco e desastre sem propor soluções.
160002548010_J0002,relevante,"O trecho menciona planos de prevenção contra enchentes e deslizamentos, alertas e rotas de fuga, caracterizando risco e desastre.",TRUE,FALSE,FALSE,FALSE,TRUE,TRUE,FALSE,FALSE,FALSE,FALSE,FALSE,FALSE,FALSE,FALSE,3,"Descreve ações concretas de prevenção e organização comunitária, sem metas ou valores."
160002549553_J0001,clima_geral,"O trecho menciona mudanças climáticas de forma geral, sem referir a eventos extremos, riscos ou adaptações específicas.",,,,,,,,,,,,,,,,
160002549553_J0002,relevante,"O trecho menciona explicitamente ""risco climático"", o que entra na lista de termos que indicam risco ou desastre.",TRUE,FALSE,FALSE,FALSE,FALSE,FALSE,FALSE,FALSE,FALSE,FALSE,FALSE,FALSE,FALSE,TRUE,2,"Declara compromisso de orientar estratégias conforme risco climático, sem ação específica."
160002549553_J0003,relevante,"O trecho menciona a defesa civil em preparação para eventos climáticos intensos, indicando gestão de risco e adaptação climática.",TRUE,FALSE,FALSE,FALSE,FALSE,FALSE,FALSE,FALSE,FALSE,FALSE,FALSE,FALSE,FALSE,TRUE,2,"As frases indicam diretrizes e compromissos gerais sobre prevenção, mitigação e adaptação a eventos climáticos, sem descrever ações específicas."
160002549553_J0004,relevante,"O trecho menciona explicitamente ""resiliência climática"" e ""Soluções Baseadas na Natureza"", que são expressões relacionadas a riscos climáticos, qualificando-o como relevante.",FALSE,FALSE,FALSE,FALSE,FALSE,FALSE,FALSE,FALSE,FALSE,FALSE,FALSE,FALSE,FALSE,FALSE,2,Menciona compromisso com resiliência climática sem detalhar ação específica.
160002549553_J0005,relevante,"O trecho menciona explicitamente ""eventos climáticos extremos"" e descreve ações de resposta, caracterizando risco climático.",TRUE,FALSE,FALSE,FALSE,FALSE,FALSE,FALSE,FALSE,FALSE,FALSE,FALSE,FALSE,FALSE,TRUE,3,Descreve a criação de uma rede integrada para lidar com eventos climáticos extremos.
160002549553_J0006,relevante,"O trecho menciona integração com a Defesa Civil e preparação para emergências, atendendo aos critérios de relevância.",TRUE,FALSE,FALSE,FALSE,FALSE,FALSE,FALSE,FALSE,FALSE,FALSE,FALSE,FALSE,FALSE,FALSE,3,Descreve ações concretas de preparação e resposta a emergências em saúde pública.
160002549553_J0007,relevante,"O trecho menciona proteção reforçada durante eventos climáticos, indicando foco em riscos e desastres naturais.",TRUE,FALSE,FALSE,FALSE,FALSE,FALSE,FALSE,FALSE,FALSE,FALSE,FALSE,FALSE,FALSE,TRUE,3,"A frase descreve a ação de reforçar proteção em regiões fronteiriças e durante eventos climáticos, que é uma medida concreta sobre risco e desastre."
160002549553_J0008,relevante,"O trecho menciona a Defesa Civil, o que entra na lista de expressões que indicam foco em risco ou desastre.",TRUE,FALSE,FALSE,FALSE,FALSE,FALSE,FALSE,FALSE,FALSE,FALSE,FALSE,FALSE,FALSE,FALSE,2,"Propõe integração institucional para proteger infraestrutura sanitária, sem ação específica."
160002549553_J0009,relevante,"O trecho menciona explicitamente capacidade de resposta a emergências e desastres, alinhado à Defesa Civil.",TRUE,TRUE,FALSE,FALSE,FALSE,FALSE,FALSE,FALSE,FALSE,FALSE,FALSE,FALSE,FALSE,TRUE,2,"Define compromisso estratégico de proteção e resposta a emergências, sem ação específica."
160002549553_J0010,relevante,O trecho menciona a Defesa Civil e serviços de emergência coordenados.,FALSE,TRUE,FALSE,FALSE,FALSE,FALSE,FALSE,FALSE,FALSE,FALSE,FALSE,FALSE,FALSE,FALSE,3,"Descreve a criação de uma rede integrada de resposta rápida, que é uma ação concreta sobre risco e desastre."
160002549553_J0011,relevante,"O trecho menciona explicitamente a Defesa Civil e ações de prevenção, preparação e resposta a incêndios florestais, enchentes e deslizamentos.",TRUE,TRUE,FALSE,FALSE,TRUE,TRUE,FALSE,TRUE,FALSE,FALSE,FALSE,FALSE,FALSE,FALSE,2,"Apresenta compromisso de ampliar ações de prevenção e resposta, sem detalhar medidas concretas."
160002549553_J0012,relevante,"O trecho menciona explicitamente resposta especializada a eventos climáticos e ambientais, indicando ação de prevenção ou mitigação de riscos.",FALSE,TRUE,FALSE,FALSE,FALSE,FALSE,FALSE,FALSE,FALSE,FALSE,FALSE,FALSE,FALSE,TRUE,2,Proposta de compromisso geral sobre resposta especializada a eventos climáticos e ambientais.
160002549553_J0013,clima_geral,"O trecho menciona apenas a resiliência climática de forma geral, sem referir eventos extremos, riscos ou medidas específicas.",,,,,,,,,,,,,,,,
160002549553_J0014,relevante,"O trecho menciona protocolos para enchentes, secas e desastres, indicando planejamento de resposta a eventos extremos.",TRUE,FALSE,FALSE,FALSE,TRUE,FALSE,TRUE,FALSE,FALSE,FALSE,FALSE,FALSE,FALSE,FALSE,3,Define uma ação concreta de preparação alimentar para emergências.
160002549553_J0015,relevante,"O trecho menciona alertas, evacuação e abrigos acessíveis em situações de desastre.",TRUE,TRUE,FALSE,FALSE,FALSE,FALSE,FALSE,FALSE,FALSE,FALSE,FALSE,FALSE,FALSE,TRUE,2,"Define protocolos e diretrizes para evacuação e abrigos em desastres, sem detalhar ações concretas."
160002549553_J0016,relevante,"O trecho menciona explicitamente ""adaptação climática"", que é uma ação de mitigação de risco climático, qualificando-o como relevante.",FALSE,FALSE,FALSE,TRUE,FALSE,FALSE,FALSE,FALSE,FALSE,FALSE,FALSE,FALSE,FALSE,FALSE,2,"A frase propõe um compromisso de mobilizar recursos para adaptação climática, sem detalhar ações concretas."
160002549553_J0017,nao_relevante,"O trecho trata apenas de emergências sanitárias e controle de doenças, não envolvendo riscos naturais ou climáticos.",,,,,,,,,,,,,,,,
160002549553_J0018,relevante,"O trecho menciona prevenção de incêndios e adaptação climática, que são eventos extremos e medidas de risco.",TRUE,FALSE,FALSE,FALSE,FALSE,FALSE,FALSE,TRUE,FALSE,FALSE,FALSE,FALSE,FALSE,FALSE,2,Propõe compromisso de prevenção de incêndios e adaptação climática sem detalhar ação específica.
160002549553_J0019,clima_geral,"O trecho menciona apenas a resiliência climática de forma geral, sem referir eventos extremos ou ações específicas.",,,,,,,,,,,,,,,,
160002549553_J0020,clima_geral,"O trecho menciona apenas a resiliência climática de forma geral, sem citar eventos extremos, riscos ou ações específicas.",,,,,,,,,,,,,,,,
160002549553_J0021,clima_geral,"O trecho menciona apenas ""resiliência climática"" sem referir a eventos extremos, riscos ou ações específicas de mitigação.",,,,,,,,,,,,,,,,
160002549553_J0022,clima_geral,O trecho menciona adaptação às mudanças climáticas sem citar eventos extremos ou riscos específicos.,,,,,,,,,,,,,,,,
160002549553_J0023,relevante,O trecho menciona obras dimensionadas para resistir a chuvas intensas e eventos climáticos extremos.,TRUE,FALSE,FALSE,FALSE,TRUE,FALSE,FALSE,FALSE,FALSE,FALSE,FALSE,FALSE,FALSE,FALSE,3,Ação concreta de infraestrutura para resistir a chuvas intensas e eventos climáticos extremos.
160002549553_J0024,relevante,"O trecho menciona ""resiliência a eventos climáticos"", indicando vulnerabilidade a riscos climáticos.",FALSE,FALSE,FALSE,FALSE,FALSE,FALSE,FALSE,FALSE,FALSE,FALSE,FALSE,FALSE,FALSE,TRUE,2,"Compromisso de evoluir com resiliência a eventos climáticos, sem ação específica."
160002549553_J0025,relevante,"O trecho menciona explicitamente ""adaptação climática"", o que entra na lista de expressões que qualificam a classificação como relevante.",TRUE,FALSE,FALSE,TRUE,FALSE,FALSE,FALSE,FALSE,FALSE,FALSE,FALSE,FALSE,FALSE,FALSE,2,"A frase indica um compromisso de desenvolver modelos regionais que incluam adaptação climática, sem especificar ações concretas."
160002549553_J0026,relevante,"O trecho menciona explicitamente ""riscos climáticos"" e ""contenção de cheias"", que são eventos extremos naturais, qualificando-o como relevante.",TRUE,FALSE,FALSE,FALSE,TRUE,FALSE,FALSE,FALSE,FALSE,FALSE,FALSE,FALSE,FALSE,FALSE,3,"A frase descreve ações concretas (infraestrutura verde, proteção de mananciais, manejo sustentável das águas pluviais e contenção de cheias) para prevenir ou mitigar riscos de desastres."
160002549553_J0027,relevante,"O trecho menciona explicitamente enchentes, deslizamentos e outras ameaças climáticas, além de ações de defesa civil e adaptação.",TRUE,FALSE,FALSE,FALSE,TRUE,TRUE,FALSE,FALSE,TRUE,FALSE,TRUE,FALSE,FALSE,FALSE,3,Programa descreve ação de integrar setores para reduzir exposição a riscos.
160002549553_J0028,relevante,O trecho menciona explicitamente riscos habitacionais e ações de adaptação e mitigação.,TRUE,FALSE,FALSE,FALSE,FALSE,TRUE,FALSE,FALSE,FALSE,FALSE,FALSE,FALSE,FALSE,FALSE,3,"Apresenta ações concretas de adaptação, reassentamento e prevenção em risco habitacional."
160002549553_J0029,relevante,"O trecho menciona explicitamente enchentes, deslizamentos e preparação para eventos extremos.",TRUE,FALSE,FALSE,FALSE,TRUE,TRUE,FALSE,FALSE,FALSE,FALSE,FALSE,FALSE,FALSE,FALSE,2,"Declara compromissos de reduzir exposição e preparar moradias, sem especificar ações concretas."
160002549553_J0030,relevante,"O trecho menciona explicitamente ""monitoramento de riscos climáticos"", atendendo ao critério de risco climático.",TRUE,FALSE,FALSE,FALSE,FALSE,FALSE,FALSE,FALSE,FALSE,FALSE,FALSE,FALSE,FALSE,TRUE,3,"Cria um observatório que monitora riscos climáticos, uma ação concreta sobre risco e desastre."
160002549553_J0031,relevante,"O trecho menciona explicitamente ações de adaptação, mitigação e resiliência frente às mudanças climáticas.",TRUE,FALSE,FALSE,TRUE,FALSE,FALSE,FALSE,FALSE,FALSE,FALSE,FALSE,FALSE,FALSE,TRUE,2,Define diretrizes de proteção ambiental e adaptação climática sem especificar ações concretas.
160002549553_J0032,relevante,"O trecho menciona explicitamente enchentes, deslizamentos, secas e outras ameaças climáticas, além de planos de adaptação e apoio da Defesa Civil.",TRUE,FALSE,FALSE,TRUE,TRUE,TRUE,TRUE,FALSE,TRUE,FALSE,FALSE,FALSE,FALSE,FALSE,3,"Apresenta ações concretas de infraestrutura e planejamento para reduzir riscos de enchentes, deslizamentos, secas e ondas de calor."
160002549553_J0033,relevante,"O trecho menciona explicitamente riscos climáticos, eventos extremos e a atuação da Defesa Civil.",TRUE,FALSE,FALSE,TRUE,FALSE,TRUE,FALSE,TRUE,FALSE,FALSE,FALSE,FALSE,FALSE,FALSE,3,"Descreve ações concretas (monitoramento, alertas, infraestrutura resiliente) para prevenir e responder a riscos climáticos."
160002549553_J0034,relevante,"O trecho menciona explicitamente riscos climáticos e adaptações para secas, enchentes e ondas de calor.",TRUE,TRUE,TRUE,TRUE,TRUE,FALSE,TRUE,FALSE,TRUE,FALSE,FALSE,FALSE,FALSE,FALSE,2,Declarações de compromisso sem ação específica
160002549553_J0035,relevante,"O texto menciona explicitamente a ampliação da capacidade de adaptação dos territórios frente às mudanças climáticas, o que caracteriza uma ação de adaptação climática.",TRUE,FALSE,FALSE,TRUE,FALSE,FALSE,FALSE,FALSE,FALSE,FALSE,FALSE,FALSE,FALSE,TRUE,3,A frase descreve a ação de desenvolver novas fontes e tecnologias para adaptar os territórios às mudanças climáticas.
160002549553_J0036,relevante,"O trecho menciona explicitamente secas, cheias, riscos de abastecimento e adaptação climática para eventos extremos.",TRUE,FALSE,FALSE,TRUE,TRUE,FALSE,TRUE,FALSE,FALSE,FALSE,FALSE,FALSE,FALSE,FALSE,3,Propõe ações concretas de monitoramento e adaptação para riscos hídricos.
160002549553_J0037,relevante,"O trecho menciona riscos costeiros e adaptações específicas (erosão, inundações, áreas de risco) com ações concretas.",TRUE,FALSE,TRUE,TRUE,FALSE,FALSE,FALSE,FALSE,FALSE,FALSE,TRUE,FALSE,FALSE,FALSE,3,"A frase descreve ações concretas de monitoramento e obras resilientes para adaptação costeira, bem como proteção e restauração de ecossistemas."
160002549553_J0038,relevante,"O trecho menciona proteção contra erosão, ressacas, inundações e eventos extremos, indicando risco climático e medidas de mitigação.",TRUE,FALSE,TRUE,FALSE,TRUE,FALSE,FALSE,FALSE,FALSE,FALSE,TRUE,FALSE,FALSE,FALSE,2,Declara um compromisso de proteger o litoral sem detalhar ações específicas.
160002549553_J0039,relevante,"O trecho menciona explicitamente ""risks"" e impactos das mudanças climáticas, enquadrando-se na definição de risco/clima.",TRUE,FALSE,FALSE,FALSE,FALSE,FALSE,FALSE,FALSE,FALSE,FALSE,FALSE,FALSE,FALSE,TRUE,0,Cita risco climático sem detalhar ação concreta.
160002549553_J0040,relevante,"O trecho menciona ""territórios prioritários para a Defesa Civil"", o que entra na lista de expressões que indicam foco em risco e desastre, classificando-o como relevante.",TRUE,FALSE,FALSE,FALSE,FALSE,FALSE,FALSE,FALSE,FALSE,FALSE,FALSE,FALSE,FALSE,FALSE,2,"Proposta de compromisso para ampliar conectividade em territórios prioritários da Defesa Civil, sem ação específica identificável."
160002549553_J0041,nao_relevante,"O trecho descreve apenas a estruturação de uma carreira e atividades administrativas, sem mencionar riscos naturais, desastres ou agenda climática.",,,,,,,,,,,,,,,,
160002549553_J0042,nao_relevante,O texto trata apenas de gestão e avaliação de projetos públicos sem mencionar riscos naturais ou eventos extremos.,,,,,,,,,,,,,,,,
160002549553_J0043,nao_relevante,"O trecho menciona apenas gestão de riscos em geral, sem referência a eventos naturais, climáticos ou desastres.",,,,,,,,,,,,,,,,
160002549553_J0044,clima_geral,"O trecho menciona apenas a resiliência climática de forma geral, sem referir eventos extremos ou ações específicas de mitigação.",,,,,,,,,,,,,,,,
160002549553_J0045,nao_relevante,"O trecho menciona apenas gestão de riscos em geral, sem referência a eventos naturais, climáticos ou desastres.",,,,,,,,,,,,,,,,
160002549553_J0046,nao_relevante,"O texto menciona apenas gestão de riscos em geral, sem referência a riscos naturais, desastres ou clima.",,,,,,,,,,,,,,,,
160002549553_J0047,relevante,"O trecho menciona ""adaptação climática"" em relação à manutenção de ativos.",TRUE,FALSE,FALSE,FALSE,FALSE,FALSE,FALSE,FALSE,FALSE,FALSE,FALSE,FALSE,FALSE,FALSE,3,A frase descreve ações concretas de monitoramento e prevenção para reduzir riscos climáticos.
160002549553_J0048,clima_geral,"O trecho menciona apenas a mudança climática de forma geral, sem citar eventos extremos, riscos ou medidas específicas.",,,,,,,,,,,,,,,,
160002549553_J0049,relevante,"O trecho menciona explicitamente secas, enchentes e a criação de um batalhão ambiental para respostas rápidas a desastres climáticos.",TRUE,TRUE,FALSE,FALSE,TRUE,FALSE,TRUE,FALSE,FALSE,FALSE,FALSE,FALSE,FALSE,FALSE,3,Ação concreta: criar soluções baseadas na natureza e um Batalhão Ambiental.
160002549553_J0050,clima_geral,"O trecho menciona mudanças climáticas de forma geral, sem referir a eventos extremos, riscos ou adaptações específicas.",,,,,,,,,,,,,,,,
160002551353_J0001,relevante,"O trecho menciona ""defesa civil"", que é uma expressão listada como critério de relevância.",TRUE,FALSE,FALSE,FALSE,FALSE,FALSE,FALSE,FALSE,FALSE,FALSE,FALSE,FALSE,FALSE,FALSE,2,Proposta de apoio institucional à defesa civil sem ação específica.
160002551353_J0002,relevante,"O trecho menciona explicitamente enchentes, secas e outros desastres na defesa civil.",FALSE,FALSE,FALSE,FALSE,TRUE,FALSE,TRUE,FALSE,FALSE,FALSE,FALSE,FALSE,FALSE,FALSE,1,"A frase descreve que enchentes, secas e outros desastres ultrapassam limites municipais, sem propor solução."
160002551353_J0003,relevante,"O trecho menciona explicitamente a resiliência frente a enchentes e deslizamentos, que são eventos extremos naturais.",FALSE,FALSE,FALSE,FALSE,TRUE,TRUE,FALSE,FALSE,FALSE,FALSE,FALSE,FALSE,FALSE,FALSE,2,Lista de critérios que inclui resiliência a enchentes e deslizamentos.
160002551353_J0004,relevante,"O trecho menciona explicitamente prevenção de desastres e recuperação ambiental, que são eventos extremos naturais.",TRUE,FALSE,TRUE,FALSE,FALSE,FALSE,FALSE,TRUE,FALSE,FALSE,FALSE,FALSE,FALSE,FALSE,3,A frase sobre formação em prevenção de incêndios descreve uma ação concreta.
160002551353_J0005,relevante,"O texto menciona ""defesa civil"", que é uma expressão da lista de risco/disastro, portanto classifica-se como relevante.",TRUE,FALSE,FALSE,FALSE,FALSE,FALSE,FALSE,FALSE,FALSE,FALSE,FALSE,FALSE,FALSE,FALSE,2,"Declara compromisso de integrar setores, sem ação específica."
160002551353_J0006,relevante,"O trecho menciona ""áreas de risco"", o que entra na lista de expressões que indicam risco ou desastre natural.",TRUE,FALSE,FALSE,FALSE,FALSE,FALSE,FALSE,FALSE,FALSE,FALSE,FALSE,FALSE,FALSE,TRUE,3,Integração de dados em mapa estadual é uma ação concreta sobre risco e desastre.
160002551353_J0007,relevante,"O trecho menciona famílias retiradas de áreas de risco, indicando preocupação com riscos e desastres naturais.",TRUE,FALSE,FALSE,FALSE,FALSE,FALSE,FALSE,FALSE,FALSE,FALSE,FALSE,FALSE,FALSE,TRUE,2,"Define critérios de avaliação que incluem remoção de famílias de áreas de risco, sem detalhar ações concretas."
170002536575_J0001,relevante,"O trecho menciona explicitamente prevenção a enchentes, deslizamentos, planos de emergência e Defesa Civil.",TRUE,FALSE,FALSE,TRUE,TRUE,TRUE,FALSE,FALSE,FALSE,FALSE,FALSE,FALSE,FALSE,FALSE,3,"O trecho descreve planos concretos de prevenção e evacuação, caracterizando ações específicas sobre risco e desastre."
170002537227_J0001,relevante,"O trecho menciona explicitamente a contenção de encostas e a prevenção de desastres, que são eventos extremos naturais.",TRUE,FALSE,FALSE,FALSE,FALSE,TRUE,FALSE,FALSE,FALSE,FALSE,FALSE,FALSE,FALSE,FALSE,3,"A frase descreve a criação de soluções tecnológicas para contenção de encostas e prevenção de desastres, uma ação concreta sobre risco e desastre."
170002537227_J0002,relevante,"O trecho menciona requalificação de áreas de risco, indicando ação sobre riscos naturais.",TRUE,FALSE,FALSE,FALSE,FALSE,FALSE,FALSE,FALSE,FALSE,FALSE,TRUE,FALSE,FALSE,FALSE,3,Ação concreta de conter erosões e requalificar áreas de risco.
170002537227_J0003,relevante,"O trecho menciona explicitamente ""resiliência climática"", indicando ação de adaptação a riscos climáticos.",FALSE,FALSE,FALSE,TRUE,FALSE,FALSE,FALSE,FALSE,FALSE,FALSE,FALSE,FALSE,FALSE,FALSE,2,"Propõe ampliar logística, segurança hídrica e resiliência climática sem detalhar ações específicas."
170002537227_J0004,clima_geral,"A frase menciona apenas a resiliência climática de forma geral, sem citar eventos extremos ou ações específicas.",,,,,,,,,,,,,,,,
170002537227_J0005,clima_geral,"O trecho menciona apenas mudanças climáticas de forma geral, sem citar eventos extremos, riscos ou medidas específicas.",,,,,,,,,,,,,,,,
170002537227_J0006,relevante,"O trecho menciona obras de contenção de enchentes e barragens para proteger famílias de cheias, indicando ações concretas de mitigação de risco climático.",TRUE,FALSE,FALSE,FALSE,TRUE,FALSE,FALSE,FALSE,FALSE,FALSE,FALSE,FALSE,FALSE,FALSE,3,"Retoma obras e barragens para conter enchentes, ação concreta de prevenção."
170002537227_J0007,relevante,"O trecho menciona explicitamente enchentes, barragens e proteção civil contra desastres climáticos.",TRUE,FALSE,FALSE,FALSE,TRUE,FALSE,FALSE,FALSE,FALSE,FALSE,FALSE,FALSE,FALSE,FALSE,3,Ações concretas de construção e conclusão de barragens para prevenir enchentes.
170002537227_J0008,relevante,"O trecho menciona ""efeitos extremos das mudanças climáticas"", que se enquadra na categoria de eventos extremos e riscos climáticos.",FALSE,FALSE,FALSE,FALSE,FALSE,FALSE,FALSE,FALSE,FALSE,FALSE,FALSE,FALSE,FALSE,TRUE,1,Descreve problema de clima/extremos sem solução
170002537227_J0009,relevante,"O trecho menciona intervenções em áreas de risco, obras de contenção e adaptação para proteger comunidades contra alagamentos, indicando ações de prevenção a desastres naturais.",TRUE,FALSE,FALSE,TRUE,TRUE,FALSE,FALSE,FALSE,FALSE,FALSE,FALSE,FALSE,FALSE,FALSE,3,"A frase descreve a construção de obras de contenção, uma ação concreta sobre risco/disastro."
170002537227_J0010,relevante,"O trecho menciona explicitamente a adaptação climática e o combate aos efeitos das mudanças climáticas, atendendo ao critério de relevância.",FALSE,FALSE,FALSE,TRUE,FALSE,FALSE,FALSE,FALSE,FALSE,FALSE,FALSE,FALSE,FALSE,TRUE,2,"A passagem apresenta compromissos e diretrizes gerais sobre combate às mudanças climáticas e adaptação, sem descrever ações concretas ou metas específicas."
170002537227_J0011,relevante,"O trecho menciona explicitamente planos de contingência e resposta a desastres, adaptação climática e fortalecimento da capacidade de prevenção e reação a riscos climáticos.",TRUE,FALSE,FALSE,TRUE,FALSE,FALSE,FALSE,FALSE,FALSE,FALSE,FALSE,FALSE,FALSE,TRUE,3,"Ações concretas de adaptação e prevenção climática são descritas, sem metas ou indicadores específicos."
170002537227_J0012,relevante,"O trecho menciona explicitamente a promoção da resiliência climática das áreas costeiras, o que constitui uma ação de adaptação climática.",FALSE,FALSE,FALSE,TRUE,FALSE,FALSE,FALSE,FALSE,FALSE,FALSE,FALSE,FALSE,FALSE,TRUE,2,Declara compromisso de fortalecer gestão costeira sem detalhar ação específica.
170002537227_J0013,relevante,"O trecho menciona explicitamente ""adaptação climática"", o que entra na lista de itens que tornam a classificação relevante.",FALSE,FALSE,FALSE,FALSE,FALSE,FALSE,FALSE,FALSE,FALSE,FALSE,FALSE,FALSE,FALSE,FALSE,2,"Declara um compromisso geral de promover o Sertão como polo estratégico para adaptação climática, sem detalhar ações concretas."
170002537227_J0014,relevante,"O trecho menciona crise climática e vulnerabilidade de famílias, indicando risco climático.",TRUE,FALSE,FALSE,FALSE,FALSE,FALSE,FALSE,FALSE,FALSE,FALSE,FALSE,FALSE,FALSE,TRUE,1,"Descreve déficit habitacional agravado pela crise climática, sem propor solução."
170002537227_J0015,relevante,"O trecho menciona prevenção de desastres, proteção de encostas e mitigação do risco de deslizamentos estruturais.",TRUE,FALSE,FALSE,FALSE,FALSE,TRUE,FALSE,FALSE,FALSE,FALSE,FALSE,FALSE,FALSE,FALSE,4,Ação concreta (obra de proteção de encostas) com orçamento especificado.
170002537227_J0016,relevante,"O trecho menciona mitigação de enchentes e macrodrenagem, que são ações explícitas de prevenção a riscos climáticos.",TRUE,FALSE,TRUE,FALSE,TRUE,FALSE,FALSE,FALSE,FALSE,FALSE,FALSE,FALSE,FALSE,FALSE,3,Descreve a ação de lançar licitação para macrodrenagem e desassoreamento visando mitigar enchentes.
170002537227_J0017,relevante,"O trecho menciona explicitamente obras de macrodrenagem, saneamento e estabilização de encostas em áreas de risco.",TRUE,FALSE,FALSE,FALSE,FALSE,TRUE,FALSE,FALSE,FALSE,FALSE,FALSE,FALSE,FALSE,FALSE,3,"As frases indicam a execução concreta de obras de macrodrenagem, saneamento e estabilização de encostas em áreas de risco, bem como a viabilização de recursos para tais projetos."
170002537227_J0018,relevante,O trecho menciona obras de contenção em áreas de risco e o fortalecimento da Defesa Civil para proteger contra eventos climáticos extremos.,TRUE,FALSE,FALSE,FALSE,FALSE,TRUE,FALSE,FALSE,FALSE,FALSE,FALSE,FALSE,FALSE,FALSE,3,Ações concretas de contenção e fortalecimento da Defesa Civil são descritas sem metas ou valores.
170002537227_J0019,relevante,"O trecho menciona explicitamente a Defesa Civil, inspeções de barragens e medidas para prevenir e responder a eventos climáticos extremos como enchentes.",TRUE,FALSE,FALSE,FALSE,TRUE,FALSE,FALSE,FALSE,FALSE,FALSE,FALSE,FALSE,FALSE,FALSE,2,Compromisso de apoio técnico sem ação concreta definida.
170002537227_J0020,relevante,"O trecho menciona explicitamente a ""Conferência Internacional sobre Adaptação Climática Baseada na Comunidade"", indicando ação de adaptação climática.",FALSE,FALSE,FALSE,FALSE,FALSE,FALSE,FALSE,FALSE,FALSE,FALSE,FALSE,FALSE,FALSE,FALSE,0,Não há menção a risco ou desastre.
170002537227_J0021,clima_geral,"O trecho menciona mudanças climáticas de forma geral, sem referir a eventos extremos ou medidas específicas de adaptação.",,,,,,,,,,,,,,,,
170002537230_J0001,clima_geral,"O trecho menciona apenas a crise climática de forma geral, sem citar eventos extremos ou medidas específicas.",,,,,,,,,,,,,,,,
170002537230_J0002,nao_relevante,"O trecho menciona defesa civil e gestão de riscos, mas não faz referência a eventos extremos naturais, desastres ou adaptações climáticas explícitas.",,,,,,,,,,,,,,,,
170002537230_J0003,clima_geral,"O trecho menciona apenas a mudança climática de forma geral, sem citar eventos extremos, riscos ou medidas específicas de adaptação.",,,,,,,,,,,,,,,,
170002537230_J0004,relevante,"O trecho menciona explicitamente a redução de impactos das secas e proteção contra enchentes, que são eventos extremos naturais.",TRUE,FALSE,FALSE,FALSE,TRUE,FALSE,TRUE,FALSE,FALSE,FALSE,FALSE,FALSE,FALSE,FALSE,3,A frase descreve a execução de obras hídricas específicas para reduzir secas e proteger contra enchentes.
170002537230_J0005,relevante,"O trecho menciona prevenção e adaptação climática, contenção de encostas e reassentamento seguro em territórios vulneráveis, indicando ações concretas para mitigar riscos naturais.",TRUE,FALSE,FALSE,TRUE,FALSE,TRUE,FALSE,FALSE,FALSE,FALSE,FALSE,FALSE,FALSE,FALSE,2,"Apresenta diretrizes e prioridades para lidar com riscos climáticos, sem detalhar ações específicas."
170002537230_J0006,nao_relevante,"O trecho menciona apenas redução de riscos gerais e melhorias urbanas, sem referência a eventos extremos naturais ou agenda climática.",,,,,,,,,,,,,,,,
170002537230_J0007,relevante,"O trecho menciona explicitamente riscos climáticos (deslizamentos, alagamentos) e eventos extremos.",TRUE,FALSE,FALSE,FALSE,TRUE,TRUE,FALSE,FALSE,FALSE,FALSE,FALSE,FALSE,FALSE,FALSE,3,Descreve obras específicas para reduzir riscos climáticos.
170002537230_J0008,relevante,"O trecho menciona ""defesa civil"" e a necessidade de prevenção e planejamento, o que entra na lista de termos que indicam foco em riscos ou desastres naturais.",TRUE,FALSE,FALSE,FALSE,FALSE,FALSE,FALSE,FALSE,FALSE,FALSE,FALSE,FALSE,FALSE,TRUE,2,Declara compromissos e diretrizes gerais sem ações concretas.
170002537230_J0009,relevante,"O trecho menciona explicitamente a gestão integrada de riscos, prevenção, mitigação, preparação, resposta e recuperação diante de desastres.",TRUE,TRUE,TRUE,FALSE,FALSE,FALSE,FALSE,FALSE,FALSE,FALSE,FALSE,FALSE,FALSE,TRUE,3,Implantar uma Política Estadual de Resiliência Climática e Gestão Integrada de Riscos é uma ação concreta sobre risco e desastre.
170002537230_J0010,relevante,"O trecho menciona explicitamente eventos extremos e medidas de adaptação climática, como proteção da costa e recuperação ambiental.",TRUE,FALSE,FALSE,TRUE,FALSE,FALSE,FALSE,FALSE,FALSE,FALSE,TRUE,FALSE,FALSE,FALSE,3,Propõe a criação de planos e programas específicos para risco/desastre.
170002537320_J0001,relevante,O trecho menciona explicitamente a seca como evento extremo.,FALSE,FALSE,FALSE,FALSE,FALSE,FALSE,TRUE,FALSE,FALSE,FALSE,FALSE,FALSE,FALSE,FALSE,2,"A frase ""Combater a seca no Agreste e Sertão"" estabelece um compromisso genérico sobre risco de desastres, sem detalhar ações ou metas específicas."
170002537320_J0002,relevante,"O trecho menciona deslizamentos previsíveis de encostas, que são eventos extremos naturais e riscos climáticos.",TRUE,FALSE,FALSE,FALSE,FALSE,TRUE,FALSE,FALSE,FALSE,FALSE,FALSE,FALSE,FALSE,FALSE,1,Apresenta o problema de famílias perderem vidas em deslizamentos previsíveis.
170002538097_J0001,nao_relevante,O texto trata apenas de saúde pública e políticas sociais sem mencionar riscos ou desastres climáticos.,,,,,,,,,,,,,,,,
170002538097_J0002,nao_relevante,"O trecho descreve ações de recuperação ambiental e gestão hídrica sem mencionar riscos, desastres ou eventos climáticos extremos.",,,,,,,,,,,,,,,,
170002538097_J0003,relevante,"O trecho menciona a necessidade de adaptar as escolas às mudanças climáticas, o que constitui uma adaptação climática explícita.",TRUE,FALSE,FALSE,TRUE,FALSE,FALSE,FALSE,FALSE,FALSE,FALSE,FALSE,FALSE,FALSE,TRUE,2,"Afirma que escolas devem ser adaptadas às mudanças climáticas, sem detalhar ação específica."
170002538097_J0004,relevante,"O trecho menciona explicitamente riscos climáticos (alagamentos, deslizamentos, calor extremo) e protocolos de emergência com a Defesa Civil.",TRUE,TRUE,FALSE,TRUE,TRUE,TRUE,TRUE,FALSE,TRUE,FALSE,FALSE,FALSE,FALSE,FALSE,3,Descreve ações concretas (planos e protocolos) para risco e desastre.
170002538097_J0005,relevante,"O trecho menciona famílias atingidas por emergências e calamidades e a necessidade de atuação integrada com defesa civil, indicando risco/disastro.",TRUE,FALSE,FALSE,FALSE,FALSE,FALSE,FALSE,FALSE,FALSE,FALSE,FALSE,FALSE,FALSE,TRUE,2,"Propõe ampliar capacidade de atendimento a famílias afetadas por emergências e calamidades, sem detalhar ação específica."
170002538097_J0006,relevante,"O trecho menciona enchentes e deslizamentos, eventos extremos naturais que constituem riscos e desastres.",TRUE,FALSE,FALSE,FALSE,TRUE,TRUE,FALSE,FALSE,FALSE,FALSE,FALSE,FALSE,FALSE,FALSE,2,Define requisitos e compromisso para benefícios eventuais em situações de calamidade.
170002538097_J0007,relevante,"O trecho menciona explicitamente períodos de calor intenso e eventos climáticos extremos, indicando risco climático.",TRUE,FALSE,FALSE,FALSE,FALSE,FALSE,FALSE,FALSE,TRUE,FALSE,FALSE,FALSE,FALSE,FALSE,3,A frase descreve a criação concreta de espaços públicos para mitigação de calor intenso e eventos climáticos extremos.
170002538097_J0008,relevante,"O trecho menciona explicitamente áreas de risco, desastres socioambientais e adaptações climáticas, indicando gestão de riscos naturais.",TRUE,FALSE,FALSE,TRUE,TRUE,TRUE,FALSE,FALSE,FALSE,FALSE,FALSE,FALSE,FALSE,FALSE,3,"A passagem descreve ações concretas (estudos, obras de mitigação, adaptação climática, defesa civil comunitária) para lidar com riscos e desastres."
170002538097_J0009,relevante,O trecho menciona explicitamente a Defesa Civil e planos de adaptação climática em áreas de risco.,TRUE,FALSE,FALSE,TRUE,FALSE,FALSE,FALSE,FALSE,FALSE,FALSE,FALSE,FALSE,FALSE,TRUE,2,Propõe compromisso e critérios de prioridade sem descrever ação específica.
170002538097_J0010,relevante,"O trecho menciona explicitamente riscos climáticos e desastres naturais (enchentes, deslizamentos, elevação do nível do mar, secas) e a necessidade de sistemas de alerta e prevenção.",TRUE,FALSE,FALSE,FALSE,TRUE,TRUE,TRUE,FALSE,TRUE,FALSE,TRUE,FALSE,FALSE,FALSE,3,"Apresenta ações concretas (despoluição, obras de drenagem, sistemas de alerta) para risco e desastre."
170002538097_J0011,clima_geral,"O trecho menciona a emergência climática de forma geral, sem citar eventos extremos ou medidas específicas de risco.",,,,,,,,,,,,,,,,
170002538097_J0012,relevante,"O trecho menciona explicitamente prevenção de desastres, adaptação climática e resiliência urbana, atendendo aos critérios de risco e desastre.",TRUE,FALSE,FALSE,TRUE,TRUE,TRUE,FALSE,FALSE,FALSE,FALSE,FALSE,FALSE,FALSE,FALSE,3,"O trecho descreve ações concretas (ex.: drenagem urbana, contenção de encostas, despoluição) para prevenir e mitigar riscos e desastres."
170002538097_J0013,relevante,"O texto menciona vulnerabilidade a eventos climáticos (escassez hídrica e mudanças climáticas), o que entra na lista de itens que tornam o trecho relevante.",FALSE,FALSE,FALSE,FALSE,FALSE,FALSE,TRUE,FALSE,FALSE,FALSE,FALSE,FALSE,FALSE,FALSE,1,Apresenta problema de pressão sobre recursos sem propor solução.
170002540337_J0001,nao_relevante,"O trecho descreve atividades agrícolas por região sem mencionar riscos naturais, desastres ou agenda climática.",,,,,,,,,,,,,,,,
170002540337_J0002,relevante,"O trecho menciona mudanças climáticas, riscos de perdas de safra e propõe medidas de adaptação como irrigação, barragens e cisternas.",TRUE,FALSE,FALSE,TRUE,FALSE,FALSE,TRUE,FALSE,FALSE,FALSE,FALSE,FALSE,FALSE,FALSE,1,As frases citadas descrevem problemas e riscos sem propor soluções concretas.
170002540337_J0003,relevante,"O trecho menciona explicitamente adaptação climática e preparação para os efeitos das mudanças climáticas, atendendo ao critério de relevância.",TRUE,FALSE,FALSE,FALSE,FALSE,FALSE,FALSE,FALSE,FALSE,FALSE,FALSE,FALSE,FALSE,FALSE,2,Propõe compromisso de adaptação climática sem ação específica.
170002540337_J0004,relevante,"O trecho menciona explicitamente a redução da vulnerabilidade hídrica, que é uma medida de adaptação climática para mitigar riscos de escassez de água.",TRUE,FALSE,FALSE,FALSE,FALSE,FALSE,TRUE,FALSE,FALSE,FALSE,FALSE,FALSE,FALSE,FALSE,2,"Propõe compromisso de reduzir vulnerabilidade hídrica e ampliar acesso à água, sem ação específica identificável."
170002540337_J0005,relevante,"O trecho menciona explicitamente a criação de seguro rural paramétrico para seca e eventos climáticos extremos, indicando ação concreta de mitigação de risco.",TRUE,FALSE,FALSE,FALSE,FALSE,FALSE,TRUE,FALSE,FALSE,FALSE,FALSE,FALSE,FALSE,FALSE,3,"Cria seguro rural paramétrico para seca e eventos climáticos extremos, uma ação concreta sobre risco/desastre."
170002540337_J0006,relevante,"O trecho menciona erosão costeira e avanço do mar, que são riscos climáticos extremos.",FALSE,FALSE,FALSE,FALSE,FALSE,FALSE,FALSE,FALSE,FALSE,FALSE,TRUE,FALSE,FALSE,FALSE,1,Descreve problema de erosão costeira sem propor solução.
170002540337_J0007,relevante,"O texto menciona a erosão costeira e medidas preventivas, indicando risco climático e adaptação.",TRUE,FALSE,FALSE,FALSE,FALSE,FALSE,FALSE,FALSE,FALSE,FALSE,TRUE,FALSE,FALSE,FALSE,3,Ação concreta de obras preventivas contra erosão costeira.
170002540337_J0008,relevante,"O trecho menciona erosão costeira e medidas de prevenção, indicando risco natural e ação mitigadora.",TRUE,FALSE,FALSE,FALSE,FALSE,FALSE,FALSE,FALSE,FALSE,FALSE,TRUE,FALSE,FALSE,FALSE,3,Descreve ação concreta de engordamento de praias com monitoramento e manutenção preventiva.
170002540337_J0009,relevante,"O trecho menciona a retomada de barragens de contenção de cheias, indicando preocupação com risco e desastre natural.",TRUE,FALSE,FALSE,FALSE,TRUE,FALSE,FALSE,FALSE,FALSE,FALSE,FALSE,FALSE,FALSE,FALSE,2,Define prioridade de retomada de barragens e adutoras sem detalhar ação específica.
170002540337_J0010,relevante,"O trecho menciona defesa natural contra erosão e enchentes, indicando mitigação de risco de desastre.",FALSE,FALSE,TRUE,FALSE,TRUE,FALSE,FALSE,FALSE,FALSE,FALSE,TRUE,FALSE,FALSE,FALSE,3,Descreve ação concreta de restaurar infraestrutura azul‑verde como defesa natural contra erosão e enchentes.
170002540337_J0011,relevante,"O trecho menciona explicitamente eventos extremos como incêndios, afogamentos e enchentes, indicando risco de desastre.",FALSE,FALSE,FALSE,FALSE,TRUE,TRUE,FALSE,TRUE,FALSE,FALSE,FALSE,FALSE,FALSE,FALSE,1,"Apresenta dados de déficit de efetivo do Corpo de Bombeiros, descrevendo o problema sem propor solução."
170002540337_J0012,relevante,"O trecho menciona explicitamente riscos de enchentes, deslizamentos e outras emergências naturais que afetam comunidades.",FALSE,FALSE,FALSE,FALSE,TRUE,TRUE,FALSE,FALSE,FALSE,FALSE,FALSE,FALSE,FALSE,FALSE,1,Apresenta apenas a descrição dos problemas e causas de risco/desastre.
170002540337_J0013,relevante,"O trecho menciona enchentes, deslizamentos e a atuação da Defesa Civil em situações de risco.",TRUE,FALSE,FALSE,FALSE,TRUE,TRUE,FALSE,FALSE,FALSE,FALSE,FALSE,FALSE,FALSE,FALSE,1,"Descreve o problema de falta de planejamento integrado que faz com que cada enchente, deslizamento ou remoção seja tratada como nova emergência."
170002540337_J0014,relevante,"O trecho menciona áreas de risco e a necessidade de reassentamento, indicando ações de mitigação e adaptação a eventos extremos.",TRUE,FALSE,FALSE,FALSE,FALSE,FALSE,FALSE,FALSE,FALSE,FALSE,FALSE,FALSE,FALSE,TRUE,2,"Define critérios para identificar comunidades que podem permanecer ou precisam ser reassentadas, sem detalhar ações específicas."
170002540337_J0015,relevante,"O trecho menciona explicitamente o enfrentamento de alagamentos e a identificação de pontos críticos, indicando risco de inundação.",TRUE,FALSE,FALSE,FALSE,TRUE,FALSE,FALSE,FALSE,FALSE,FALSE,FALSE,FALSE,FALSE,FALSE,3,Propõe uma ação de revisão estrutural do modelo de drenagem para enfrentar alagamentos.
170002540337_J0016,relevante,"O trecho menciona a Defesa Civil e protocolos de operação integrada entre chuva e maré, indicando gestão de risco e desastres.",TRUE,FALSE,FALSE,FALSE,TRUE,FALSE,FALSE,FALSE,FALSE,FALSE,FALSE,FALSE,FALSE,FALSE,2,Proposta de lei e integração institucional sem ação específica.
170002540337_J0017,relevante,"O trecho descreve medidas de prevenção e alerta para eventos extremos de chuva, envolvendo Defesa Civil e monitoramento de risco.",TRUE,FALSE,FALSE,FALSE,TRUE,FALSE,FALSE,FALSE,FALSE,FALSE,FALSE,FALSE,FALSE,FALSE,3,Descreve ações concretas de monitoramento e resposta a riscos de inundação.
170002540337_J0018,relevante,"O trecho menciona explicitamente riscos de deslizamento, erosão e carreamento, além da Defesa Civil e metas fiscais para mitigação.",TRUE,FALSE,FALSE,FALSE,TRUE,TRUE,FALSE,FALSE,FALSE,FALSE,FALSE,FALSE,FALSE,FALSE,3,"O trecho descreve ações concretas de prevenção e mitigação de riscos (ex.: inspeções, contenções, monitoramento comunitário) sem indicar metas ou prazos específicos."
170002540337_J0019,relevante,O trecho menciona explicitamente um mapa georreferenciado de risco e o cruzamento com dados da Defesa Civil.,TRUE,FALSE,FALSE,FALSE,FALSE,FALSE,FALSE,FALSE,FALSE,FALSE,FALSE,FALSE,FALSE,TRUE,3,"Propõe criar um cadastro e mapa de risco, uma ação concreta sobre risco e desastre."
170002552776_J0001,nao_relevante,"O trecho trata apenas de saúde pública e não menciona riscos naturais, desastres ou agenda climática.",,,,,,,,,,,,,,,,
180002532987_J0001,relevante,"O trecho menciona prevenção e redução de incêndios florestais, um desastre natural.",TRUE,FALSE,FALSE,FALSE,FALSE,FALSE,FALSE,TRUE,FALSE,FALSE,FALSE,FALSE,FALSE,FALSE,3,"Descreve ações de prevenção e redução de incêndios florestais, sem metas ou indicadores específicos."
180002532987_J0002,relevante,"O trecho menciona prevenção de desastres naturais, eventos climáticos extremos e planos de contingência.",TRUE,FALSE,FALSE,TRUE,FALSE,FALSE,FALSE,TRUE,FALSE,FALSE,FALSE,FALSE,FALSE,FALSE,4,Há metas quantitativas e indicadores vinculados a ações de risco e desastre.
180002532987_J0003,relevante,"O trecho menciona explicitamente incêndios florestais e a preparação de brigadas para combate, o que se enquadra em risco/desastre natural.",TRUE,FALSE,FALSE,FALSE,FALSE,FALSE,FALSE,TRUE,FALSE,FALSE,FALSE,FALSE,FALSE,FALSE,3,Ação concreta de treinar e equipar brigadas contra incêndio.
180002532987_J0004,relevante,"O trecho menciona gestão de riscos, desastres e planos de contingência.",TRUE,FALSE,FALSE,FALSE,TRUE,FALSE,FALSE,FALSE,FALSE,FALSE,FALSE,FALSE,FALSE,FALSE,4,Ação concreta com meta quantificada: garantir 100% dos municípios prioritários com plano de contingência atualizado.
180002532987_J0005,relevante,O trecho menciona explicitamente a gestão de riscos e desastres climáticos.,TRUE,FALSE,FALSE,FALSE,FALSE,FALSE,FALSE,FALSE,FALSE,FALSE,FALSE,FALSE,FALSE,TRUE,3,Ação concreta de ampliar monitoramento e criar plataforma preditiva para riscos climáticos.
180002532987_J0006,relevante,O trecho menciona explicitamente adaptação às mudanças climáticas.,FALSE,FALSE,FALSE,TRUE,FALSE,FALSE,FALSE,FALSE,FALSE,FALSE,FALSE,FALSE,FALSE,FALSE,2,Proposta de compromisso genérico em infraestrutura verde sem ação específica.
180002538530_J0001,nao_relevante,"O texto trata apenas de segurança jurídica e integridade pública, sem referência a riscos naturais, eventos extremos ou adaptação climática.",,,,,,,,,,,,,,,,
180002538530_J0002,nao_relevante,"O trecho trata de vigilância epidemiológica e saúde pública, que está fora do escopo definido.",,,,,,,,,,,,,,,,
180002538530_J0003,relevante,"O trecho menciona explicitamente respostas a secas, enchentes e eventos climáticos, indicando gestão de riscos e desastres.",FALSE,TRUE,FALSE,FALSE,TRUE,FALSE,TRUE,FALSE,TRUE,FALSE,FALSE,FALSE,FALSE,FALSE,3,Ação concreta de estruturar resposta integrada a riscos e desastres.
180002538530_J0004,nao_relevante,"O trecho trata apenas da criação de secretarias e programas de proteção à mulher, sem menção a riscos naturais ou climáticos.",,,,,,,,,,,,,,,,
180002538530_J0005,nao_relevante,"O trecho trata apenas de resposta a emergências sociais e proteção à mulheres, sem menção a riscos naturais ou climáticos.",,,,,,,,,,,,,,,,
180002538530_J0006,relevante,"O trecho menciona gestão antecipada de secas e pactuação da distribuição de água, indicando preocupação com risco climático extremo.",TRUE,FALSE,FALSE,FALSE,FALSE,FALSE,TRUE,FALSE,FALSE,FALSE,FALSE,FALSE,FALSE,FALSE,2,"Define diretrizes de gestão antecipada de secas e distribuição de água, sem ação específica."
180002538530_J0007,relevante,O trecho menciona explicitamente a gestão proativa da seca e medidas de contingência para eventos climáticos extremos.,TRUE,FALSE,FALSE,FALSE,FALSE,FALSE,TRUE,FALSE,FALSE,FALSE,FALSE,FALSE,FALSE,FALSE,3,Define a concrete system to manage drought.
180002538530_J0008,relevante,"O trecho menciona explicitamente a redução da exposição à poeira, lama e alagamentos, que são eventos extremos naturais.",TRUE,FALSE,FALSE,FALSE,TRUE,FALSE,FALSE,FALSE,FALSE,FALSE,FALSE,FALSE,FALSE,FALSE,2,"Proposta de reduzir exposição a poeira, lama e alagamentos sem ação específica."
180002538530_J0009,relevante,"O trecho menciona ""áreas de risco"", o que atende ao critério de relevância para riscos e desastres.",TRUE,FALSE,FALSE,FALSE,FALSE,FALSE,FALSE,FALSE,FALSE,FALSE,FALSE,FALSE,FALSE,TRUE,3,"A frase descreve a ação de mapear áreas de risco, constituindo uma medida concreta sobre risco e desastre."
180002538530_J0010,nao_relevante,"O trecho trata apenas de auditoria e revisão de planos de investimento em saneamento, sem mencionar riscos naturais, desastres ou agenda climática.",,,,,,,,,,,,,,,,
180002538530_J0011,relevante,"O trecho menciona explicitamente a prevenção de alagamentos, que é um risco extremo natural.",TRUE,FALSE,FALSE,FALSE,TRUE,FALSE,FALSE,FALSE,FALSE,FALSE,FALSE,FALSE,FALSE,FALSE,2,Declara compromisso de apoiar planejamento urbano e prevenção de alagamentos sem detalhar ações específicas.
180002538530_J0012,relevante,O trecho menciona explicitamente prevenção de riscos e adaptação climática.,FALSE,FALSE,FALSE,FALSE,FALSE,FALSE,FALSE,FALSE,FALSE,FALSE,FALSE,FALSE,FALSE,FALSE,1,A frase descreve a necessidade de preparar cidades para os efeitos das mudanças climáticas sem propor uma ação específica.
180002538530_J0013,relevante,"O trecho menciona explicitamente ""adaptação climática"", que é uma ação concreta de mitigação e resposta a riscos climáticos.",TRUE,FALSE,TRUE,FALSE,FALSE,FALSE,FALSE,FALSE,FALSE,FALSE,FALSE,FALSE,FALSE,TRUE,2,Ambas as frases citam diretrizes de redução de riscos e adaptação climática sem especificar ações concretas.
180002538530_J0014,relevante,"O trecho menciona ""combater desmatamento, queimadas"", que são eventos extremos naturais, qualificando-o como relevante.",TRUE,FALSE,FALSE,FALSE,FALSE,FALSE,FALSE,TRUE,FALSE,FALSE,FALSE,FALSE,FALSE,FALSE,2,"Propõe compromisso de combater desmatamento, queimadas e usos irregulares de água por fiscalização orientada por risco."
180002538530_J0015,relevante,"O trecho menciona alertas de queimadas e desmatamento, classificando por risco e encaminhando à equipe competente, o que se enquadra em gestão de riscos e prevenção de eventos extremos.",TRUE,FALSE,FALSE,FALSE,FALSE,FALSE,FALSE,TRUE,FALSE,FALSE,FALSE,FALSE,FALSE,FALSE,3,Implanta um sistema de monitoramento e resposta a alertas de desmatamento e queimadas.
180002538530_J0016,relevante,"O trecho menciona claramente riscos de barragens, planos de segurança e emergência, sistemas de alerta e integração com Defesa Civil.",TRUE,FALSE,FALSE,FALSE,FALSE,FALSE,FALSE,FALSE,FALSE,FALSE,FALSE,TRUE,FALSE,FALSE,3,"O trecho descreve ações concretas de prevenção e resposta a riscos de barragens, sem metas ou indicadores."
180002538530_J0017,relevante,"O trecho menciona planos operacionais para situações de seca, incluindo alertas e medidas de contingência, o que caracteriza risco climático extremo.",TRUE,FALSE,FALSE,FALSE,FALSE,FALSE,TRUE,FALSE,FALSE,FALSE,FALSE,FALSE,FALSE,FALSE,3,"Implanta planos operacionais de seca, ação concreta sobre risco hídrico."
180002538530_J0018,nao_relevante,"O trecho trata de risco ambiental de contaminação, mas não menciona eventos climáticos extremos nem adaptações climáticas.",,,,,,,,,,,,,,,,
180002538530_J0019,relevante,O trecho menciona explicitamente prevenção de riscos e adaptação climática com a criação de alertas e respostas.,TRUE,FALSE,FALSE,FALSE,FALSE,FALSE,FALSE,FALSE,FALSE,FALSE,FALSE,FALSE,FALSE,TRUE,2,Indica a diretriz de executar o planejamento climático estadual.
180002538530_J0020,relevante,"O trecho menciona explicitamente risco climático e vulnerabilidade, indicando ações de adaptação.",TRUE,FALSE,FALSE,FALSE,FALSE,FALSE,FALSE,FALSE,FALSE,FALSE,FALSE,FALSE,FALSE,TRUE,2,"Foca em diretrizes genéricas de incorporar risco climático e implantar soluções baseadas na natureza, sem detalhar ações concretas."
180002538530_J0021,relevante,"O trecho menciona explicitamente riscos climáticos, desastres (incêndios, cheias), protocolos de alerta e ações de defesa civil.",TRUE,TRUE,FALSE,FALSE,TRUE,FALSE,TRUE,TRUE,TRUE,FALSE,FALSE,FALSE,FALSE,FALSE,3,Descreve ações concretas de prevenção e monitoramento de incêndios e riscos climáticos.
180002538530_J0022,nao_relevante,O trecho trata apenas de comunicação em emergências sem mencionar riscos naturais ou eventos extremos.,,,,,,,,,,,,,,,,
180002549970_J0001,relevante,"O trecho menciona explicitamente a defesa civil, planos de contingência e medidas de contenção de encostas, caracterizando risco e desastre.",TRUE,FALSE,FALSE,TRUE,FALSE,TRUE,FALSE,FALSE,FALSE,FALSE,FALSE,FALSE,FALSE,TRUE,3,"O trecho descreve ações concretas (obras de contenção, recuperação vegetal, estruturação da defesa civil) voltadas a riscos e desastres."
180002549970_J0002,relevante,"O trecho menciona mapeamento de áreas vulneráveis a ameaças climáticas, ações preventivas e organização de núcleos de defesa civil.",TRUE,FALSE,FALSE,FALSE,FALSE,TRUE,FALSE,FALSE,FALSE,FALSE,FALSE,FALSE,FALSE,FALSE,3,"O trecho descreve ações concretas de identificação, mapeamento e organização comunitária para prevenção e defesa civil."
180002549970_J0003,relevante,"O trecho menciona queimadas e desmatamento, que são eventos extremos naturais.",TRUE,FALSE,FALSE,FALSE,FALSE,FALSE,FALSE,TRUE,FALSE,FALSE,FALSE,FALSE,TRUE,FALSE,0,A frase menciona ações ambientais genéricas sem relação direta a risco ou desastre.
190002536162_J0003,relevante,"O trecho menciona explicitamente a prevenção e mitigação de desastres socioambientais, que se enquadra em risco/desastre.",TRUE,FALSE,FALSE,FALSE,FALSE,FALSE,FALSE,FALSE,FALSE,FALSE,FALSE,FALSE,FALSE,TRUE,2,Define compromisso de prevenção e mitigação de desastres sem ação específica.
190002536162_J0004,relevante,"O trecho menciona a Defesa Civil como parte das ações rápidas de gestão de crises, atendendo ao critério de inclusão de termos relacionados a risco e emergência.",TRUE,FALSE,FALSE,FALSE,FALSE,FALSE,FALSE,FALSE,FALSE,FALSE,FALSE,FALSE,FALSE,TRUE,2,Propõe diretrizes de integração e financiamento sem detalhar ações concretas.
190002536162_J0005,relevante,"O trecho menciona ""contenção de encostas"", que é uma medida de mitigação de risco de deslizamento, enquadrando-se como ação de gestão de riscos.",TRUE,FALSE,FALSE,FALSE,FALSE,TRUE,FALSE,FALSE,FALSE,FALSE,FALSE,FALSE,FALSE,FALSE,3,"A frase descreve a implementação de obras e programas específicos para saneamento, drenagem e recuperação de rios."
190002536162_J0006,relevante,"O trecho menciona explicitamente enchentes, risco à contaminação do solo, prevenção e mediação de acidentes, sistemas de alerta para prevenir desastres e outras medidas de gestão de riscos naturais.",TRUE,FALSE,FALSE,TRUE,TRUE,TRUE,FALSE,FALSE,FALSE,FALSE,TRUE,FALSE,FALSE,FALSE,3,A frase sobre o Centro Estadual de Operações e Monitoramento descreve uma ação concreta para prevenir desastres.
190002536162_J0007,relevante,"O trecho menciona explicitamente ""adaptação climática"", o que enquadra na categoria de risco climático.",TRUE,FALSE,FALSE,TRUE,FALSE,FALSE,FALSE,FALSE,FALSE,FALSE,FALSE,FALSE,FALSE,FALSE,0,Não há menção concreta a risco ou desastre.
190002536162_J0008,nao_relevante,"O trecho descreve ações de conservação e monitoramento ambiental sem mencionar riscos, desastres ou eventos climáticos extremos.",,,,,,,,,,,,,,,,
190002536162_J0009,relevante,"O trecho menciona explicitamente o combate a incêndios florestais e envolve a Defesa Civil, portanto trata de risco/desastre.",TRUE,FALSE,FALSE,FALSE,FALSE,FALSE,FALSE,TRUE,FALSE,FALSE,FALSE,FALSE,FALSE,FALSE,3,Plano descreve ações concretas (detecção por tecnologia e brigadas) para combater incêndios.
190002536162_J0010,clima_geral,"O trecho menciona mudanças climáticas e educação climática de forma geral, sem referir a eventos extremos ou riscos específicos.",,,,,,,,,,,,,,,,
190002536162_J0011,relevante,"O texto menciona contenção de encostas e redução de enchentes, que são medidas de mitigação de riscos naturais.",TRUE,FALSE,FALSE,FALSE,TRUE,TRUE,FALSE,FALSE,FALSE,FALSE,FALSE,FALSE,FALSE,FALSE,0,Nenhuma frase marcada menciona risco ou desastre.
190002536162_J0012,relevante,"O trecho menciona explicitamente riscos hidrológicos, geológicos, meteorológicos e a criação de sistemas de prevenção, mitigação e resposta a desastres.",TRUE,TRUE,FALSE,FALSE,TRUE,TRUE,FALSE,FALSE,FALSE,FALSE,FALSE,FALSE,FALSE,FALSE,3,"Ações concretas de prevenção e mitigação são propostas, como implantação de infraestrutura verde e expansão de cartografia de riscos."
190002536162_J0013,relevante,"O trecho menciona explicitamente riscos hidrológicos, desastres e medidas de prevenção.",TRUE,FALSE,FALSE,FALSE,TRUE,FALSE,FALSE,FALSE,FALSE,FALSE,FALSE,FALSE,FALSE,FALSE,3,Elaborar um Plano Estadual de Monitoramento das Áreas de Risco Hidrológicos é uma ação concreta sobre risco e desastre.
190002536162_J0014,relevante,"O trecho menciona explicitamente riscos e eventos extremos como inundação, enchente, desastres hidrológicos, encostas e deslizamentos, além de planos de monitoramento e prevenção.",TRUE,FALSE,FALSE,FALSE,TRUE,TRUE,FALSE,FALSE,FALSE,FALSE,FALSE,FALSE,FALSE,FALSE,3,"Todas as frases entre »« descrevem ações concretas de prevenção, monitoramento ou gestão de riscos e desastres."
190002536162_J0015,relevante,"O trecho menciona explicitamente riscos geológicos e hidrológicos, desastres, Defesa Civil e medidas de prevenção e resposta.",TRUE,TRUE,FALSE,FALSE,TRUE,TRUE,FALSE,FALSE,FALSE,FALSE,FALSE,FALSE,FALSE,FALSE,3,Ações concretas de monitoramento e gestão de riscos são descritas.
190002536162_J0016,relevante,"O trecho menciona explicitamente riscos de inundação, deslizamentos e outras ameaças naturais, além de planos de monitoramento, alerta e preparação para emergências.",TRUE,FALSE,FALSE,FALSE,TRUE,TRUE,FALSE,FALSE,FALSE,FALSE,FALSE,FALSE,FALSE,FALSE,3,Ações concretas de prevenção e monitoramento são descritas.
190002536162_J0017,clima_geral,O trecho menciona mudanças climáticas de forma geral sem citar eventos extremos ou riscos específicos.,,,,,,,,,,,,,,,,
190002536162_J0018,relevante,O trecho menciona mapeamento de áreas suscetíveis a inundação e cartografia dos riscos hidrológicos.,TRUE,FALSE,FALSE,FALSE,TRUE,FALSE,FALSE,FALSE,FALSE,FALSE,FALSE,FALSE,FALSE,FALSE,3,"Ações concretas de mapeamento, cartografia e diagnóstico sobre risco hídrico são descritas."
190002536162_J0019,nao_relevante,O trecho menciona apenas auxílio habitacional em situações de calamidade pública sem especificar eventos extremos ou riscos naturais.,,,,,,,,,,,,,,,,
190002536162_J0020,nao_relevante,"O trecho trata apenas de transporte público e pagamentos, sem menção a riscos, desastres ou agenda climática.",,,,,,,,,,,,,,,,
190002536162_J0021,nao_relevante,"O trecho menciona apenas a Defesa Civil como setor de articulação, sem referir riscos, desastres ou ações climáticas.",,,,,,,,,,,,,,,,
190002536162_J0022,relevante,"O trecho menciona doenças que são consequência de desastres naturais, indicando a relação com eventos extremos e riscos.",FALSE,FALSE,FALSE,FALSE,FALSE,FALSE,FALSE,FALSE,FALSE,FALSE,FALSE,FALSE,FALSE,FALSE,1,Apresenta apenas o problema de doenças causadas por desastres.
190002536162_J0023,relevante,"O trecho menciona explicitamente planos de prevenção e resposta a eventos climáticos extremos, cadastro em áreas de risco e implantação de sistemas acessíveis de alerta e evacuação.",TRUE,FALSE,FALSE,FALSE,FALSE,FALSE,FALSE,FALSE,FALSE,FALSE,FALSE,FALSE,FALSE,TRUE,3,"Ação concreta de incluir pessoas com deficiência nos planos de prevenção e resposta a eventos climáticos extremos, com implantação de sistemas acessíveis."
190002536162_J0024,relevante,"O trecho menciona explicitamente ""desastres climáticos"" e a necessidade de garantir atendimento em situações de emergência, o que se enquadra como risco climático e desastre.",TRUE,FALSE,FALSE,TRUE,FALSE,FALSE,FALSE,FALSE,FALSE,FALSE,FALSE,FALSE,FALSE,TRUE,2,"Compromisso de garantir acessibilidade em equipamentos de emergência, sem ação específica."
190002536162_J0025,nao_relevante,"O trecho não menciona riscos naturais, desastres ou eventos climáticos.",,,,,,,,,,,,,,,,
190002537524_J0001,relevante,"O trecho menciona tragédias naturais e a necessidade de drenagem, contenção de encostas e sistemas de alerta, indicando risco e desastre.",TRUE,FALSE,FALSE,FALSE,FALSE,TRUE,FALSE,FALSE,FALSE,FALSE,FALSE,FALSE,FALSE,FALSE,3,"Menciona ações concretas (drenagem, contenção de encostas, sistema de alerta) para prevenir desastres."
190002537524_J0002,relevante,"O trecho menciona explicitamente ""risco"" e ""próximo desastre"", indicando preocupação com eventos extremos ou desastres naturais.",TRUE,FALSE,FALSE,FALSE,FALSE,FALSE,FALSE,FALSE,FALSE,FALSE,FALSE,FALSE,FALSE,TRUE,2,"Declara um compromisso geral de reduzir risco, sem detalhar ação específica."
190002537524_J0003,relevante,"O texto menciona explicitamente a redução do risco de deslizamento e a melhoria do clima local, além da geração de créditos de carbono, indicando ações de mitigação de riscos climáticos.",TRUE,FALSE,FALSE,FALSE,FALSE,TRUE,FALSE,FALSE,FALSE,FALSE,FALSE,FALSE,FALSE,FALSE,3,Descreve reflorestamento como ação que estabiliza encostas e reduz risco de deslizamento.
190002537524_J0004,nao_relevante,"O trecho descreve adaptações de infraestrutura à topografia sem mencionar eventos extremos, riscos naturais ou ações de defesa civil.",,,,,,,,,,,,,,,,
190002537524_J0005,relevante,"O trecho menciona falta de drenagem, contenção de encosta e sistema de alerta, indicando vulnerabilidade a eventos extremos.",TRUE,FALSE,FALSE,FALSE,TRUE,TRUE,FALSE,FALSE,FALSE,FALSE,FALSE,FALSE,FALSE,FALSE,1,"As frases citam causas humanas e falta de medidas mitigadoras, descrevendo o problema sem propor solução."
190002537524_J0006,nao_relevante,"O trecho não contém nenhuma menção a riscos, desastres ou agenda climática.",,,,,,,,,,,,,,,,
190002537524_J0007,nao_relevante,"O trecho não menciona nenhum risco, desastre ou agenda climática.",,,,,,,,,,,,,,,,
190002537524_J0008,nao_relevante,"O trecho trata apenas de estratégias contra o crime e não menciona riscos naturais, desastres ou agenda climática.",,,,,,,,,,,,,,,,
190002537524_J0009,nao_relevante,"O trecho não menciona riscos naturais, desastres ou agenda climática.",,,,,,,,,,,,,,,,
190002537524_J0010,relevante,"O trecho menciona explicitamente riscos naturais, desastres e vulnerabilidades ambientais.",FALSE,FALSE,FALSE,FALSE,TRUE,TRUE,FALSE,FALSE,FALSE,FALSE,FALSE,FALSE,FALSE,FALSE,2,Apresenta diretrizes e princípios sem ações concretas.
190002537524_J0011,relevante,"O trecho menciona drenagem, contenção de encostas e alerta, que são medidas explícitas de mitigação de riscos climáticos e naturais.",TRUE,FALSE,FALSE,FALSE,TRUE,TRUE,FALSE,FALSE,FALSE,FALSE,FALSE,FALSE,FALSE,FALSE,3,"A frase descreve ações concretas de drenagem, contenção de encostas e alerta para proteger contra riscos climáticos."
190002537524_J0012,relevante,"O trecho menciona explicitamente a eliminação de pontos de risco de deslizamento e enchente, bem como proteção de encostas.",TRUE,FALSE,FALSE,FALSE,TRUE,TRUE,FALSE,FALSE,FALSE,FALSE,FALSE,FALSE,FALSE,FALSE,3,Descreve ações concretas de eliminar pontos de risco e proteger encostas.
190002537524_J0013,relevante,"O trecho menciona explicitamente riscos de deslizamento, seca e enchentes, além da integração com a Defesa Civil para prevenir desastres naturais.",TRUE,FALSE,FALSE,FALSE,TRUE,TRUE,TRUE,TRUE,FALSE,FALSE,FALSE,FALSE,FALSE,FALSE,4,Programa Rio Verde descreve ação concreta de reflorestamento com meta numérica e prazo.
190002537524_J0014,relevante,O trecho menciona a prevenção de enchentes e a gestão de risco hídrico.,TRUE,FALSE,FALSE,FALSE,TRUE,FALSE,FALSE,FALSE,FALSE,FALSE,FALSE,FALSE,FALSE,FALSE,3,Descreve ações de recuperação e monitoramento para prevenir enchentes.
190002537524_J0015,relevante,"O trecho menciona explicitamente ""enchente"" agravada por esgoto entupido, indicando um desastre natural e risco associado.",FALSE,FALSE,FALSE,FALSE,TRUE,FALSE,FALSE,FALSE,FALSE,FALSE,FALSE,FALSE,FALSE,FALSE,1,Apresenta dados de risco e desastre sem propor solução.
190002537524_J0016,relevante,"O trecho menciona claramente ações de contenção, drenagem, monitoramento e sistemas de alerta relacionados a riscos climáticos e eventos extremos.",TRUE,FALSE,FALSE,FALSE,FALSE,FALSE,FALSE,FALSE,FALSE,FALSE,FALSE,FALSE,FALSE,TRUE,4,"Ação concreta (contenção, drenagem e monitoramento) com meta quantificada (55 pontos de risco eliminados)."
190002537524_J0017,nao_relevante,"O trecho trata apenas de maus-tratos animais e seus efeitos sociais, sem mencionar riscos naturais ou climáticos.",,,,,,,,,,,,,,,,
190002537524_J0018,relevante,"O trecho menciona pontos de risco de deslizamento e enchente, obras de contenção e um sistema de alerta, indicando ações concretas de prevenção e gestão de riscos naturais.",TRUE,FALSE,FALSE,FALSE,TRUE,TRUE,FALSE,FALSE,FALSE,FALSE,FALSE,FALSE,FALSE,FALSE,3,Ações concretas (obras de contenção e sistema de alerta) são descritas para riscos de deslizamento e enchente.
190002537524_J0019,relevante,"O trecho menciona explicitamente riscos naturais, áreas de risco e medidas de prevenção como drenagem, contenção de encostas e sistema de alerta.",TRUE,FALSE,FALSE,FALSE,TRUE,TRUE,FALSE,FALSE,FALSE,FALSE,FALSE,FALSE,FALSE,FALSE,3,"Descreve a instalação de drenagem, contenção de encostas e sistema de alerta como ação concreta."
190002537524_J0020,nao_relevante,"O trecho menciona crises sanitárias e econômicas, mas não se refere a eventos naturais, riscos climáticos ou ações de defesa civil.",,,,,,,,,,,,,,,,
190002537524_J0021,relevante,"O trecho menciona contenção de encostas, alerta em pontos de risco e resiliência climática, indicando ações concretas de prevenção a desastres naturais.",TRUE,FALSE,TRUE,FALSE,FALSE,TRUE,FALSE,FALSE,FALSE,FALSE,FALSE,FALSE,FALSE,FALSE,3,"Descreve ações de drenagem, contenção de encostas e alertas em pontos de risco."
190002542887_J0001,nao_relevante,"O trecho trata apenas de estratégias de combate ao crime, sem menção a riscos naturais, eventos extremos ou agenda climática.",,,,,,,,,,,,,,,,
190002542887_J0002,relevante,"O trecho menciona encostas ocupadas e a expectativa de uma próxima tragédia, indicando risco de deslizamento ou desastre natural.",FALSE,FALSE,FALSE,FALSE,FALSE,TRUE,FALSE,FALSE,FALSE,FALSE,FALSE,FALSE,FALSE,FALSE,1,Descreve problema de encostas ocupadas sem prevenção.
190002542887_J0003,nao_relevante,"O trecho não menciona nenhum risco, desastre ou agenda climática.",,,,,,,,,,,,,,,,
190002542887_J0004,relevante,O trecho menciona prevenção de riscos geológicos e continuidade das tecnologias de contenção de encostas.,TRUE,FALSE,FALSE,FALSE,FALSE,TRUE,FALSE,FALSE,FALSE,FALSE,FALSE,FALSE,FALSE,FALSE,3,Apresenta um sistema de monitoramento e resposta para prevenção de riscos geológicos.
190002542887_J0005,relevante,"O trecho menciona prevenção de desastres, enchentes e deslizamentos, indicando risco climático e ações de mitigação.",TRUE,FALSE,FALSE,FALSE,TRUE,TRUE,FALSE,FALSE,FALSE,FALSE,FALSE,FALSE,FALSE,FALSE,2,"Declara compromisso de prevenir desastres e proteger municípios, sem especificar ações concretas."
190002542887_J0006,relevante,"O trecho menciona explicitamente a prevenção de desastres e eventos climáticos, atendendo aos critérios de risco e desastre.",TRUE,FALSE,FALSE,FALSE,FALSE,FALSE,FALSE,FALSE,FALSE,FALSE,FALSE,FALSE,FALSE,TRUE,2,A frase indica compromisso com prevenção de desastres sem detalhar ação específica.
190002542887_J0007,nao_relevante,"O texto trata apenas de projetos e financiamento de infraestrutura sem mencionar risco climático, desastre ou adaptação.",,,,,,,,,,,,,,,,
190002542887_J0008,relevante,"O trecho menciona explicitamente enchentes, deslizamentos e outras emergências climáticas, além de ações de prevenção, defesa civil e resposta rápida.",TRUE,TRUE,FALSE,FALSE,TRUE,TRUE,FALSE,FALSE,FALSE,FALSE,FALSE,FALSE,FALSE,FALSE,3,"O trecho descreve várias ações concretas (limpeza de canais, parques alagáveis, fortalecimento do CEMADEN-RJ, núcleos de defesa civil comunitária, monitoramento de encostas e resposta rápida) sem incluir metas ou indicadores específicos."
190002543380_J0001,relevante,"O trecho menciona explicitamente a prevenção de enchentes e deslizamentos, que são eventos extremos naturais.",TRUE,FALSE,TRUE,FALSE,TRUE,TRUE,FALSE,FALSE,FALSE,FALSE,FALSE,FALSE,FALSE,FALSE,3,A frase descreve um plano de obras concreto para combater enchentes e prevenir deslizamentos.
190002544120_J0001,relevante,"O trecho menciona ""RESILIÊNCIA CLIMÁTICA E DEFESA CIVIL INTELIGENTE"", indicando ações de prevenção e resposta a riscos climáticos.",FALSE,FALSE,FALSE,FALSE,FALSE,FALSE,FALSE,FALSE,FALSE,FALSE,FALSE,FALSE,FALSE,TRUE,2,Apresenta diretrizes de resiliência climática e defesa civil sem ação específica.
190002544120_J0002,relevante,"O trecho menciona áreas de risco, desastres climáticos e a atuação da Defesa Civil.",TRUE,FALSE,TRUE,FALSE,TRUE,TRUE,FALSE,FALSE,FALSE,FALSE,FALSE,FALSE,FALSE,FALSE,3,A frase sobre reassentamento e recuperação ambiental descreve uma ação concreta de risco e desastre.
190002544120_J0003,relevante,"O trecho menciona riscos de desastre, defesa civil e adaptações climáticas explícitas.",TRUE,TRUE,FALSE,FALSE,TRUE,TRUE,FALSE,FALSE,FALSE,FALSE,FALSE,FALSE,FALSE,FALSE,3,"Ação concreta para prevenir e responder a riscos de desastre (parques, alertas, seguro)."
190002544120_J0004,relevante,"O trecho menciona explicitamente riscos de deslizamento e alagamento em favelas, caracterizando eventos extremos naturais.",FALSE,FALSE,FALSE,FALSE,TRUE,TRUE,FALSE,FALSE,FALSE,FALSE,FALSE,FALSE,FALSE,FALSE,1,"Apresenta dados de risco (deslizamento, alagamento) sem propor solução."
190002544120_J0005,relevante,"O trecho menciona ""contenção de encostas"", que se refere à mitigação de risco de deslizamento, enquadrando-se como gestão de riscos naturais.",TRUE,FALSE,FALSE,FALSE,FALSE,TRUE,FALSE,FALSE,FALSE,FALSE,FALSE,FALSE,FALSE,FALSE,2,"Propõe integração institucional para conter encostas, sem detalhar ação específica."
190002544120_J0006,relevante,"O trecho menciona ""áreas de risco real"", indicando preocupação com riscos naturais ou climáticos.",TRUE,FALSE,FALSE,FALSE,FALSE,FALSE,FALSE,FALSE,FALSE,FALSE,FALSE,FALSE,FALSE,FALSE,2,Define diretrizes de intervenção limitando relocação a áreas de risco real.
190002544120_J0007,relevante,"O trecho menciona áreas de risco iminente mapeadas pela Defesa Civil, indicando preocupação com riscos e desastres.",TRUE,FALSE,FALSE,FALSE,FALSE,TRUE,FALSE,FALSE,FALSE,FALSE,FALSE,FALSE,FALSE,FALSE,3,Cria um programa de retrofit de imóveis públicos para famílias realocadas de áreas de risco iminente.
190002547272_J0001,nao_relevante,"O trecho não menciona riscos, desastres ou eventos climáticos.",,,,,,,,,,,,,,,,
190002552513_J0001,nao_relevante,"O trecho trata apenas de saúde pública e não menciona riscos naturais, desastres ou agenda climática.",,,,,,,,,,,,,,,,
200002534001_J0001,relevante,"O trecho menciona explicitamente ""adaptação climática"", que é uma ação de mitigação e resposta a riscos climáticos.",FALSE,FALSE,FALSE,FALSE,FALSE,FALSE,FALSE,FALSE,FALSE,FALSE,FALSE,FALSE,FALSE,FALSE,2,Apresenta diretrizes gerais de adaptação climática e segurança hídrica sem detalhar ações concretas.
200002534001_J0002,nao_relevante,O trecho menciona apenas gestão de riscos genérica sem referência a eventos climáticos ou desastres.,,,,,,,,,,,,,,,,
200002534001_J0003,relevante,"O trecho menciona explicitamente riscos de secas, enchentes e emergências, qualificando-o como relevante.",FALSE,FALSE,FALSE,FALSE,TRUE,FALSE,TRUE,FALSE,FALSE,FALSE,FALSE,FALSE,FALSE,FALSE,1,Apresenta problemas e riscos sem propor solução.
200002534001_J0004,clima_geral,O trecho menciona apenas efeitos gerais das mudanças climáticas sem citar eventos extremos ou ações de mitigação/gestão de risco.,,,,,,,,,,,,,,,,
200002534001_J0005,relevante,"O trecho menciona secas e chuvas intensas, que são eventos extremos climáticos.",TRUE,FALSE,FALSE,FALSE,TRUE,FALSE,TRUE,FALSE,FALSE,FALSE,FALSE,FALSE,FALSE,FALSE,1,"Apresenta desigualdades agravadas por secas e chuvas intensas, descrevendo o problema sem propor solução."
200002534001_J0006,relevante,"O trecho menciona explicitamente a preparação para eventos extremos e a resposta a secas, indicando risco climático e adaptação.",TRUE,FALSE,FALSE,FALSE,FALSE,FALSE,TRUE,FALSE,FALSE,FALSE,FALSE,FALSE,FALSE,FALSE,2,"Apresenta compromissos e diretrizes gerais para responder a secas e eventos extremos, sem detalhar ações específicas."
200002534001_J0007,relevante,"O trecho menciona preparação para secas, chuvas intensas e outros eventos climáticos com infraestrutura que protege vidas e reduz vulnerabilidades.",TRUE,FALSE,FALSE,FALSE,TRUE,FALSE,TRUE,FALSE,FALSE,FALSE,FALSE,FALSE,FALSE,FALSE,2,Declara compromisso de preparação sem ação específica.
200002534001_J0008,clima_geral,"O trecho menciona a mudança climática e resiliência de forma geral, sem citar eventos extremos ou riscos específicos.",,,,,,,,,,,,,,,,
200002534001_J0009,relevante,"O trecho menciona eventos extremos (secas, calor extremo, chuvas intensas) e adaptação climática, portanto é relevante.",TRUE,FALSE,FALSE,FALSE,TRUE,FALSE,TRUE,FALSE,TRUE,FALSE,TRUE,FALSE,FALSE,FALSE,2,Declara compromisso de proteger grupos vulneráveis sem especificar ação concreta.
200002534001_J0010,relevante,"O trecho menciona ""cidades preparadas para eventos extremos"", que é uma referência explícita a riscos climáticos e desastres naturais.",TRUE,FALSE,FALSE,FALSE,FALSE,FALSE,FALSE,FALSE,FALSE,FALSE,FALSE,FALSE,FALSE,TRUE,2,"Declara compromisso de preparar cidades para eventos extremos, sem ação específica."
200002534001_J0011,relevante,"O trecho menciona explicitamente ""adaptação climática"", que é uma ação de mitigação e resposta a riscos climáticos.",FALSE,FALSE,FALSE,FALSE,FALSE,FALSE,FALSE,FALSE,FALSE,FALSE,FALSE,FALSE,FALSE,FALSE,0,A frase apenas menciona adaptação climática sem detalhar ação ou diagnóstico.
200002534001_J0012,relevante,"O trecho menciona explicitamente eventos climáticos extremos como secas, calor extremo e chuvas intensas, além de riscos associados à erosão costeira e a vulnerabilidade de populações, qualificando-o como relevante.",TRUE,FALSE,FALSE,TRUE,TRUE,FALSE,TRUE,FALSE,TRUE,FALSE,TRUE,FALSE,FALSE,FALSE,1,As frases descrevem problemas de risco e desastre sem propor soluções.
200002534001_J0013,relevante,"O trecho menciona explicitamente a necessidade de conhecer riscos, prevenir desastres e preparar comunidades para eventos extremos.",TRUE,FALSE,FALSE,FALSE,FALSE,FALSE,FALSE,FALSE,FALSE,FALSE,FALSE,FALSE,FALSE,TRUE,3,A frase descreve a integração de infraestruturas hídricas como ação concreta para mitigação e adaptação climática.
200002534001_J0014,relevante,"O trecho menciona explicitamente proteção contra secas, calor extremo e chuvas intensas, que são eventos climáticos extremos.",TRUE,FALSE,FALSE,FALSE,TRUE,FALSE,TRUE,FALSE,TRUE,FALSE,TRUE,FALSE,FALSE,FALSE,2,Proposta de compromisso geral de proteção contra riscos sem ação específica.
200002534442_J0001,clima_geral,"O trecho menciona apenas a resiliência climática de forma geral, sem referir eventos extremos ou ações específicas.",,,,,,,,,,,,,,,,
200002534442_J0002,clima_geral,"O trecho menciona apenas a adaptação geral às mudanças climáticas, sem referir eventos extremos ou riscos específicos.",,,,,,,,,,,,,,,,
200002534442_J0003,nao_relevante,"O trecho trata apenas da simplificação administrativa para micro e pequenas empresas, sem mencionar riscos naturais, desastres ou agenda climática.",,,,,,,,,,,,,,,,
200002534442_J0004,nao_relevante,"O trecho não menciona nenhum risco, desastre ou agenda climática.",,,,,,,,,,,,,,,,
200002534442_J0005,relevante,"O trecho menciona prevenção de desastres, adaptação climática e redução de áreas de risco.",TRUE,FALSE,FALSE,TRUE,FALSE,TRUE,FALSE,FALSE,FALSE,FALSE,FALSE,FALSE,FALSE,FALSE,3,"A frase descreve a implantação de um programa específico para prevenção e adaptação a desastres, sem indicar metas ou valores."
200002534442_J0006,relevante,"O trecho menciona explicitamente a adaptação às mudanças climáticas, o que caracteriza uma ação de mitigação e resposta a riscos climáticos.",TRUE,FALSE,FALSE,TRUE,FALSE,FALSE,FALSE,FALSE,FALSE,FALSE,FALSE,FALSE,FALSE,TRUE,3,"Define a ação de elaborar e implementar um plano estadual de segurança hídrica, sem metas ou indicadores específicos."
200002534442_J0007,relevante,"O trecho menciona planos de contingência, protocolos de resposta a emergências e segurança das barragens, indicando gestão de riscos e desastres.",TRUE,FALSE,FALSE,FALSE,FALSE,FALSE,TRUE,FALSE,FALSE,FALSE,FALSE,TRUE,FALSE,FALSE,3,"Apresenta ações concretas (implantação de planos, inspeções, monitoramento) para risco e desastre hídrico."
200002534442_J0008,relevante,"O trecho menciona explicitamente a adaptação às mudanças climáticas em projetos habitacionais, o que se enquadra como ação de mitigação de risco climático.",TRUE,FALSE,FALSE,TRUE,FALSE,FALSE,FALSE,FALSE,FALSE,FALSE,FALSE,FALSE,FALSE,FALSE,2,Proposta de compromisso geral sobre adaptação climática sem ação específica.
200002534442_J0009,nao_relevante,"O trecho trata apenas de políticas de saúde e segurança, sem menção a riscos naturais, desastres ou agenda climática.",,,,,,,,,,,,,,,,
200002534442_J0010,relevante,O trecho menciona atuação do Corpo de Bombeiros na resposta a desastres e integração com a Defesa Civil.,TRUE,TRUE,FALSE,FALSE,FALSE,FALSE,FALSE,FALSE,FALSE,FALSE,FALSE,FALSE,FALSE,TRUE,3,Ação concreta de fortalecer o Corpo de Bombeiros Militar para prevenção e combate a incêndios e resposta a desastres.
200002534442_J0011,nao_relevante,O trecho menciona apenas emergências e vulnerabilidades sociais sem referência a riscos naturais ou desastres.,,,,,,,,,,,,,,,,
200002534442_J0012,relevante,"O trecho menciona emergências, calamidades e a Defesa Civil, indicando gestão de riscos e desastres.",TRUE,TRUE,FALSE,FALSE,FALSE,FALSE,FALSE,FALSE,FALSE,FALSE,FALSE,FALSE,FALSE,TRUE,3,"A frase descreve a criação de protocolos e equipes para responder a emergências, uma ação concreta sobre risco e desastre."
200002534442_J0013,relevante,"O trecho menciona vulnerabilidade a eventos climáticos (estiagens) e a necessidade de resiliência climática, atendendo aos critérios de risco climático.",TRUE,FALSE,FALSE,FALSE,FALSE,FALSE,TRUE,FALSE,FALSE,FALSE,FALSE,FALSE,FALSE,FALSE,2,Declara compromisso de sustentabilidade e resiliência climática sem ação específica.
200002534442_J0014,relevante,"O trecho menciona explicitamente ""adaptação climática"", o que entra na lista de termos que indicam risco ou evento extremo, tornando-o relevante.",TRUE,FALSE,FALSE,FALSE,FALSE,FALSE,FALSE,FALSE,FALSE,FALSE,FALSE,FALSE,FALSE,FALSE,1,"A frase descreve a falta de equipes ou recursos nas prefeituras para projetos de saneamento, drenagem, arborização, gestão de resíduos e adaptação climática."
200002534442_J0015,relevante,"O trecho menciona explicitamente eventos climáticos extremos e um plano de adaptação e mitigação, atendendo aos critérios de risco e desastre.",TRUE,FALSE,FALSE,TRUE,TRUE,FALSE,TRUE,FALSE,TRUE,FALSE,TRUE,FALSE,FALSE,FALSE,3,Plano estadual de adaptação e mitigação é uma ação concreta sobre riscos climáticos.
200002534442_J0016,relevante,O trecho menciona eventos extremos como queimadas e adaptação às mudanças climáticas com ações concretas.,TRUE,FALSE,FALSE,TRUE,FALSE,FALSE,FALSE,TRUE,FALSE,FALSE,TRUE,FALSE,FALSE,FALSE,3,Ações concretas de monitoramento e recuperação ambiental são propostas.
200002534442_J0017,relevante,"O trecho menciona explicitamente desastres e eventos extremos (enchentes, secas, incêndios) e a criação de protocolos com Defesa Civil.",FALSE,TRUE,FALSE,FALSE,TRUE,FALSE,TRUE,TRUE,FALSE,FALSE,FALSE,FALSE,FALSE,FALSE,3,"Propõe instituir protocolos de resgate e atendimento a animais em desastres, uma ação concreta sobre risco e desastre."
200002534442_J0018,relevante,"O trecho menciona um Plano Estadual de Adaptação e Mitigação às Mudanças Climáticas, indicando ações de prevenção e fiscalização, o que caracteriza uma política explícita de adaptação climática.",TRUE,FALSE,FALSE,TRUE,FALSE,FALSE,FALSE,FALSE,FALSE,FALSE,FALSE,FALSE,FALSE,TRUE,2,"Apresenta um plano de adaptação e mitigação às mudanças climáticas, sem detalhar ações concretas ou metas."
200002535255_J0001,nao_relevante,"O trecho trata apenas de políticas educacionais sem menção a riscos, desastres ou agenda climática.",,,,,,,,,,,,,,,,
200002535255_J0002,relevante,"O trecho menciona Defesa Civil, combate a incêndios e planos de contingência, que são ações explícitas de gestão de riscos e desastres.",FALSE,FALSE,FALSE,FALSE,FALSE,FALSE,FALSE,FALSE,FALSE,FALSE,FALSE,FALSE,FALSE,FALSE,3,Descreve ações concretas de modernização e apoio em combate a incêndios e resposta a emergências.
200002535255_J0003,relevante,"O trecho menciona explicitamente a prevenção de enchentes e outros riscos climáticos, qualificando-o como relevante.",TRUE,FALSE,TRUE,FALSE,TRUE,FALSE,FALSE,FALSE,FALSE,FALSE,FALSE,FALSE,FALSE,FALSE,2,"Proposta de compromisso para prevenção de enchentes e riscos climáticos, sem ação específica identificável."
200002535255_J0004,relevante,"O trecho menciona a resiliência diante das secas, indicando preocupação com risco climático.",TRUE,FALSE,FALSE,TRUE,FALSE,FALSE,TRUE,FALSE,FALSE,FALSE,FALSE,FALSE,FALSE,FALSE,3,Ação de incentivar produções agroecológicas para reduzir impactos das secas.
200002542481_J0001,relevante,"O trecho menciona explicitamente um plano para enfrentar a seca, que é um evento extremo climático.",TRUE,FALSE,FALSE,FALSE,FALSE,FALSE,TRUE,FALSE,FALSE,FALSE,FALSE,FALSE,FALSE,FALSE,2,Apresenta um plano de enfrentamento à seca sem detalhar ações concretas.
200002546757_J0001,clima_geral,"O trecho menciona mudanças climáticas e educação ambiental sem referir a eventos extremos ou ações de mitigação, classificando-o como clima geral.",,,,,,,,,,,,,,,,
200002546757_J0002,relevante,"O trecho menciona áreas de risco e perigo de desabamento, indicando preocupação com eventos extremos naturais.",TRUE,FALSE,FALSE,FALSE,FALSE,TRUE,FALSE,FALSE,FALSE,FALSE,FALSE,FALSE,FALSE,FALSE,4,"A proposta inclui construir 50.000 residências em áreas de risco, com prazo e quantidade definidos."
200002547826_J0001,relevante,"O trecho menciona explicitamente o combate à seca e políticas de segurança hídrica, que são medidas de mitigação de risco climático.",TRUE,FALSE,FALSE,FALSE,FALSE,FALSE,TRUE,FALSE,FALSE,FALSE,FALSE,FALSE,FALSE,FALSE,2,"Propõe ampliar programas de combate à seca, sem detalhar ações específicas."
20002539642_J0001,relevante,"O trecho menciona explicitamente a redução de enchentes, mapeamento de áreas de risco e ações de prevenção.",TRUE,FALSE,FALSE,FALSE,TRUE,FALSE,FALSE,FALSE,FALSE,FALSE,FALSE,FALSE,FALSE,FALSE,3,Implantar sistemas de drenagem e mapear áreas de risco são ações concretas sobre risco e desastre.
20002539642_J0002,relevante,O trecho menciona eventos climáticos extremos e ações de defesa civil.,TRUE,FALSE,FALSE,FALSE,FALSE,FALSE,FALSE,FALSE,FALSE,FALSE,FALSE,FALSE,FALSE,TRUE,3,contém ações concretas (criação de salas e comitê) para enfrentar eventos climáticos extremos
20002539642_J0003,nao_relevante,O trecho trata apenas de políticas alimentares e saúde pública sem mencionar riscos naturais ou eventos climáticos.,,,,,,,,,,,,,,,,
20002553350_J0001,relevante,"O trecho menciona explicitamente enchentes, inundações, deslizamentos e outras vulnerabilidades climáticas.",FALSE,FALSE,FALSE,FALSE,TRUE,TRUE,TRUE,FALSE,FALSE,FALSE,TRUE,FALSE,FALSE,FALSE,1,Apresenta dados de impacto e distribuição de riscos sem propor solução.
20002553350_J0002,relevante,"O trecho menciona explicitamente enchentes, secas e outros eventos extremos, indicando risco climático.",TRUE,FALSE,FALSE,TRUE,TRUE,FALSE,TRUE,FALSE,FALSE,FALSE,TRUE,FALSE,FALSE,FALSE,1,Apresenta dados de risco sem propor solução.
20002553350_J0003,relevante,"O trecho menciona eventos extremos como enchentes, secas e erosão costeira, além de falar em preparação para os efeitos das mudanças climáticas.",FALSE,FALSE,TRUE,TRUE,TRUE,FALSE,TRUE,FALSE,FALSE,FALSE,TRUE,FALSE,FALSE,FALSE,3,Criação de parques estaduais é uma ação concreta sobre risco e desastre.
20002553350_J0004,clima_geral,O trecho menciona recuperação ambiental e economia verde sem referir a eventos extremos ou riscos específicos.,,,,,,,,,,,,,,,,
20002553350_J0005,relevante,"O trecho menciona explicitamente enchentes, secas e outras ameaças climáticas, além de planos de adaptação, mapas de risco, sistemas de alerta e Defesa Civil.",TRUE,FALSE,FALSE,TRUE,TRUE,FALSE,TRUE,FALSE,TRUE,FALSE,FALSE,FALSE,FALSE,FALSE,3,Descreve ações concretas de prevenção e adaptação a riscos climáticos.
20002553350_J0006,relevante,"O trecho menciona ações de convivência com a seca, indicando vulnerabilidade e adaptação climática.",TRUE,FALSE,FALSE,FALSE,FALSE,FALSE,TRUE,FALSE,FALSE,FALSE,FALSE,FALSE,FALSE,FALSE,3,Descreve um programa concreto de perfuração e manutenção para lidar com seca.
20002553350_J0007,relevante,"O trecho menciona enchentes e áreas de risco, indicando eventos extremos naturais e vulnerabilidade.",TRUE,FALSE,FALSE,FALSE,TRUE,FALSE,FALSE,FALSE,FALSE,FALSE,FALSE,FALSE,FALSE,FALSE,2,Apresenta compromisso de política para enfrentar risco sem detalhar ação específica.
20002553350_J0008,relevante,"O trecho menciona explicitamente áreas de risco e a necessidade de prevenção, caracterizando risco climático/extremo.",TRUE,FALSE,FALSE,FALSE,FALSE,TRUE,FALSE,FALSE,FALSE,FALSE,FALSE,FALSE,FALSE,FALSE,3,Ações concretas de prevenção e reassentamento em áreas de risco são descritas.
20002553350_J0009,relevante,"O trecho menciona explicitamente enchentes, alagamentos e ocupações de risco, além de ações de drenagem e contenção de encostas.",TRUE,FALSE,FALSE,FALSE,TRUE,TRUE,FALSE,FALSE,FALSE,FALSE,FALSE,FALSE,FALSE,FALSE,3,"O trecho descreve ações concretas de drenagem, contenção e mapeamento para risco de enchentes."
20002553745_J0001,relevante,"O trecho menciona a preparação de cidades e comunidades para as mudanças climáticas, o que constitui uma adaptação climática explícita.",TRUE,FALSE,FALSE,TRUE,FALSE,FALSE,FALSE,FALSE,FALSE,FALSE,FALSE,FALSE,FALSE,TRUE,2,"Declara compromisso de proteger e preparar, sem ação específica."
20002553745_J0002,relevante,"O trecho menciona explicitamente emergências e desastres, mapeamento de territórios vulneráveis e ações de proteção social.",TRUE,TRUE,TRUE,FALSE,FALSE,FALSE,FALSE,FALSE,FALSE,FALSE,FALSE,FALSE,FALSE,TRUE,3,Ação concreta de criar uma rede estadual para emergências e desastres.
20002553745_J0003,nao_relevante,"O trecho menciona a Defesa Civil apenas como órgão de segurança pública, sem referência a riscos, desastres ou eventos climáticos.",,,,,,,,,,,,,,,,
20002553745_J0004,relevante,"O trecho menciona ""CONTENÇÃO DE ENCOSTAS"" e ""ÁREAS DE RISCO"", indicando ações de mitigação de riscos naturais.",TRUE,FALSE,FALSE,FALSE,FALSE,FALSE,FALSE,FALSE,FALSE,FALSE,FALSE,FALSE,FALSE,TRUE,2,Propõe criar secretaria e priorizar áreas de risco sem detalhar ação específica.
20002553745_J0005,relevante,"O trecho menciona eventos extremos e a prevenção de desastres, atendendo aos critérios de relevância.",TRUE,FALSE,FALSE,FALSE,TRUE,FALSE,TRUE,FALSE,TRUE,FALSE,TRUE,FALSE,FALSE,FALSE,2,"Apresenta compromisso de adaptação e prevenção, sem ação específica ou metas."
20002553745_J0006,relevante,"O trecho menciona preparação para riscos climáticos e combate a desertificação, indicando foco em eventos extremos e vulnerabilidade.",TRUE,FALSE,FALSE,FALSE,FALSE,FALSE,FALSE,FALSE,FALSE,FALSE,TRUE,FALSE,FALSE,FALSE,3,"Ações propostas para prevenção e adaptação a riscos climáticos, sem metas ou indicadores específicos."
20002553745_J0007,relevante,"O trecho menciona mapas de risco, sistemas de alerta e fortalecimento da Defesa Civil.",TRUE,FALSE,FALSE,TRUE,FALSE,TRUE,TRUE,TRUE,FALSE,FALSE,FALSE,FALSE,FALSE,FALSE,3,Ações concretas de prevenção e adaptação climática são descritas.
20002553745_J0008,clima_geral,O trecho menciona adaptação climática e descarbonização sem referir a eventos extremos ou riscos específicos.,,,,,,,,,,,,,,,,
20002553745_J0009,clima_geral,"O trecho menciona mudanças climáticas de forma geral, sem referir eventos extremos ou medidas específicas de adaptação.",,,,,,,,,,,,,,,,
210002533355_J0001,relevante,"O trecho menciona explicitamente enchentes, desastres ambientais e a falta de preparação do governo para lidar com esses riscos.",TRUE,FALSE,TRUE,FALSE,TRUE,FALSE,FALSE,FALSE,FALSE,FALSE,FALSE,FALSE,FALSE,FALSE,1,Apresenta dados e histórico de desastres sem propor ações concretas.
210002533355_J0002,relevante,"O trecho menciona explicitamente a defesa contra enchentes, cheias e inundações, bem como a construção de estruturas de defesa, o que se enquadra em risco climático e desastre.",TRUE,FALSE,TRUE,FALSE,TRUE,FALSE,FALSE,FALSE,FALSE,FALSE,FALSE,FALSE,FALSE,FALSE,3,Descreve ações concretas de prevenção e recuperação de enchentes.
210002535802_J0001,clima_geral,"O trecho menciona apenas ""resiliência climática"" de forma geral, sem citar eventos extremos ou ações específicas.",,,,,,,,,,,,,,,,
210002535802_J0002,relevante,"O trecho menciona explicitamente ""proteção contra cheias"", indicando preocupação com risco de enchentes.",FALSE,FALSE,FALSE,FALSE,TRUE,FALSE,FALSE,FALSE,FALSE,FALSE,FALSE,FALSE,FALSE,FALSE,2,"A frase indica um compromisso de infraestrutura e logística para proteção contra cheias, sem detalhar ações ou metas específicas."
210002535802_J0003,relevante,"O trecho menciona ""Defesa Civil"" e ""resiliência climática"", indicando foco em riscos e desastres naturais.",FALSE,FALSE,FALSE,FALSE,FALSE,FALSE,FALSE,FALSE,FALSE,FALSE,FALSE,FALSE,FALSE,TRUE,2,Aponta compromisso geral com Defesa Civil e resiliência climática sem detalhar ação específica.
210002535802_J0004,relevante,"O trecho menciona vulnerabilidade a estiagens e enchentes, indicando riscos climáticos extremos.",FALSE,FALSE,FALSE,FALSE,TRUE,FALSE,TRUE,FALSE,FALSE,FALSE,FALSE,FALSE,FALSE,FALSE,1,Apresenta problema de enchentes sem proteção adequada.
210002535802_J0005,relevante,"O trecho menciona explicitamente a preocupação com chuvas e secas, que são eventos climáticos extremos.",FALSE,FALSE,FALSE,FALSE,TRUE,FALSE,TRUE,FALSE,FALSE,FALSE,FALSE,FALSE,FALSE,FALSE,1,"Apresenta o problema de medo das famílias frente a chuvas e secas, sem propor solução."
210002535802_J0006,clima_geral,"O trecho menciona apenas a resiliência climática de forma geral, sem citar eventos extremos ou riscos específicos.",,,,,,,,,,,,,,,,
210002535802_J0007,relevante,"O trecho menciona proteção contra enchentes e resiliência climática, indicando risco de desastre natural.",TRUE,FALSE,FALSE,FALSE,TRUE,FALSE,FALSE,FALSE,FALSE,FALSE,FALSE,FALSE,FALSE,FALSE,2,Declara diretrizes de resiliência climática e proteção contra enchentes sem especificar ações concretas.
210002535802_J0008,relevante,"O trecho menciona explicitamente ""adaptação climática"", que é uma ação de mitigação e resposta a riscos climáticos.",FALSE,FALSE,FALSE,TRUE,FALSE,FALSE,FALSE,FALSE,FALSE,FALSE,FALSE,FALSE,FALSE,FALSE,3,Ação concreta de criar linhas de financiamento para adaptação climática.
210002535802_J0009,relevante,"O trecho menciona explicitamente eventos climáticos e a necessidade de resposta emergencial, qualificando-o como relevante.",FALSE,TRUE,FALSE,FALSE,FALSE,FALSE,FALSE,FALSE,FALSE,FALSE,FALSE,FALSE,FALSE,TRUE,3,"Ação concreta de criar mecanismos de crédito, mas sem meta ou prazo."
210002535802_J0010,relevante,"O trecho menciona explicitamente a proteção contra cheias, um evento extremo natural.",TRUE,FALSE,FALSE,FALSE,TRUE,FALSE,FALSE,FALSE,FALSE,FALSE,FALSE,FALSE,FALSE,FALSE,2,"Declara proteção contra cheias como prioridade absoluta, sem detalhar ação específica."
210002535802_J0011,relevante,"O trecho menciona explicitamente o enfrentamento de secas e medidas de segurança hídrica, indicando risco climático e adaptação.",TRUE,FALSE,FALSE,FALSE,FALSE,FALSE,TRUE,FALSE,FALSE,FALSE,FALSE,FALSE,FALSE,FALSE,3,"A frase descreve a criação de um plano estadual, uma ação concreta sobre risco hídrico."
210002535802_J0012,relevante,"O trecho menciona proteção contra enchentes, que é um risco climático/extremo.",FALSE,FALSE,FALSE,FALSE,TRUE,FALSE,FALSE,FALSE,FALSE,FALSE,FALSE,FALSE,FALSE,FALSE,2,"A frase indica um compromisso de buscar recursos para proteção contra enchentes, sem detalhar ação específica."
210002535802_J0013,relevante,O trecho menciona explicitamente a proteção contra enchentes e secas.,TRUE,FALSE,FALSE,FALSE,TRUE,FALSE,TRUE,FALSE,FALSE,FALSE,FALSE,FALSE,FALSE,FALSE,2,Declara compromisso de proteger pessoas de enchentes e secas sem detalhar ação específica.
210002535802_J0014,relevante,"O trecho menciona reconstrução de infra‑estrutura atingida por eventos climáticos, indicando risco e desastre natural.",FALSE,FALSE,TRUE,FALSE,FALSE,FALSE,FALSE,FALSE,FALSE,FALSE,FALSE,FALSE,FALSE,TRUE,0,Não há menção concreta a risco ou desastre.
210002535802_J0015,relevante,"O trecho menciona segurança diante de eventos climáticos, o que indica preocupação com riscos climáticos.",FALSE,FALSE,FALSE,FALSE,FALSE,FALSE,FALSE,FALSE,FALSE,FALSE,FALSE,FALSE,FALSE,TRUE,2,Declara compromisso de maior segurança frente a eventos climáticos sem detalhar ação específica.
210002535802_J0016,relevante,"O trecho menciona explicitamente proteção contra cheias, que é um evento extremo natural.",FALSE,FALSE,FALSE,FALSE,TRUE,FALSE,FALSE,FALSE,FALSE,FALSE,FALSE,FALSE,FALSE,FALSE,2,Declara compromisso de proteger contra cheias sem detalhar ação específica.
210002535802_J0017,relevante,"O trecho menciona explicitamente ""risks climáticos"", atendendo ao critério de relevância.",FALSE,FALSE,FALSE,FALSE,FALSE,FALSE,FALSE,FALSE,FALSE,FALSE,FALSE,FALSE,FALSE,TRUE,2,Declara compromisso de considerar riscos climáticos sem especificar ação concreta.
210002535802_J0018,clima_geral,"O trecho menciona apenas ""resiliência climática"" sem referir a eventos extremos, riscos ou ações específicas.",,,,,,,,,,,,,,,,
210002535802_J0019,relevante,"O trecho menciona explicitamente ""risks climáticos"", o que entra na lista de termos que indicam risco ou desastre, tornando-o relevante.",FALSE,FALSE,FALSE,FALSE,FALSE,FALSE,FALSE,FALSE,FALSE,FALSE,FALSE,FALSE,FALSE,TRUE,2,"A frase indica um compromisso de considerar riscos climáticos, sem descrever ação específica."
210002535802_J0020,clima_geral,"O trecho menciona apenas ""resiliência climática"" sem referir a eventos extremos, riscos ou ações específicas.",,,,,,,,,,,,,,,,
210002535802_J0021,relevante,"O trecho menciona explicitamente ""risks climáticos"", o que entra na lista de termos que indicam risco ou vulnerabilidade climática.",FALSE,FALSE,FALSE,FALSE,FALSE,FALSE,FALSE,FALSE,FALSE,FALSE,FALSE,FALSE,FALSE,TRUE,2,"Define critérios de priorização, incluindo riscos climáticos."
210002535802_J0022,clima_geral,"O trecho menciona apenas a resiliência climática de forma geral, sem citar eventos extremos ou ações específicas.",,,,,,,,,,,,,,,,
210002535802_J0023,relevante,"O trecho menciona explicitamente ""risks climáticos"", o que entra na lista de termos que indicam risco ou vulnerabilidade a eventos climáticos.",FALSE,FALSE,FALSE,FALSE,FALSE,FALSE,FALSE,FALSE,FALSE,FALSE,FALSE,FALSE,FALSE,TRUE,2,"A frase indica um compromisso de considerar riscos climáticos, sem descrever ação específica."
210002535802_J0024,clima_geral,"O trecho menciona apenas ""resiliência climática"" sem referir a eventos extremos, riscos ou ações específicas.",,,,,,,,,,,,,,,,
210002535802_J0025,relevante,"O trecho menciona explicitamente ""risks climáticos"", o que entra na lista de termos que indicam risco ou desastre, tornando-o relevante.",FALSE,FALSE,FALSE,FALSE,FALSE,FALSE,FALSE,FALSE,FALSE,FALSE,FALSE,FALSE,FALSE,TRUE,2,"A frase indica um compromisso de considerar riscos climáticos, sem detalhar ação específica."
210002535802_J0026,clima_geral,"O trecho menciona apenas ""resiliência climática"" de forma geral, sem referir a eventos extremos ou ações específicas.",,,,,,,,,,,,,,,,
210002535802_J0027,relevante,"O trecho menciona explicitamente ""risks climáticos"", o que entra na lista de termos que indicam risco ou vulnerabilidade climática.",FALSE,FALSE,FALSE,FALSE,FALSE,FALSE,FALSE,FALSE,FALSE,FALSE,FALSE,FALSE,FALSE,TRUE,2,"A frase indica um compromisso de considerar riscos climáticos, sem detalhar ação específica."
210002535802_J0028,clima_geral,"O trecho menciona ""resiliência climática"" de forma geral, sem referir a eventos extremos ou riscos específicos.",,,,,,,,,,,,,,,,
210002535802_J0029,relevante,"O trecho menciona explicitamente ""risks climáticos"", o que entra na lista de termos que indicam risco ou desastre, tornando-o relevante.",FALSE,FALSE,FALSE,FALSE,FALSE,FALSE,FALSE,FALSE,FALSE,FALSE,FALSE,FALSE,FALSE,TRUE,2,"Declara que a ação deve levar em conta riscos climáticos, sem especificar uma medida concreta."
210002535802_J0030,clima_geral,"O trecho menciona apenas ""resiliência climática"" sem referir a eventos extremos, riscos ou ações específicas.",,,,,,,,,,,,,,,,
210002535802_J0031,relevante,"O trecho menciona explicitamente ""risks climáticos"", o que entra na lista de termos que indicam risco ou vulnerabilidade climática.",FALSE,FALSE,FALSE,FALSE,FALSE,FALSE,FALSE,FALSE,FALSE,FALSE,FALSE,FALSE,FALSE,TRUE,2,"A frase indica um compromisso de considerar riscos climáticos, sem detalhar ação específica."
210002535802_J0032,clima_geral,"O trecho menciona apenas a resiliência climática de forma geral, sem referir eventos extremos ou ações específicas.",,,,,,,,,,,,,,,,
210002535802_J0033,relevante,"O trecho menciona explicitamente ""adaptação climática"", que é uma ação de mitigação e resposta a riscos climáticos.",FALSE,FALSE,FALSE,TRUE,FALSE,FALSE,FALSE,FALSE,FALSE,FALSE,FALSE,FALSE,FALSE,FALSE,2,Define compromisso de financiar adaptação climática sem ação específica.
210002535802_J0034,relevante,"O trecho menciona explicitamente ""adaptação climática"", que é uma ação de mitigação e preparação para riscos climáticos.",TRUE,FALSE,FALSE,TRUE,FALSE,FALSE,FALSE,FALSE,FALSE,FALSE,FALSE,FALSE,FALSE,FALSE,3,"Propõe criar linhas de financiamento para adaptação climática, uma ação concreta sobre risco e desastre."
210002535802_J0035,relevante,"O trecho menciona explicitamente eventos climáticos e medidas de resposta (crédito emergencial), portanto é relevante.",FALSE,TRUE,FALSE,FALSE,FALSE,FALSE,FALSE,FALSE,FALSE,FALSE,FALSE,FALSE,FALSE,TRUE,3,"Propõe criar mecanismos de crédito emergencial, uma ação concreta sobre risco e desastre."
210002535802_J0036,nao_relevante,"O trecho trata apenas de governança corporativa e gestão de riscos financeiros, sem referência a eventos naturais ou climáticos.",,,,,,,,,,,,,,,,
210002535802_J0037,relevante,"O trecho menciona ""adaptação climática"", que é uma ação explícita de mitigação de risco climático.",FALSE,FALSE,FALSE,TRUE,FALSE,FALSE,FALSE,FALSE,FALSE,FALSE,FALSE,FALSE,FALSE,FALSE,2,"A frase indica um compromisso de direcionar operações para inovação e adaptação climática, sem detalhar ações concretas."
210002535802_J0038,relevante,"O trecho menciona explicitamente ""risks climáticos"", o que entra na lista de termos que indicam risco ou desastre.",FALSE,FALSE,FALSE,FALSE,FALSE,FALSE,FALSE,FALSE,FALSE,FALSE,FALSE,FALSE,FALSE,TRUE,2,"A frase indica um compromisso de considerar riscos climáticos, sem detalhar ação específica."
210002535802_J0039,clima_geral,"O trecho menciona apenas ""resiliência climática"" sem referir a eventos extremos, riscos ou ações específicas.",,,,,,,,,,,,,,,,
210002535802_J0040,relevante,"O trecho menciona explicitamente ""risks climáticos"", o que entra na lista de termos que indicam preocupação com riscos e eventos extremos, tornando-o relevante.",FALSE,FALSE,FALSE,FALSE,FALSE,FALSE,FALSE,FALSE,FALSE,FALSE,FALSE,FALSE,FALSE,TRUE,2,"A frase indica um compromisso de considerar riscos climáticos, sem detalhar ação específica."
210002535802_J0041,relevante,"O trecho menciona ""resiliência climática"" e propõe um programa de irrigação, que é uma ação explícita de adaptação climática.",FALSE,FALSE,FALSE,FALSE,FALSE,FALSE,FALSE,FALSE,FALSE,FALSE,FALSE,FALSE,FALSE,FALSE,3,A frase descreve uma ação concreta de implantação de um programa estadual.
210002535802_J0042,relevante,"O trecho menciona explicitamente instrumentos de gestão de risco, que se enquadra na definição de risco e desastre.",TRUE,FALSE,FALSE,FALSE,FALSE,FALSE,FALSE,FALSE,FALSE,FALSE,FALSE,FALSE,FALSE,FALSE,3,A frase descreve uma ação concreta de ampliar seguro rural e instrumentos de gestão de risco.
210002535802_J0043,relevante,"O trecho menciona explicitamente ""risgos climáticos"", o que entra na lista de termos que indicam risco ou desastre, tornando-o relevante.",TRUE,FALSE,FALSE,FALSE,FALSE,FALSE,FALSE,FALSE,FALSE,FALSE,FALSE,FALSE,FALSE,TRUE,2,Define diretrizes de considerar riscos climáticos na ação estadual.
210002535802_J0044,clima_geral,"O trecho menciona apenas ""resiliência climática"" de forma geral, sem referir a eventos extremos ou ações específicas.",,,,,,,,,,,,,,,,
210002535802_J0045,relevante,"O trecho menciona explicitamente ""resiliência climática"" e ""risco climático"", indicando preocupação com eventos extremos e gestão de riscos.",TRUE,FALSE,FALSE,FALSE,FALSE,FALSE,FALSE,FALSE,FALSE,FALSE,FALSE,FALSE,FALSE,TRUE,1,Diagnóstico sobre logística e resiliência climática.
210002535802_J0046,clima_geral,"Apenas menciona ""resiliência climática"" de forma geral, sem citar eventos extremos ou ações específicas.",,,,,,,,,,,,,,,,
210002535802_J0047,relevante,"O trecho menciona explicitamente ""risks climáticos"", atendendo ao critério de relevância.",FALSE,FALSE,FALSE,FALSE,FALSE,FALSE,FALSE,FALSE,FALSE,FALSE,FALSE,FALSE,FALSE,TRUE,2,"Define um critério de planejamento que inclui riscos climáticos, sem detalhar ação específica."
210002535802_J0048,clima_geral,"Apenas menciona ""resiliência climática"" de forma geral, sem referir a eventos extremos ou ações específicas.",,,,,,,,,,,,,,,,
210002535802_J0049,relevante,"O trecho menciona explicitamente ""eventos extremos"", indicando foco em risco e resiliência.",TRUE,FALSE,FALSE,FALSE,FALSE,FALSE,FALSE,FALSE,FALSE,FALSE,FALSE,FALSE,FALSE,TRUE,3,A frase descreve uma ação concreta de modernizar redes para aumentar a resiliência a eventos extremos.
210002535802_J0050,relevante,"O trecho menciona explicitamente ""risks climáticos"", o que entra na lista de termos que indicam risco ou desastre, tornando-o relevante.",FALSE,FALSE,FALSE,FALSE,FALSE,FALSE,FALSE,FALSE,FALSE,FALSE,FALSE,FALSE,FALSE,TRUE,2,"Define um critério de planejamento que inclui riscos climáticos, sem especificar ação concreta."
210002535802_J0051,clima_geral,"Apenas menciona ""resiliência climática"" sem detalhes de eventos ou adaptações específicas.",,,,,,,,,,,,,,,,
210002535802_J0052,relevante,"O trecho menciona explicitamente ""risks climáticos"", o que enquadra na categoria relevante.",FALSE,FALSE,FALSE,FALSE,FALSE,FALSE,FALSE,FALSE,FALSE,FALSE,FALSE,FALSE,FALSE,TRUE,2,"A frase indica um compromisso de considerar riscos climáticos, sem detalhar ação específica."
210002535802_J0053,clima_geral,"O trecho menciona ""resiliência climática"" de forma geral, sem referir a eventos extremos ou ações específicas.",,,,,,,,,,,,,,,,
210002535802_J0054,relevante,"O trecho menciona explicitamente ""riscos climáticos"", atendendo ao critério de relevância.",TRUE,FALSE,FALSE,FALSE,FALSE,FALSE,FALSE,FALSE,FALSE,FALSE,FALSE,FALSE,FALSE,TRUE,2,Declara compromisso de considerar riscos climáticos sem especificar ação concreta.
210002535802_J0055,clima_geral,"Apenas menciona ""resiliência climática"" de forma geral, sem citar eventos extremos ou ações específicas.",,,,,,,,,,,,,,,,
210002535802_J0056,relevante,"O trecho menciona explicitamente ""riscos climáticos"", atendendo ao critério de relevância.",FALSE,FALSE,FALSE,FALSE,FALSE,FALSE,FALSE,FALSE,FALSE,FALSE,FALSE,FALSE,FALSE,TRUE,2,"A frase estabelece um critério de orientação para ações estaduais, sem detalhar uma ação específica."
210002535802_J0057,clima_geral,"A frase menciona apenas a resiliência climática de forma geral, sem referir eventos extremos ou ações específicas.",,,,,,,,,,,,,,,,
210002535802_J0058,nao_relevante,"O trecho trata apenas de políticas educacionais e sociais, sem menção a riscos naturais, desastres ou agenda climática.",,,,,,,,,,,,,,,,
210002535802_J0059,relevante,O trecho menciona explicitamente riscos climáticos e adaptações para escolas.,TRUE,FALSE,FALSE,TRUE,TRUE,TRUE,TRUE,FALSE,TRUE,TRUE,FALSE,FALSE,FALSE,FALSE,3,"Apresenta ações concretas (formação, mapeamento, intervenções e planos) para prevenir e responder a riscos e desastres."
210002535802_J0060,relevante,"O trecho menciona explicitamente ""gestão de riscos climáticos"", que é uma referência a risco climático.",FALSE,FALSE,FALSE,FALSE,FALSE,FALSE,FALSE,FALSE,FALSE,FALSE,FALSE,FALSE,FALSE,FALSE,2,"A frase indica um compromisso de priorizar áreas, incluindo gestão de riscos climáticos, sem detalhar ações concretas."
210002535802_J0061,relevante,"O texto menciona explicitamente ""adaptação climática"", o que entra na lista de termos que tornam a classificação relevante.",FALSE,FALSE,FALSE,TRUE,FALSE,FALSE,FALSE,FALSE,FALSE,FALSE,FALSE,FALSE,FALSE,FALSE,2,"Declara compromisso de apoio ao município em adaptação climática, sem ação específica."
210002535802_J0062,relevante,"O trecho menciona explicitamente ""risco climático"", o que entra na lista de termos que indicam risco ou desastre, tornando-o relevante.",TRUE,FALSE,FALSE,FALSE,FALSE,FALSE,FALSE,FALSE,FALSE,FALSE,FALSE,FALSE,FALSE,TRUE,2,"Define critérios de distribuição que incluem risco climático, sem ação específica."
210002535802_J0063,relevante,"O trecho menciona planos de contingência para emergências e calamidades, incluindo eventos climáticos, o que caracteriza risco/desastre.",TRUE,FALSE,FALSE,FALSE,FALSE,FALSE,FALSE,FALSE,FALSE,FALSE,FALSE,FALSE,FALSE,TRUE,3,Descreve procedimentos concretos para lidar com estudantes deslocados por eventos climáticos.
210002535802_J0064,relevante,"O trecho menciona um plano climático e a retomada das atividades após eventos extremos, atendendo ao critério de relevância.",TRUE,FALSE,FALSE,FALSE,FALSE,FALSE,FALSE,FALSE,FALSE,FALSE,FALSE,FALSE,FALSE,TRUE,2,"Define um critério de avaliação (tempo de retomada) para eventos extremos, sem detalhar ação específica."
210002535802_J0065,relevante,"O trecho menciona explicitamente ""risks climáticos"", atendendo ao critério de relevância.",FALSE,FALSE,FALSE,FALSE,FALSE,FALSE,FALSE,FALSE,FALSE,FALSE,FALSE,FALSE,FALSE,TRUE,2,"A frase indica um compromisso de considerar riscos climáticos, sem detalhar ação específica."
210002535802_J0066,clima_geral,"O trecho menciona apenas a resiliência climática de forma geral, sem referir eventos extremos ou ações específicas.",,,,,,,,,,,,,,,,
210002535802_J0067,relevante,"O trecho menciona explicitamente ""risks climáticos"", atendendo ao critério de relevância.",TRUE,FALSE,FALSE,FALSE,FALSE,FALSE,FALSE,FALSE,FALSE,FALSE,FALSE,FALSE,FALSE,TRUE,2,Define critérios de ação sem especificar medidas concretas.
210002535802_J0068,clima_geral,"O trecho menciona apenas ""resiliência climática"" sem referir a eventos extremos, riscos ou ações específicas.",,,,,,,,,,,,,,,,
210002535802_J0069,relevante,"O trecho menciona explicitamente ""risks climáticos"", que se enquadra na lista de expressões que indicam risco climático.",FALSE,FALSE,FALSE,FALSE,FALSE,FALSE,FALSE,FALSE,FALSE,FALSE,FALSE,FALSE,FALSE,TRUE,2,"A frase indica um critério de planejamento que inclui riscos climáticos, sem descrever uma ação específica."
210002535802_J0070,clima_geral,"O trecho menciona apenas ""resiliência climática"" sem referir a eventos extremos, riscos ou ações específicas de adaptação.",,,,,,,,,,,,,,,,
210002535802_J0071,relevante,"O trecho menciona enchentes, Defesa Civil e adaptação climática, indicando risco e resposta a desastres.",TRUE,TRUE,TRUE,TRUE,TRUE,FALSE,FALSE,FALSE,FALSE,FALSE,FALSE,FALSE,FALSE,FALSE,2,Apresenta diretrizes e critérios de ação sem especificar medidas concretas.
210002535802_J0072,clima_geral,"O trecho menciona apenas a resiliência climática de forma geral, sem citar eventos extremos ou ações específicas.",,,,,,,,,,,,,,,,
210002535802_J0073,relevante,"O trecho menciona explicitamente a fortificação da Defesa Civil, que está diretamente ligada à gestão de riscos e desastres.",TRUE,FALSE,FALSE,FALSE,FALSE,FALSE,FALSE,FALSE,FALSE,FALSE,FALSE,FALSE,FALSE,TRUE,2,Proposta de compromisso sem ação específica
210002535802_J0074,relevante,"O trecho menciona explicitamente cheias, um evento extremo natural, e descreve ações de recuperação e manutenção.",FALSE,FALSE,TRUE,FALSE,TRUE,FALSE,FALSE,FALSE,FALSE,FALSE,FALSE,FALSE,FALSE,FALSE,3,A frase descreve uma ação concreta de recuperar sistemas de proteção contra cheias.
210002535802_J0075,relevante,"O trecho menciona explicitamente proteção contra cheias, um risco de desastre natural.",TRUE,FALSE,FALSE,FALSE,TRUE,FALSE,FALSE,FALSE,FALSE,FALSE,FALSE,FALSE,FALSE,FALSE,2,Declara prioridade e compromisso sem ação específica.
210002535802_J0076,relevante,"O trecho menciona explicitamente o enfrentamento às secas, um risco climático extremo.",TRUE,FALSE,FALSE,FALSE,FALSE,FALSE,TRUE,FALSE,FALSE,FALSE,FALSE,FALSE,FALSE,FALSE,4,Plano com metas anuais e cronograma
210002535802_J0077,relevante,"O trecho menciona explicitamente ""risks climáticos"", que se enquadra na lista de expressões que indicam risco climático.",TRUE,FALSE,FALSE,FALSE,FALSE,FALSE,FALSE,FALSE,FALSE,FALSE,FALSE,FALSE,FALSE,TRUE,2,"Declara que a ação deve levar em conta riscos climáticos, sem detalhar uma medida concreta."
210002535802_J0078,clima_geral,"O trecho menciona apenas a resiliência climática de forma geral, sem citar eventos extremos ou ações específicas.",,,,,,,,,,,,,,,,
210002535802_J0079,relevante,"O trecho menciona ""áreas de risco"", indicando ação para reduzir vulnerabilidade a eventos extremos.",TRUE,FALSE,FALSE,FALSE,FALSE,FALSE,FALSE,FALSE,FALSE,FALSE,FALSE,FALSE,FALSE,FALSE,3,"A frase descreve uma ação concreta de combate ao desmatamento ilegal e ocupação de áreas de risco, sem indicar metas quantitativas."
210002535802_J0080,relevante,"O trecho menciona explicitamente a adaptação climática, que é uma ação de mitigação e resposta a riscos climáticos.",FALSE,FALSE,FALSE,TRUE,FALSE,FALSE,FALSE,FALSE,FALSE,FALSE,FALSE,FALSE,FALSE,FALSE,2,Proposta de compromisso sem ação específica.
210002535802_J0081,relevante,"O trecho menciona explicitamente ""risks climáticos"", o que entra na lista de termos que indicam risco ou desastre, tornando-o relevante.",TRUE,FALSE,FALSE,FALSE,FALSE,FALSE,FALSE,FALSE,FALSE,FALSE,FALSE,FALSE,FALSE,FALSE,2,"Define um critério de planejamento que inclui riscos climáticos, sem detalhar ação específica."
210002535802_J0082,clima_geral,"O trecho menciona resiliência climática de forma geral, sem referir a eventos extremos ou riscos específicos.",,,,,,,,,,,,,,,,
210002535802_J0083,relevante,"O trecho menciona exposição a riscos e riscos climáticos, indicando preocupação com eventos extremos e adaptação urbana.",TRUE,FALSE,FALSE,TRUE,FALSE,FALSE,FALSE,FALSE,FALSE,FALSE,FALSE,FALSE,FALSE,TRUE,2,"A frase indica um compromisso de considerar riscos climáticos, sem especificar ação concreta."
210002535802_J0084,clima_geral,"O trecho menciona ""resiliência climática"" de forma geral, sem referir a eventos extremos ou ações específicas.",,,,,,,,,,,,,,,,
210002535802_J0085,relevante,"O trecho menciona explicitamente ""risco(s) climático(s)"", qualificando-o como relevante.",FALSE,FALSE,FALSE,FALSE,FALSE,FALSE,FALSE,FALSE,FALSE,FALSE,FALSE,FALSE,FALSE,TRUE,2,"A frase indica um compromisso de considerar riscos climáticos, sem detalhar ação específica."
210002535802_J0086,clima_geral,"O trecho menciona apenas a resiliência climática de forma geral, sem referir eventos extremos ou ações específicas.",,,,,,,,,,,,,,,,
210002535802_J0087,relevante,"O trecho menciona explicitamente ""risks climáticos"", o que entra na lista de termos que indicam risco ou vulnerabilidade climática.",FALSE,FALSE,FALSE,FALSE,FALSE,FALSE,FALSE,FALSE,FALSE,FALSE,FALSE,FALSE,FALSE,FALSE,2,"Declara que a ação deve levar em conta riscos climáticos, sem especificar uma medida concreta."
210002535802_J0088,clima_geral,"O trecho menciona ""resiliência climática"" sem referir a eventos extremos ou ações específicas de adaptação.",,,,,,,,,,,,,,,,
210002535802_J0089,relevante,"O trecho menciona explicitamente ""risks climáticos"", o que entra na lista de termos que indicam risco ou desastre, tornando-o relevante.",FALSE,FALSE,FALSE,FALSE,FALSE,FALSE,FALSE,FALSE,FALSE,FALSE,FALSE,FALSE,FALSE,TRUE,2,"A frase indica um compromisso de considerar riscos climáticos, sem detalhar ação específica."
210002535802_J0090,clima_geral,"O trecho menciona ""resiliência climática"" de forma geral, sem referir a eventos extremos ou ações específicas.",,,,,,,,,,,,,,,,
210002535802_J0091,relevante,"O trecho menciona explicitamente ""risks climáticos"", o que entra na lista de termos que indicam risco ou vulnerabilidade climática.",FALSE,FALSE,FALSE,FALSE,FALSE,FALSE,FALSE,FALSE,FALSE,FALSE,FALSE,FALSE,FALSE,TRUE,2,"A frase indica um compromisso de considerar riscos climáticos na ação estadual, sem detalhar uma medida específica."
210002535802_J0092,clima_geral,"Apenas menciona ""resiliência climática"" sem detalhes de eventos ou ações específicas.",,,,,,,,,,,,,,,,
210002535802_J0093,relevante,"O trecho menciona explicitamente eventos climáticos e a preservação de patrimônio afetado, indicando risco climático.",FALSE,FALSE,TRUE,FALSE,FALSE,FALSE,FALSE,FALSE,FALSE,FALSE,FALSE,FALSE,FALSE,TRUE,3,A frase descreve uma ação concreta de preservação de patrimônio afetado por eventos climáticos.
210002535802_J0094,relevante,"O trecho menciona explicitamente ""risks climáticos"", o que entra na lista de termos que indicam risco ou vulnerabilidade climática.",FALSE,FALSE,FALSE,FALSE,FALSE,FALSE,FALSE,FALSE,FALSE,FALSE,FALSE,FALSE,FALSE,TRUE,2,"A frase indica um compromisso de considerar riscos climáticos, sem detalhar ação específica."
210002535802_J0095,clima_geral,"Apenas menciona ""resiliência climática"" de forma geral, sem citar eventos extremos ou ações específicas.",,,,,,,,,,,,,,,,
210002535802_J0096,relevante,"O trecho menciona explicitamente ""risks climáticos"", atendendo ao critério de relevância.",FALSE,FALSE,FALSE,FALSE,FALSE,FALSE,FALSE,FALSE,FALSE,FALSE,FALSE,FALSE,FALSE,FALSE,2,"A frase indica um compromisso de considerar riscos climáticos, sem detalhar ação específica."
210002535802_J0097,clima_geral,"Apenas menciona ""resiliência climática"" de forma geral, sem citar eventos extremos ou ações específicas.",,,,,,,,,,,,,,,,
210002535802_J0098,relevante,"O trecho menciona explicitamente enchentes, um evento extremo natural.",FALSE,FALSE,TRUE,FALSE,TRUE,FALSE,FALSE,FALSE,FALSE,FALSE,FALSE,FALSE,FALSE,FALSE,3,A frase descreve uma ação concreta de recuperação de equipamentos afetados por enchentes.
210002535802_J0099,relevante,"O trecho menciona explicitamente ""risco(s) climático(s)"", o que atende ao critério de relevância.",FALSE,FALSE,FALSE,FALSE,FALSE,FALSE,FALSE,FALSE,FALSE,FALSE,FALSE,FALSE,FALSE,TRUE,2,Define critério de consideração de riscos climáticos na ação estadual.
210002535802_J0100,clima_geral,"O trecho menciona apenas a resiliência climática de forma geral, sem citar eventos extremos ou ações específicas.",,,,,,,,,,,,,,,,
210002541367_J0001,relevante,"O trecho menciona explicitamente uma enchente, um evento extremo natural.",FALSE,FALSE,FALSE,FALSE,TRUE,FALSE,FALSE,FALSE,FALSE,FALSE,FALSE,FALSE,FALSE,FALSE,1,Apresenta o problema de enchente sem propor solução.
210002541367_J0004,relevante,"O trecho menciona eventos climáticos extremos, áreas de risco e sistemas de proteção, indicando riscos naturais.",FALSE,FALSE,FALSE,FALSE,TRUE,FALSE,FALSE,FALSE,FALSE,FALSE,FALSE,FALSE,FALSE,FALSE,1,O trecho descreve problemas e situações de risco sem propor soluções concretas.
210002541367_J0005,relevante,"O trecho menciona obras ecológicas de drenagem urbana para combater enchentes, o que é uma referência explícita a risco e desastre natural.",TRUE,FALSE,FALSE,FALSE,TRUE,FALSE,FALSE,FALSE,FALSE,FALSE,FALSE,FALSE,FALSE,FALSE,3,"A frase descreve obras de drenagem urbana para prevenir enchentes, uma ação concreta sobre risco e desastre."
210002541367_J0006,relevante,"O trecho menciona explicitamente ""enchente"", um evento extremo natural, qualificando-o como relevante.",FALSE,FALSE,TRUE,FALSE,TRUE,FALSE,FALSE,FALSE,FALSE,FALSE,FALSE,FALSE,FALSE,FALSE,2,"Propõe empoderar moradores afetados por enchente para definir prioridades, sem detalhar ação concreta."
210002541367_J0007,relevante,"O trecho menciona enchentes, áreas de risco e obras antienchente, indicando foco em desastres naturais e gestão de riscos.",TRUE,FALSE,TRUE,FALSE,TRUE,FALSE,FALSE,FALSE,FALSE,FALSE,FALSE,FALSE,FALSE,FALSE,3,Apresenta ações concretas de controle e direcionamento de recursos para obras antienchente e reparação pós-enchente.
210002541367_J0008,relevante,"O trecho menciona explicitamente uma enchente, um evento extremo natural.",FALSE,FALSE,FALSE,FALSE,TRUE,FALSE,FALSE,FALSE,FALSE,FALSE,FALSE,FALSE,FALSE,FALSE,1,Apresenta diagnóstico do impacto da enchente no número de pessoas em pobreza.
210002541367_J0009,relevante,"O trecho menciona explicitamente ""enchente"", um evento extremo natural, tornando-o relevante.",FALSE,FALSE,FALSE,FALSE,TRUE,FALSE,FALSE,FALSE,FALSE,FALSE,FALSE,FALSE,FALSE,FALSE,1,Menciona o impacto de enchente nos resultados financeiros sem propor solução.
210002541367_J0010,clima_geral,"O trecho menciona a crise climática de forma geral, sem referir eventos extremos ou medidas específicas de adaptação.",,,,,,,,,,,,,,,,
210002541367_J0011,clima_geral,"O trecho menciona apenas a ausência de verbas para enfrentar os impactos das mudanças climáticas, sem citar eventos extremos ou medidas específicas.",,,,,,,,,,,,,,,,
210002541367_J0012,relevante,"O trecho menciona explicitamente ""eventos climáticos"", que se enquadra na lista de expressões que indicam risco climático.",FALSE,FALSE,FALSE,FALSE,FALSE,FALSE,FALSE,FALSE,FALSE,FALSE,FALSE,FALSE,FALSE,TRUE,1,"A frase descreve o problema de que os bilionários alegam perdas por eventos climáticos para obter benefícios, sem propor solução."
210002541367_J0013,relevante,"O trecho menciona ""enchente"", um evento extremo natural, tornando-o relevante.",FALSE,FALSE,FALSE,FALSE,TRUE,FALSE,FALSE,FALSE,FALSE,FALSE,FALSE,FALSE,FALSE,FALSE,1,"Descreve o impacto da enchente na dívida, sem propor solução."
210002541367_J0014,relevante,"O trecho menciona explicitamente enchentes que causaram perda de infraestrutura ferroviária, caracterizando um desastre natural e risco associado.",FALSE,FALSE,FALSE,FALSE,TRUE,FALSE,FALSE,FALSE,FALSE,FALSE,FALSE,FALSE,FALSE,FALSE,1,"Descreve perda de malha ferroviária após enchentes, sem proposta de ação."
210002541367_J0015,relevante,"O trecho menciona explicitamente a enchente como evento extremo, qualificando-o como risco climático.",FALSE,FALSE,FALSE,FALSE,TRUE,FALSE,FALSE,FALSE,FALSE,FALSE,FALSE,FALSE,FALSE,FALSE,1,"Descreve que a empresa não arcará com despesas em caso de enchente, sem propor solução."
210002541367_J0016,relevante,O trecho menciona explicitamente eventos climáticos e propõe uma medida de adaptação (galerias subterrâneas) para reduzir vulnerabilidade.,TRUE,FALSE,FALSE,FALSE,FALSE,FALSE,FALSE,FALSE,FALSE,FALSE,FALSE,FALSE,FALSE,TRUE,3,Propõe a construção de galerias subterrâneas para enfrentar eventos climáticos.
210002541367_J0017,relevante,"O trecho menciona eventos climáticos extremos, prevenção e medidas de mitigação.",TRUE,FALSE,FALSE,FALSE,FALSE,FALSE,FALSE,FALSE,FALSE,FALSE,FALSE,FALSE,FALSE,TRUE,2,Propõe compromisso de prevenção e priorização sem detalhar ação específica.
210002541367_J0018,clima_geral,"O trecho menciona a crise climática de forma geral, sem referir eventos extremos ou medidas específicas de adaptação.",,,,,,,,,,,,,,,,
210002541367_J0019,relevante,O trecho menciona eventos extremos climáticos e falhas de alerta.,FALSE,FALSE,FALSE,FALSE,TRUE,FALSE,FALSE,FALSE,FALSE,TRUE,FALSE,FALSE,FALSE,FALSE,1,A frase descreve a frequência crescente de eventos climáticos sem propor solução.
210002541367_J0020,relevante,O trecho menciona explicitamente a ocorrência de inundação e falhas na Defesa Civil no monitoramento hidrológico.,TRUE,FALSE,FALSE,FALSE,TRUE,FALSE,FALSE,FALSE,FALSE,FALSE,FALSE,FALSE,FALSE,FALSE,1,Apresenta dados e histórico de falhas na previsão e monitoramento de inundação.
210002541367_J0021,relevante,"O trecho menciona explicitamente deslizamentos, enchentes, risco de inundação e a atuação da Defesa Civil.",FALSE,FALSE,FALSE,FALSE,TRUE,TRUE,FALSE,FALSE,FALSE,FALSE,FALSE,FALSE,FALSE,FALSE,1,Apresenta dados e relatos de deslizamentos e enchentes sem propor ações concretas.
210002541367_J0022,relevante,"O trecho menciona recuperação pós‑enchente, um evento extremo natural.",FALSE,FALSE,TRUE,FALSE,TRUE,FALSE,FALSE,FALSE,FALSE,FALSE,FALSE,FALSE,FALSE,FALSE,1,"Apresenta dados que mostram foco em recuperação pós-enchente, descrevendo o problema sem propor solução."
210002541367_J0023,relevante,"O trecho menciona explicitamente enchente e insegurança decorrente de desastres naturais, atendendo ao critério de relevância.",TRUE,FALSE,FALSE,FALSE,TRUE,FALSE,FALSE,FALSE,FALSE,FALSE,FALSE,FALSE,FALSE,FALSE,1,Apresenta apenas a descrição de problemas sem propor ações ou metas.
210002541367_J0024,relevante,"O trecho menciona explicitamente enchentes e moradias destruídas, indicando risco e desastre natural.",FALSE,FALSE,TRUE,FALSE,TRUE,FALSE,FALSE,FALSE,FALSE,FALSE,FALSE,FALSE,FALSE,FALSE,4,"A frase sobre o programa A Casa é Sua – Calamidade inclui orçamento e número de moradias, caracterizando uma ação concreta com metas quantificadas."
210002541367_J0025,relevante,"O trecho menciona explicitamente eventos climáticos extremos, obras de macrodrenagem e contenção de encostas em áreas de risco, além de planos de proteção e enfrentamento ao colapso climático.",TRUE,FALSE,FALSE,FALSE,FALSE,TRUE,FALSE,FALSE,FALSE,FALSE,FALSE,FALSE,FALSE,FALSE,3,"A frase descreve a execução de obras específicas (macrodrenagem, contenção de encostas e reflorestamento) para prevenir desastres."
210002541367_J0026,relevante,"O trecho menciona explicitamente planos de adaptação climática, alertas públicos e medidas para lidar com eventos climáticos extremos como inundações.",TRUE,TRUE,FALSE,TRUE,TRUE,FALSE,TRUE,FALSE,TRUE,FALSE,FALSE,FALSE,FALSE,FALSE,3,Ações concretas de mitigação e adaptação a riscos climáticos são descritas.
210002541367_J0027,nao_relevante,"O trecho não menciona riscos naturais, eventos extremos ou agenda climática.",,,,,,,,,,,,,,,,
210002541367_J0028,relevante,"O trecho menciona explicitamente enchentes, cheias e enxurradas como eventos extremos que afetam a população.",FALSE,FALSE,FALSE,FALSE,TRUE,FALSE,FALSE,FALSE,FALSE,FALSE,FALSE,FALSE,FALSE,FALSE,1,"As frases descrevem o problema e suas causas, sem propor ações ou metas."
210002541367_J0029,relevante,"O trecho menciona uma barragem de rejeitos potencialmente perigosa, indicando risco de desastre.",FALSE,FALSE,FALSE,FALSE,FALSE,FALSE,FALSE,FALSE,FALSE,FALSE,FALSE,TRUE,FALSE,FALSE,1,"Apresenta projetos que podem gerar riscos de barragem e contaminação, descrevendo o problema sem propor solução."
210002541367_J0030,nao_relevante,"O trecho menciona enchentes apenas como contexto histórico e não aborda riscos, desastres ou medidas de adaptação.",,,,,,,,,,,,,,,,
210002541367_J0031,relevante,O trecho menciona explicitamente enchentes como evento extremo que afetou a região.,FALSE,FALSE,FALSE,FALSE,TRUE,FALSE,FALSE,FALSE,FALSE,FALSE,FALSE,FALSE,FALSE,FALSE,1,"A frase descreve o impacto das enchentes de 2024 como causa do crescimento migratório, sem propor solução ou ação."
210002541367_J0032,nao_relevante,"O trecho não menciona eventos extremos, riscos naturais ou adaptações climáticas explícitas.",,,,,,,,,,,,,,,,
210002541367_J0033,relevante,"O trecho menciona explicitamente a prevenção dos efeitos das mudanças climáticas, o que se enquadra em adaptação climática e risco climático.",TRUE,FALSE,FALSE,FALSE,FALSE,FALSE,FALSE,FALSE,FALSE,FALSE,FALSE,FALSE,FALSE,TRUE,2,"Propõe criar conselhos populares de defesa ambiental e prevenção dos efeitos climáticos, sem detalhar ações concretas."
210002541367_J0034,relevante,"O trecho menciona explicitamente escolas atingidas por enchentes, um evento extremo natural.",FALSE,FALSE,TRUE,FALSE,TRUE,FALSE,FALSE,FALSE,FALSE,FALSE,FALSE,FALSE,FALSE,FALSE,4,A ação de requalificar escolas atingidas por enchentes via PPP tem orçamento e prazo definidos.
210002541367_J0035,relevante,"O trecho menciona explicitamente enchentes e riscos de eventos climáticos extremos, além da ansiedade climática.",FALSE,FALSE,FALSE,FALSE,TRUE,FALSE,FALSE,FALSE,FALSE,FALSE,FALSE,FALSE,FALSE,FALSE,1,Apresenta dados e descreve problemas de risco/desastre sem propor ações concretas.
210002541367_J0036,relevante,"O trecho menciona prevenção de novas catástrofes ambientais, o que implica risco e desastre.",TRUE,FALSE,FALSE,FALSE,FALSE,FALSE,FALSE,FALSE,FALSE,FALSE,FALSE,FALSE,FALSE,TRUE,2,"Apresenta compromisso genérico de preservar o meio ambiente e prevenir novas catástrofes, sem detalhar ações específicas."
210002541367_J0037,relevante,O trecho menciona explicitamente enchentes como evento extremo.,FALSE,FALSE,FALSE,FALSE,TRUE,FALSE,FALSE,FALSE,FALSE,FALSE,FALSE,FALSE,FALSE,FALSE,1,"Identifica bairros mais atingidos por enchentes, descrevendo o problema sem propor solução."
210002541367_J0038,relevante,"O trecho menciona enchentes e alagamento, que são eventos extremos naturais.",FALSE,FALSE,FALSE,FALSE,TRUE,FALSE,FALSE,FALSE,FALSE,FALSE,FALSE,FALSE,FALSE,FALSE,1,Descreve um incidente de risco/desastre sem propor solução.
210002542892_J0001,relevante,"O trecho menciona explicitamente Gestão de Riscos, Defesa Civil e Segurança Hídrica.",FALSE,FALSE,FALSE,FALSE,FALSE,FALSE,FALSE,FALSE,FALSE,FALSE,FALSE,FALSE,FALSE,TRUE,0,Lista de temas sem ação concreta
210002542892_J0002,clima_geral,"O trecho menciona apenas mudanças climáticas de forma geral, sem citar eventos extremos, riscos ou adaptações específicas.",,,,,,,,,,,,,,,,
210002542892_J0003,relevante,"O trecho menciona explicitamente ""gestão de riscos fiscais e climáticos"", o que indica preocupação com riscos climáticos.",TRUE,FALSE,FALSE,FALSE,FALSE,FALSE,FALSE,FALSE,FALSE,FALSE,FALSE,FALSE,FALSE,FALSE,2,"Propõe integrar gestão de riscos climáticos ao planejamento, sem ação específica."
210002542892_J0004,relevante,"O trecho menciona estiagens e enchentes, eventos extremos naturais.",FALSE,FALSE,FALSE,FALSE,TRUE,FALSE,TRUE,FALSE,FALSE,FALSE,FALSE,FALSE,FALSE,FALSE,1,"A frase descreve a ocorrência de estiagens e enchentes como crises, sem propor solução."
210002542892_J0005,clima_geral,"O trecho menciona apenas a mudança climática de forma geral, sem citar eventos extremos, riscos ou medidas específicas de adaptação.",,,,,,,,,,,,,,,,
210002542892_J0006,relevante,"O trecho menciona explicitamente ""risks climáticos"", o que entra na lista de eventos/extremos/clima, tornando-o relevante.",FALSE,FALSE,FALSE,FALSE,FALSE,FALSE,FALSE,FALSE,FALSE,FALSE,FALSE,FALSE,FALSE,TRUE,1,Apresenta riscos climáticos como desafio sem propor solução.
210002542892_J0007,relevante,"O trecho menciona explicitamente enchentes e a necessidade de reforçar resiliência e preparação para emergências, caracterizando risco climático e desastre.",TRUE,TRUE,TRUE,FALSE,TRUE,FALSE,FALSE,FALSE,FALSE,FALSE,FALSE,FALSE,FALSE,FALSE,1,Descreve eventos e impactos sem propor solução.
210002542892_J0008,relevante,"O trecho menciona enchentes, desastres e protocolos de resposta a emergências, indicando risco climático explícito.",TRUE,FALSE,FALSE,FALSE,TRUE,FALSE,FALSE,FALSE,FALSE,FALSE,FALSE,FALSE,FALSE,FALSE,2,"A frase indica compromisso de adaptar a educação às exigências climáticas e melhorar resiliência escolar, sem detalhar ações concretas."
210002542892_J0009,relevante,"O trecho menciona explicitamente a incorporação de critérios de resiliência às mudanças climáticas, o que se enquadra como adaptação climática e, portanto, é classificado como relevante.",TRUE,FALSE,FALSE,TRUE,FALSE,FALSE,FALSE,FALSE,FALSE,FALSE,FALSE,FALSE,FALSE,FALSE,2,"Propõe incorporar critérios de resiliência climática, sem detalhar ação específica."
210002542892_J0010,clima_geral,"O trecho menciona mudanças climáticas de forma geral, sem citar eventos extremos ou medidas específicas de risco/disastro.",,,,,,,,,,,,,,,,
210002542892_J0011,relevante,"O trecho menciona explicitamente ""eventos extremos"", que se enquadra na lista de expressões que indicam risco ou desastre, tornando-o relevante.",TRUE,TRUE,FALSE,FALSE,FALSE,FALSE,FALSE,FALSE,FALSE,FALSE,FALSE,FALSE,FALSE,TRUE,2,"A frase indica um compromisso de aumentar vigilância e preparação, sem detalhar ações concretas."
210002542892_J0012,relevante,"O texto menciona explicitamente ""eventos climáticos extremos"", que se enquadra na lista de expressões que indicam risco ou desastre, tornando-o relevante.",FALSE,FALSE,FALSE,FALSE,FALSE,FALSE,FALSE,FALSE,FALSE,FALSE,FALSE,FALSE,FALSE,TRUE,2,"A frase indica um compromisso de fortalecer proteção social diante de eventos climáticos extremos, sem detalhar ações específicas."
210002542892_J0013,relevante,"O trecho menciona enchentes e eventos climáticos extremos, descrevendo ações de assistência social como resposta a emergências.",TRUE,TRUE,TRUE,FALSE,TRUE,FALSE,FALSE,FALSE,FALSE,FALSE,FALSE,FALSE,FALSE,FALSE,2,"Afirmação de que políticas e o SUAS são instrumentos estratégicos de proteção e resposta a eventos climáticos extremos, sem detalhar ações específicas."
210002542892_J0014,clima_geral,"O trecho menciona apenas a resiliência climática de forma geral, sem referir eventos extremos, riscos ou ações específicas.",,,,,,,,,,,,,,,,
210002542892_J0015,relevante,"O trecho menciona eventos climáticos extremos, enchentes e vulnerabilidade de áreas de risco, além da defesa civil e adaptação às mudanças climáticas.",TRUE,FALSE,TRUE,TRUE,TRUE,FALSE,FALSE,FALSE,FALSE,FALSE,FALSE,FALSE,FALSE,FALSE,2,"A frase indica um compromisso de integrar habitação, regularização fundiária e defesa civil em uma estratégia articulada, sem descrever ação específica."
210002542892_J0016,relevante,"O trecho menciona explicitamente enchentes, deslizamentos e outras áreas sujeitas a eventos climáticos extremos.",TRUE,FALSE,FALSE,TRUE,TRUE,TRUE,FALSE,FALSE,FALSE,FALSE,FALSE,FALSE,FALSE,FALSE,3,"O texto descreve a criação ou ampliação de programas específicos (habitação, regularização fundiária e reassentamento) para reduzir riscos de desastres naturais."
210002542892_J0017,relevante,"O trecho menciona eventos extremos e a necessidade de prevenção e proteção, indicando risco climático.",TRUE,FALSE,FALSE,FALSE,FALSE,FALSE,FALSE,FALSE,FALSE,FALSE,FALSE,FALSE,FALSE,TRUE,1,"Descreve o problema de eventos extremos afetarem crianças, sem propor ação específica."
210002542892_J0018,relevante,"O trecho menciona explicitamente eventos climáticos extremos e estratégias de prevenção, resposta e reconstrução.",TRUE,TRUE,TRUE,FALSE,FALSE,FALSE,FALSE,FALSE,FALSE,FALSE,FALSE,FALSE,FALSE,TRUE,2,"Propõe compromisso de incluir proteção infantil nas estratégias de prevenção, resposta e reconstrução, sem detalhar ação específica."
210002542892_J0019,relevante,"O trecho menciona explícita e concretamente a reconstrução pós-enchentes, um desastre natural, e fala de resiliência climática.",FALSE,FALSE,TRUE,FALSE,TRUE,FALSE,FALSE,FALSE,FALSE,FALSE,FALSE,FALSE,FALSE,FALSE,3,"A frase descreve instrumentos de fomento que atuaram na recuperação pós‑enchentes, caracterizando uma ação concreta de resposta a desastre."
210002542892_J0020,relevante,O trecho menciona explicitamente um Plano de Adaptação Climática e a redução de riscos de eventos climáticos extremos.,FALSE,FALSE,FALSE,TRUE,FALSE,FALSE,FALSE,FALSE,FALSE,FALSE,FALSE,FALSE,FALSE,TRUE,3,Ação de estruturar um plano para reduzir riscos climáticos.
210002542892_J0021,relevante,O trecho menciona explicitamente adaptação aos eventos climáticos extremos e resiliência produtiva.,FALSE,FALSE,FALSE,FALSE,FALSE,FALSE,FALSE,FALSE,FALSE,FALSE,FALSE,FALSE,FALSE,TRUE,1,Apresenta o problema de eventos climáticos extremos sem propor solução.
210002542892_J0022,relevante,"O trecho menciona explicitamente estiagens, enchentes e eventos climáticos extremos, que são riscos naturais.",TRUE,FALSE,FALSE,FALSE,TRUE,FALSE,TRUE,FALSE,FALSE,FALSE,FALSE,FALSE,FALSE,FALSE,1,Apresenta dados de impacto sem propor solução.
210002542892_J0023,relevante,O trecho menciona explicitamente adaptação climática e redução dos impactos de eventos extremos.,FALSE,FALSE,FALSE,TRUE,FALSE,FALSE,FALSE,FALSE,FALSE,FALSE,FALSE,FALSE,FALSE,TRUE,2,"Proposta de compromisso para reduzir impactos de eventos extremos na agropecuária, sem ação ou meta específica."
210002542892_J0024,relevante,O trecho menciona adaptação a eventos climáticos extremos e proteção ao produtor rural.,TRUE,FALSE,TRUE,TRUE,FALSE,FALSE,FALSE,FALSE,FALSE,FALSE,FALSE,FALSE,FALSE,TRUE,3,Descreve ações concretas para adaptação e mitigação de eventos climáticos extremos.
210002542892_J0025,clima_geral,"O trecho menciona mudanças climáticas e resiliência climática de forma geral, sem referir a eventos extremos ou riscos específicos.",,,,,,,,,,,,,,,,
210002542892_J0026,relevante,"O trecho menciona explicitamente ""eventos climáticos extremos"", o que indica risco e adaptação.",TRUE,FALSE,FALSE,FALSE,FALSE,FALSE,FALSE,FALSE,FALSE,FALSE,FALSE,FALSE,FALSE,TRUE,1,A frase descreve impactos de eventos climáticos extremos sem propor solução.
210002542892_J0027,clima_geral,O trecho menciona apenas o conceito geral de resiliência climática sem referir eventos extremos ou ações específicas.,,,,,,,,,,,,,,,,
210002542892_J0028,relevante,"O trecho menciona adaptação climática e capacidade de resposta a eventos extremos, indicando gestão de risco e desastre.",TRUE,FALSE,TRUE,TRUE,FALSE,FALSE,FALSE,FALSE,FALSE,FALSE,FALSE,FALSE,FALSE,TRUE,2,"Define compromisso de incorporar critérios de resiliência climática, sem ação específica."
210002542892_J0029,relevante,O trecho menciona integração com a Defesa Civil.,TRUE,FALSE,FALSE,FALSE,FALSE,FALSE,FALSE,FALSE,FALSE,FALSE,FALSE,FALSE,FALSE,FALSE,3,"Implanta um centro de inteligência logística integrado à Defesa Civil, uma ação concreta sobre risco e desastre."
210002542892_J0030,relevante,"O trecho menciona explicitamente enchentes, um desastre natural.",FALSE,FALSE,TRUE,FALSE,TRUE,FALSE,FALSE,FALSE,FALSE,FALSE,FALSE,FALSE,FALSE,FALSE,1,Descreve o problema das enchentes de 2024 sem propor solução.
210002542892_J0031,relevante,"O trecho menciona eventos climáticos e a necessidade de adaptação e prevenção, qualificando-o como relevante.",TRUE,FALSE,TRUE,TRUE,FALSE,FALSE,FALSE,FALSE,FALSE,FALSE,FALSE,FALSE,FALSE,TRUE,2,"Afirma que competitividade exige prevenção, adaptação e recuperação sem detalhar ações concretas."
210002542892_J0032,relevante,"O trecho menciona explicitamente resiliência climática e redução de vulnerabilidade a eventos extremos, indicando ações de adaptação ao risco climático.",TRUE,FALSE,FALSE,FALSE,FALSE,FALSE,FALSE,FALSE,FALSE,FALSE,FALSE,FALSE,FALSE,TRUE,2,"A proposta descreve um compromisso de fortalecer a resiliência climática, sem indicar ações ou metas específicas."
210002542892_J0033,relevante,"O trecho menciona explicitamente ""eventos climáticos extremos"", o que entra na lista de termos que indicam risco ou desastre natural.",FALSE,FALSE,FALSE,FALSE,FALSE,FALSE,FALSE,FALSE,FALSE,FALSE,FALSE,FALSE,FALSE,TRUE,1,"Descreve aumento de eventos climáticos extremos, sem propor solução."
210002542892_J0034,relevante,"O trecho menciona explicitamente prevenção, adaptação climática e gestão de riscos, que são expressões da lista de risco/clima.",TRUE,FALSE,FALSE,TRUE,FALSE,FALSE,FALSE,FALSE,FALSE,FALSE,FALSE,FALSE,FALSE,TRUE,2,Declara compromisso de incorporar prevenção e gestão de riscos como princípios permanentes.
210002542892_J0035,relevante,O trecho menciona adaptação às mudanças climáticas e capacidade de resposta a eventos extremos.,FALSE,FALSE,FALSE,TRUE,FALSE,FALSE,FALSE,FALSE,FALSE,FALSE,FALSE,FALSE,FALSE,TRUE,2,"Propõe compromisso de fortalecer resiliência e adaptação, sem ação específica."
210002542892_J0036,clima_geral,O trecho menciona apenas a atualização de uma política climática geral sem referir eventos extremos ou riscos específicos.,,,,,,,,,,,,,,,,
210002542892_J0037,relevante,"O trecho menciona explicitamente eventos extremos e adaptação climática para reduzir vulnerabilidade, atendendo aos critérios de risco/desastre.",TRUE,FALSE,TRUE,FALSE,FALSE,FALSE,FALSE,FALSE,FALSE,FALSE,FALSE,FALSE,FALSE,TRUE,2,Apresenta compromissos e diretrizes gerais de adaptação climática sem ações concretas ou metas específicas.
210002542892_J0038,relevante,"O trecho menciona explicitamente a redução de vulnerabilidades e aumento da resiliência dos territórios, indicando ações de adaptação climática.",FALSE,FALSE,FALSE,TRUE,FALSE,FALSE,FALSE,FALSE,FALSE,FALSE,FALSE,FALSE,FALSE,TRUE,2,Propõe ampliar instrumentos de financiamento climático sem detalhar ações concretas.
210002542892_J0039,relevante,"O trecho menciona explicitamente riscos climáticos, eventos extremos, defesa civil e ações de prevenção e adaptação.",TRUE,TRUE,FALSE,TRUE,FALSE,FALSE,FALSE,FALSE,FALSE,FALSE,FALSE,FALSE,FALSE,TRUE,3,"O trecho descreve ações concretas de monitoramento hidrometeorológico e digital, que são medidas específicas de risco e desastre."
210002542892_J0040,relevante,"O trecho menciona explicitamente mitigação de cheias, fortalecimento da Defesa Civil e ações de monitoramento e alerta de risco.",TRUE,FALSE,TRUE,FALSE,TRUE,FALSE,FALSE,FALSE,FALSE,FALSE,FALSE,FALSE,FALSE,FALSE,2,"Apresenta compromissos e diretrizes gerais de modernização e fortalecimento da Defesa Civil, sem detalhar ações concretas ou metas."
210002542892_J0041,relevante,"O trecho menciona a previsão de eventos extremos, o que implica risco e gestão de desastres.",TRUE,FALSE,FALSE,FALSE,FALSE,FALSE,FALSE,FALSE,FALSE,FALSE,FALSE,FALSE,FALSE,TRUE,3,Ação concreta de ampliar o sistema de monitoramento para prever eventos extremos.
210002542892_J0042,relevante,"O trecho menciona explicitamente riscos climáticos, eventos extremos e a atuação da Defesa Civil.",TRUE,FALSE,FALSE,FALSE,TRUE,FALSE,TRUE,FALSE,FALSE,FALSE,FALSE,FALSE,FALSE,FALSE,3,Descreve ações concretas de prevenção e fortalecimento da Defesa Civil.
210002542892_J0043,relevante,"O trecho menciona monitoramento hidrometeorológico, planejamento de contingência, Defesa Civil e adaptação a eventos extremos, caracterizando risco e desastre.",TRUE,TRUE,FALSE,TRUE,FALSE,FALSE,FALSE,FALSE,FALSE,FALSE,FALSE,FALSE,FALSE,TRUE,2,"Apresenta compromissos e diretrizes de integração e fortalecimento, sem descrever ações concretas."
210002542892_J0044,relevante,"O trecho menciona explicitamente riscos de barragens, eventos climáticos extremos e integração com a Defesa Civil.",TRUE,FALSE,FALSE,FALSE,FALSE,FALSE,TRUE,FALSE,FALSE,FALSE,FALSE,FALSE,FALSE,TRUE,2,Declara prioridades e diretrizes sem especificar ações concretas.
210002542892_J0045,relevante,"Menciona explicitamente a adaptação climática, portanto é relevante.",FALSE,FALSE,FALSE,TRUE,FALSE,FALSE,FALSE,FALSE,FALSE,FALSE,FALSE,FALSE,FALSE,FALSE,2,"Propõe um compromisso de usar políticas de irrigação como base para segurança hídrica e adaptação climática, sem detalhar ações concretas."
210002542892_J0046,relevante,O trecho menciona explicitamente adaptação climática e infraestrutura resiliente para enfrentar eventos extremos.,TRUE,FALSE,FALSE,FALSE,FALSE,FALSE,FALSE,FALSE,FALSE,FALSE,FALSE,FALSE,FALSE,TRUE,3,Descreve a implementação de infraestrutura resiliente para enfrentar eventos climáticos extremos.
210002542892_J0047,relevante,"O trecho menciona explicitamente a proteção contra cheias e a resiliência do território, indicando ações de prevenção e resposta a desastres.",TRUE,FALSE,FALSE,FALSE,TRUE,FALSE,FALSE,FALSE,FALSE,FALSE,FALSE,FALSE,FALSE,FALSE,3,Descreve ação concreta (obras de proteção contra cheias) sem meta quantificada.
210002542892_J0048,relevante,"O trecho menciona resposta rápida a eventos extremos, Defesa Civil e fortalecimento da resiliência frente às mudanças climáticas.",TRUE,FALSE,FALSE,FALSE,FALSE,FALSE,FALSE,FALSE,FALSE,FALSE,FALSE,FALSE,FALSE,TRUE,3,Ação concreta de ampliar infraestrutura municipal para responder a eventos extremos.
210002542892_J0049,relevante,"O trecho menciona ""crises hídricas"" e os impactos das mudanças climáticas, indicando vulnerabilidade a eventos extremos naturais.",TRUE,FALSE,FALSE,FALSE,FALSE,FALSE,TRUE,FALSE,FALSE,FALSE,FALSE,FALSE,FALSE,FALSE,2,"Compromisso de modernizar infraestrutura energética para enfrentar crises, sem ação específica."
210002542892_J0050,relevante,"O trecho menciona explicitamente ""eventos climáticos"", o que entra na lista de termos que indicam risco ou desastre, tornando-o relevante.",FALSE,FALSE,FALSE,TRUE,FALSE,FALSE,FALSE,FALSE,FALSE,FALSE,FALSE,FALSE,FALSE,TRUE,2,"Propõe compromisso de tornar a agropecuária mais resiliente e conservar solos, sem ação específica."
210002542892_J0051,relevante,O trecho menciona explicitamente a redução de exposição aos riscos climáticos.,TRUE,FALSE,FALSE,FALSE,FALSE,FALSE,FALSE,FALSE,FALSE,FALSE,FALSE,FALSE,FALSE,TRUE,2,Declara compromisso de reduzir exposição a riscos climáticos sem especificar ação concreta.
210002542892_J0052,relevante,"O trecho menciona explicitamente ""eventos climáticos extremos"", que se enquadra na lista de riscos e desastres naturais, tornando-o relevante.",FALSE,FALSE,FALSE,FALSE,FALSE,FALSE,FALSE,FALSE,FALSE,FALSE,FALSE,FALSE,FALSE,TRUE,1,"Apresenta problemas de fragmentação, pressão, eventos climáticos extremos e uso do solo."
210002542892_J0053,clima_geral,"O trecho menciona adaptação às mudanças climáticas de forma geral, sem citar eventos extremos ou riscos específicos.",,,,,,,,,,,,,,,,
210002542892_J0054,clima_geral,"O trecho menciona apenas a resiliência climática de forma geral, sem citar eventos extremos ou riscos específicos.",,,,,,,,,,,,,,,,
210002547857_J0001,relevante,"O trecho menciona explicitamente as enchentes de 2024, um evento extremo natural.",FALSE,FALSE,FALSE,FALSE,TRUE,FALSE,FALSE,FALSE,FALSE,FALSE,FALSE,FALSE,FALSE,FALSE,1,Aponta o problema das enchentes sem propor solução.
210002547857_J0002,relevante,"O trecho menciona explicitamente enchentes, riscos de desastres e ações de prevenção e gestão da Defesa Civil.",TRUE,FALSE,TRUE,TRUE,TRUE,FALSE,FALSE,FALSE,FALSE,FALSE,FALSE,FALSE,FALSE,FALSE,3,Apresenta ações concretas de prevenção e fortalecimento da Defesa Civil.
210002547857_J0003,relevante,"O trecho menciona explicitamente riscos climáticos e planos de contingência, como inundação, deslizamento, estiagem, incêndio, evacuação e manutenção de estruturas de proteção.",TRUE,FALSE,FALSE,FALSE,TRUE,TRUE,TRUE,TRUE,FALSE,FALSE,FALSE,FALSE,FALSE,FALSE,3,"Todas as frases descrevem ações concretas de prevenção, alerta e gestão de riscos sem incluir metas ou indicadores."
210002547857_J0004,relevante,O trecho menciona explicitamente a organização da logística de emergência para garantir recursos essenciais durante eventos extremos.,TRUE,FALSE,FALSE,FALSE,FALSE,FALSE,FALSE,FALSE,FALSE,FALSE,FALSE,FALSE,FALSE,TRUE,2,A frase destaca um compromisso de manter funções prioritárias durante eventos extremos.
210002547857_J0005,relevante,"O trecho descreve ações de resposta e recuperação a desastres, incluindo alertas, evacuações e redução de riscos futuros.",FALSE,TRUE,TRUE,FALSE,FALSE,FALSE,FALSE,FALSE,FALSE,FALSE,FALSE,FALSE,FALSE,TRUE,3,Apresenta ações concretas de coordenação e recuperação pós-desastre.
210002547857_J0006,relevante,"O trecho menciona riscos decorrentes das mudanças climáticas, o que entra na lista de expressões que indicam risco climático.",TRUE,FALSE,FALSE,FALSE,FALSE,FALSE,FALSE,FALSE,FALSE,FALSE,FALSE,FALSE,FALSE,FALSE,1,A frase descreve o aumento de riscos sem propor solução.
210002547857_J0007,nao_relevante,O trecho trata apenas de proteção animal sem menção a riscos ou desastres.,,,,,,,,,,,,,,,,
210002547857_J0008,relevante,"O trecho menciona protocolos de resposta a desastres e emergências, o que se enquadra em risco/disastro.",TRUE,FALSE,FALSE,FALSE,FALSE,FALSE,FALSE,FALSE,FALSE,FALSE,FALSE,FALSE,FALSE,FALSE,3,Define a ação de manter planos de continuidade para hospitais e serviços como preparação para desastres.
210002547857_J0009,relevante,"O trecho menciona explicitamente desastres, emergências e a preparação de serviços para lidar com esses eventos.",TRUE,FALSE,FALSE,FALSE,FALSE,FALSE,FALSE,FALSE,FALSE,FALSE,FALSE,FALSE,FALSE,TRUE,3,Ação de integrar serviços à contingência para garantir continuidade e segurança durante desastres.
210002547857_J0010,relevante,"O trecho menciona explicitamente ""eventos climáticos extremos"", o que entra na lista de eventos extremos e, portanto, classifica como relevante.",FALSE,FALSE,FALSE,FALSE,FALSE,FALSE,FALSE,FALSE,FALSE,FALSE,FALSE,FALSE,FALSE,TRUE,1,"Apresenta o cenário de desigualdades agravado por eventos climáticos, sem propor solução."
210002547857_J0011,relevante,O trecho menciona explicitamente a resposta social a desastres e eventos extremos.,FALSE,TRUE,FALSE,FALSE,FALSE,FALSE,FALSE,FALSE,FALSE,FALSE,FALSE,FALSE,FALSE,TRUE,3,Descreve a ação de manter capacidade permanente para cadastro e apoio às famílias atingidas por eventos extremos.
210002547857_J0012,relevante,"O trecho menciona sucessão de eventos climáticos extremos, o que entra na lista de risco/clima e torna a classificação relevante.",FALSE,FALSE,FALSE,FALSE,FALSE,FALSE,FALSE,FALSE,FALSE,FALSE,FALSE,FALSE,FALSE,TRUE,1,Menciona eventos climáticos extremos como problema sem propor ação específica.
210002547857_J0013,relevante,"O trecho menciona estiagens severas e enchentes históricas, eventos extremos que representam riscos climáticos.",TRUE,FALSE,FALSE,FALSE,TRUE,FALSE,TRUE,FALSE,FALSE,FALSE,FALSE,FALSE,FALSE,FALSE,3,Ação concreta de ampliar segurança hídrica e conservar solo para reduzir riscos climáticos.
210002547857_J0014,relevante,"O trecho menciona explicitamente vulnerabilidade a secas e chuvas intensas, riscos climáticos e desastres, além de políticas de seguro rural para esses eventos.",TRUE,FALSE,FALSE,FALSE,TRUE,FALSE,TRUE,FALSE,FALSE,FALSE,FALSE,FALSE,FALSE,FALSE,3,"Ações concretas são propostas para reduzir vulnerabilidade e responder a riscos climáticos, sem metas ou indicadores específicos."
210002547857_J0015,relevante,"O trecho menciona a Defesa Civil, o que já enquadra como risco e desastre.",FALSE,TRUE,FALSE,FALSE,FALSE,FALSE,FALSE,FALSE,FALSE,FALSE,FALSE,FALSE,FALSE,TRUE,3,"Mantém protocolos de resposta agropecuária com a Defesa Civil, uma ação concreta sobre risco e desastre."
210002547857_J0016,relevante,"O trecho menciona eventos climáticos extremos e a necessidade de fortalecer a resiliência, indicando risco climático e adaptação.",FALSE,FALSE,TRUE,FALSE,FALSE,FALSE,FALSE,FALSE,FALSE,FALSE,FALSE,FALSE,FALSE,TRUE,1,"A frase descreve eventos climáticos extremos como problema e indica necessidade de resiliência, sem propor ação concreta."
210002547857_J0017,relevante,"O trecho menciona retomada após eventos extremos e articulação com a defesa civil, indicando gestão de riscos e desastres.",TRUE,FALSE,TRUE,FALSE,FALSE,FALSE,FALSE,FALSE,FALSE,FALSE,FALSE,FALSE,FALSE,TRUE,2,"Propõe compromisso de preparar destinos resilientes, sem detalhar ação específica."
210002547857_J0018,relevante,"O trecho menciona explicitamente ""eventos climáticos extremos"", o que entra na lista de risco climático e, portanto, é classificado como relevante.",FALSE,FALSE,FALSE,FALSE,FALSE,FALSE,FALSE,FALSE,FALSE,FALSE,FALSE,FALSE,FALSE,TRUE,1,Descreve o problema de impactos climáticos sem propor solução.
210002547857_J0019,relevante,"O trecho menciona eventos climáticos extremos, vulnerabilidade da infraestrutura e a necessidade de resiliência climática, atendendo aos critérios de risco e desastre.",TRUE,FALSE,FALSE,FALSE,FALSE,FALSE,FALSE,FALSE,FALSE,FALSE,FALSE,FALSE,FALSE,TRUE,3,Ações de manutenção e inclusão de critérios de resiliência climática são descritas sem metas específicas.
210002547857_J0020,relevante,O trecho menciona explicitamente impactos de eventos climáticos extremos e a necessidade de resiliência da infraestrutura.,TRUE,FALSE,FALSE,TRUE,FALSE,FALSE,FALSE,FALSE,FALSE,FALSE,FALSE,FALSE,FALSE,TRUE,2,"O trecho descreve diretrizes e prioridades para aumentar a resiliência frente a eventos climáticos, sem detalhar ações concretas."
210002547857_J0021,relevante,O trecho menciona adaptação de infraestrutura para eventos extremos e a preparação de rotas e serviços emergenciais.,TRUE,FALSE,FALSE,FALSE,FALSE,FALSE,FALSE,FALSE,FALSE,FALSE,FALSE,FALSE,FALSE,FALSE,3,Descreve ações concretas de adaptação e preparação para eventos extremos.
210002547857_J0022,relevante,"O trecho menciona explicitamente uma tragédia climática que causou danos a residências e destaca ações de reconstrução pós-desastres, prevenção de riscos e áreas de risco.",TRUE,FALSE,TRUE,FALSE,FALSE,FALSE,FALSE,FALSE,FALSE,FALSE,FALSE,FALSE,FALSE,TRUE,3,A frase destaca a reconstrução pós‑desastres como ação concreta de risco e desastre.
210002547857_J0023,relevante,"O texto menciona enchentes e a necessidade de resiliência frente a eventos climáticos extremos, indicando risco e desastre.",TRUE,FALSE,FALSE,TRUE,TRUE,FALSE,FALSE,FALSE,FALSE,FALSE,FALSE,FALSE,FALSE,FALSE,1,Apresenta dados sobre fragilidades e eventos extremos sem propor solução.
210002547857_J0024,relevante,"O trecho menciona preparação para emergências energéticas e integração com Defesa Civil, indicando gestão de riscos e resposta a eventos extremos.",TRUE,TRUE,FALSE,FALSE,FALSE,FALSE,FALSE,FALSE,FALSE,FALSE,FALSE,FALSE,FALSE,FALSE,3,A frase sobre preparar a resposta às emergências energéticas descreve uma ação concreta de prevenção e resposta a riscos.
210002547857_J0025,relevante,O trecho menciona explicitamente a incorporação de riscos climáticos.,FALSE,FALSE,FALSE,FALSE,FALSE,FALSE,FALSE,FALSE,FALSE,FALSE,FALSE,FALSE,FALSE,TRUE,2,"A frase propõe um compromisso de atribuir responsabilidades e incorporar riscos climáticos, sem detalhar ações concretas."
210002547857_J0026,relevante,"O trecho menciona a articulação com o sistema de Defesa Civil, que está no escopo de risco e desastre.",TRUE,FALSE,FALSE,FALSE,FALSE,FALSE,FALSE,FALSE,FALSE,FALSE,FALSE,FALSE,FALSE,TRUE,3,Define a ação de manter protocolos de continuidade para crises.
210002547857_J0027,relevante,"O trecho menciona explicitamente a preparação financeira para calamidades e eventos extremos, indicando gestão de risco e desastre.",TRUE,FALSE,FALSE,FALSE,FALSE,FALSE,FALSE,FALSE,FALSE,FALSE,FALSE,FALSE,FALSE,TRUE,3,Descreve ação de preparar finanças para calamidades.
210002547857_J0028,nao_relevante,"O texto trata apenas de processos digitais e organização de serviços públicos, sem mencionar riscos climáticos ou desastres.",,,,,,,,,,,,,,,,
210002547857_J0029,nao_relevante,"O trecho trata apenas de governança e controle interno, sem mencionar riscos naturais ou climáticos.",,,,,,,,,,,,,,,,
210002547857_J0030,relevante,O trecho menciona reconstrução após eventos climáticos extremos.,FALSE,FALSE,TRUE,FALSE,FALSE,FALSE,FALSE,FALSE,FALSE,FALSE,FALSE,FALSE,FALSE,TRUE,2,"A frase indica um compromisso de reconstrução após eventos climáticos extremos, sem detalhar ações concretas."
210002547857_J0031,relevante,"O trecho menciona explicitamente a defesa de mecanismos de prevenção, seguros, adaptação e reconstrução diante de eventos climáticos extremos.",TRUE,FALSE,TRUE,TRUE,FALSE,FALSE,FALSE,FALSE,FALSE,FALSE,FALSE,FALSE,FALSE,TRUE,3,"Cria um fundo de financiamento regional para eventos climáticos, ação concreta em risco/disastro."
210002547857_J0032,relevante,"O texto menciona explicitamente enchentes, eventos climáticos extremos e adaptações para prevenir e responder a esses riscos.",TRUE,FALSE,TRUE,TRUE,TRUE,FALSE,FALSE,FALSE,FALSE,FALSE,FALSE,FALSE,FALSE,FALSE,2,Apresenta compromissos gerais de gestão e adaptação a eventos climáticos extremos sem detalhar ações concretas.
210002547857_J0033,relevante,"O trecho menciona cheias e estiagens, além de monitoramento e prevenção de riscos hídricos.",TRUE,FALSE,FALSE,TRUE,TRUE,FALSE,TRUE,FALSE,FALSE,FALSE,FALSE,FALSE,FALSE,FALSE,3,"Expande monitoramento para orientar decisões sobre estiagens e cheias, o que constitui uma ação concreta de prevenção a desastres."
210002547857_J0034,clima_geral,"O trecho menciona apenas a resiliência climática de forma geral, sem citar eventos extremos ou medidas específicas.",,,,,,,,,,,,,,,,
210002547857_J0035,relevante,O trecho menciona explicitamente a proteção contra cheias e a redução de perdas humanas e econômicas.,TRUE,FALSE,FALSE,FALSE,TRUE,FALSE,FALSE,FALSE,FALSE,FALSE,FALSE,FALSE,FALSE,FALSE,2,"Declara um compromisso de proteger bacias contra cheias, sem detalhar ações específicas."
210002547857_J0036,relevante,"O trecho menciona áreas de inundação mitigadas e a Defesa Civil, indicando ações concretas de prevenção e resposta a riscos climáticos.",TRUE,FALSE,FALSE,FALSE,TRUE,FALSE,FALSE,FALSE,FALSE,FALSE,FALSE,FALSE,FALSE,FALSE,3,Ação concreta de mitigar áreas de inundação
210002547857_J0037,relevante,"O trecho menciona explicitamente ""Defesa Civil"" e ""Resiliência Climática"", que são considerados eventos de risco ou ações de mitigação.",FALSE,FALSE,FALSE,FALSE,FALSE,FALSE,FALSE,FALSE,FALSE,FALSE,FALSE,FALSE,FALSE,TRUE,0,A frase apenas cita o tema sem indicar ação ou diagnóstico.
210002547857_J0038,relevante,"O trecho menciona redes vulneráveis a desastres, indicando risco e necessidade de mitigação.",TRUE,FALSE,FALSE,FALSE,FALSE,FALSE,FALSE,FALSE,FALSE,FALSE,FALSE,FALSE,FALSE,TRUE,1,"Identifica falta de conectividade e redes vulneráveis a desastres, sem propor solução."
210002547857_J0039,relevante,"O trecho menciona ""Defesa Civil e Resiliência Climática"", que envolve risco e desastre.",FALSE,FALSE,FALSE,FALSE,FALSE,FALSE,FALSE,FALSE,FALSE,FALSE,FALSE,FALSE,FALSE,TRUE,0,"A frase apenas menciona o tema sem detalhar problema, diretriz ou ação."
210002547857_J0040,relevante,"O trecho menciona explicitamente territórios expostos ao risco climático e a necessidade de reconstrução urbana com segurança, indicando preocupação com riscos climáticos.",TRUE,FALSE,FALSE,FALSE,FALSE,FALSE,FALSE,FALSE,FALSE,FALSE,FALSE,FALSE,FALSE,TRUE,1,Descreve problema de territórios expostos ao risco climático sem propor solução.
210002547857_J0041,relevante,"O trecho menciona explicitamente ""Defesa Civil"" e ""Resiliência Climática"", que são termos relacionados a riscos, desastres e gestão de emergências.",FALSE,FALSE,FALSE,FALSE,FALSE,FALSE,FALSE,FALSE,FALSE,FALSE,FALSE,FALSE,FALSE,FALSE,0,A frase apenas cita o tema sem indicar ação ou diagnóstico.
210002551508_J0001,clima_geral,"O trecho menciona apenas a mudança climática de forma geral, sem referir eventos extremos ou medidas específicas.",,,,,,,,,,,,,,,,
210002551508_J0002,relevante,"O trecho menciona explicitamente ""catástrofes climáticas"", que são eventos extremos naturais, qualificando-o como relevante.",FALSE,FALSE,FALSE,FALSE,FALSE,FALSE,FALSE,FALSE,FALSE,FALSE,FALSE,FALSE,FALSE,TRUE,1,Descreve o problema das catástrofes climáticas sem propor solução.
210002551508_J0003,nao_relevante,"O texto não menciona explicitamente riscos, desastres, eventos extremos ou ações de adaptação climática.",,,,,,,,,,,,,,,,
210002551508_J0005,relevante,O trecho menciona explicitamente Defesa Civil e gestão preditiva de riscos climáticos.,FALSE,FALSE,FALSE,FALSE,FALSE,FALSE,FALSE,FALSE,FALSE,FALSE,FALSE,FALSE,FALSE,TRUE,2,"Aponta compromisso de defesa civil e gestão preditiva, sem ação específica."
210002551508_J0006,relevante,O trecho menciona explicitamente prevenção de desastres e resiliência climática.,FALSE,FALSE,FALSE,FALSE,FALSE,FALSE,FALSE,FALSE,FALSE,FALSE,FALSE,FALSE,FALSE,TRUE,2,Propõe incluir prevenção de desastres e resiliência climática sem detalhar ações específicas.
210002551508_J0007,relevante,"O trecho menciona desastres e adaptação climática, atendendo ao critério de relevância.",TRUE,FALSE,FALSE,TRUE,FALSE,FALSE,FALSE,FALSE,FALSE,FALSE,FALSE,FALSE,FALSE,TRUE,3,Criação de força de resposta rápida para emergências e desastres socioambientais.
210002551508_J0008,relevante,O trecho menciona explicitamente os impactos de eventos climáticos sobre o mercado de trabalho.,FALSE,FALSE,FALSE,FALSE,FALSE,FALSE,FALSE,FALSE,FALSE,FALSE,FALSE,FALSE,FALSE,TRUE,1,"A frase descreve o impacto de eventos climáticos no mercado de trabalho, sem propor solução."
210002551508_J0009,relevante,"O trecho menciona explicitamente ""desastres climáticos"", o que entra na lista de eventos extremos e riscos naturais, tornando-o relevante.",FALSE,FALSE,FALSE,FALSE,FALSE,FALSE,FALSE,FALSE,FALSE,FALSE,FALSE,FALSE,FALSE,TRUE,1,Descreve o problema causado por desastres climáticos sem propor solução.
210002551508_J0010,relevante,"O trecho menciona um protocolo permanente de resposta às calamidades climáticas, indicando ação específica para riscos e desastres naturais.",FALSE,TRUE,FALSE,FALSE,FALSE,FALSE,FALSE,FALSE,FALSE,FALSE,FALSE,FALSE,FALSE,TRUE,3,"Institui um protocolo de resposta às calamidades climáticas, que é uma ação concreta sobre risco e desastre."
210002551508_J0011,relevante,"O trecho menciona explicitamente riscos climáticos (inundações e deslizamentos) e a tragédia climática de 2024, caracterizando eventos extremos naturais.",FALSE,FALSE,FALSE,FALSE,TRUE,TRUE,FALSE,FALSE,FALSE,FALSE,FALSE,FALSE,FALSE,FALSE,1,Apresenta dados de risco sem propor solução
210002551508_J0012,relevante,"O trecho menciona explicitamente riscos de inundações e deslizamentos, prevenção de desastres e adaptação climática.",TRUE,FALSE,FALSE,FALSE,TRUE,TRUE,FALSE,FALSE,FALSE,FALSE,FALSE,FALSE,FALSE,FALSE,3,Cria cadastro georreferenciado e reassentamento seguro são ações concretas de prevenção e resposta a riscos.
210002551508_J0013,clima_geral,"O trecho menciona apenas a crise climática de forma geral, sem citar eventos extremos ou medidas específicas.",,,,,,,,,,,,,,,,
210002551508_J0014,relevante,O trecho menciona prevenção e informação sobre eventos climáticos extremos.,TRUE,FALSE,FALSE,FALSE,FALSE,FALSE,FALSE,FALSE,FALSE,FALSE,FALSE,FALSE,FALSE,TRUE,2,"Define prioridade de recursos para ações educativas e preventivas sobre eventos climáticos extremos, sem detalhar uma ação específica."
210002551508_J0015,relevante,"O trecho menciona enchentes e a necessidade de protocolos públicos para resgate e assistência em situações de emergência e desastre, o que caracteriza risco climático e gestão de desastres.",FALSE,TRUE,FALSE,FALSE,TRUE,FALSE,FALSE,FALSE,FALSE,FALSE,FALSE,FALSE,FALSE,FALSE,2,Propõe a criação de protocolos públicos permanentes para resgate e assistência veterinária em situações de emergência e desastre.
210002551508_J0016,relevante,"O trecho menciona explicitamente resgate de animais em desastres climáticos e integração à Defesa Civil, atendendo ao critério de risco/disastro.",FALSE,TRUE,FALSE,FALSE,FALSE,FALSE,FALSE,FALSE,FALSE,FALSE,FALSE,FALSE,FALSE,TRUE,3,Institui protocolo de resgate e acolhimento de animais em desastres climáticos.
210002551508_J0017,relevante,O trecho menciona explicitamente vulnerabilidade a eventos climáticos extremos (inundações) e adaptações para resiliência climática.,TRUE,FALSE,FALSE,TRUE,TRUE,FALSE,FALSE,FALSE,FALSE,FALSE,FALSE,FALSE,FALSE,FALSE,3,Ação concreta de reconstrução com critérios climáticos
210002551508_J0018,relevante,"O trecho menciona vulnerabilidade da infraestrutura energética a eventos climáticos extremos, caracterizando risco e desastre.",FALSE,FALSE,FALSE,FALSE,FALSE,FALSE,FALSE,FALSE,FALSE,FALSE,FALSE,FALSE,FALSE,TRUE,1,"Apresenta vulnerabilidade da infraestrutura energética aos eventos climáticos extremos, sem propor solução."
210002551508_J0019,relevante,"O trecho menciona riscos de inundação, segurança em barragens e eventos extremos como chuvas intensas.",TRUE,FALSE,TRUE,FALSE,TRUE,FALSE,TRUE,FALSE,FALSE,FALSE,FALSE,TRUE,FALSE,FALSE,1,A frase sobre estiagens e cheias descreve o problema sem propor solução.
210002551508_J0020,relevante,"O trecho menciona monitoramento e alerta para secas e cheias, adaptação a riscos de inundação e outras medidas de prevenção e mitigação de eventos extremos.",TRUE,FALSE,FALSE,TRUE,TRUE,FALSE,TRUE,FALSE,FALSE,FALSE,FALSE,FALSE,FALSE,FALSE,3,Ações concretas de financiamento e expansão de monitoramento para secas e cheias são descritas.
210002551508_J0021,relevante,"O trecho menciona explicitamente ""emergência climática"" e a necessidade de prevenção, adaptação e transição ecológica, atendendo aos critérios de risco climático.",FALSE,FALSE,FALSE,FALSE,FALSE,FALSE,FALSE,FALSE,FALSE,FALSE,FALSE,FALSE,FALSE,FALSE,2,Declara compromisso de mudar para política proativa sem especificar ação concreta.
210002551508_J0022,relevante,"O trecho menciona ""áreas de risco"", que está na lista de expressões que indicam relevância.",TRUE,FALSE,FALSE,FALSE,FALSE,FALSE,FALSE,FALSE,FALSE,FALSE,FALSE,FALSE,FALSE,TRUE,2,"A frase indica um compromisso de orientar o uso do território para prevenir ocupação em áreas de risco, sem detalhar ações específicas."
210002551508_J0023,relevante,"O trecho menciona explicitamente riscos climáticos, desastres e a Defesa Civil.",TRUE,FALSE,FALSE,FALSE,TRUE,TRUE,FALSE,FALSE,FALSE,FALSE,FALSE,FALSE,FALSE,FALSE,3,Descreve ações concretas de prevenção e gestão preditiva de riscos climáticos.
210002551508_J0024,relevante,"O trecho menciona explicitamente proteção contra eventos climáticos extremos e inundações, além de dados meteorológicos para gestão de risco.",TRUE,TRUE,TRUE,FALSE,TRUE,FALSE,FALSE,FALSE,FALSE,FALSE,FALSE,FALSE,FALSE,FALSE,3,"A frase descreve ações concretas de proteção e resgate de animais em desastres, sem metas ou indicadores."
210002551508_J0025,clima_geral,"O trecho menciona apenas a mudança climática de forma geral, sem citar eventos extremos ou medidas específicas.",,,,,,,,,,,,,,,,
210002551508_J0026,relevante,"O trecho menciona a resiliência às mudanças climáticas, que é uma forma de adaptação climática.",FALSE,FALSE,FALSE,TRUE,FALSE,FALSE,FALSE,FALSE,FALSE,FALSE,FALSE,FALSE,FALSE,FALSE,2,"Declara compromisso de promover agricultura resiliente ao clima, sem detalhar ação específica."
210002551508_J0027,clima_geral,"O trecho menciona mudanças climáticas de forma geral, sem referir a eventos extremos ou riscos específicos.",,,,,,,,,,,,,,,,
210002551508_J0028,relevante,"O trecho menciona ""resiliência climática"" e foco em adaptação, o que entra na lista de expressões que indicam risco ou ação climática.",TRUE,FALSE,FALSE,TRUE,FALSE,FALSE,FALSE,FALSE,FALSE,FALSE,FALSE,FALSE,FALSE,FALSE,2,Declara orientação de pesquisa para resiliência climática sem ação específica.
210002551508_J0029,relevante,O trecho menciona explicitamente uma catástrofe climática e a necessidade de reconstrução decorrente desse evento.,FALSE,FALSE,TRUE,FALSE,FALSE,FALSE,FALSE,FALSE,FALSE,FALSE,FALSE,FALSE,FALSE,TRUE,1,"Apresenta a dívida e sua relação com a catástrofe climática, sem propor solução específica."
210002551508_J0030,relevante,"O trecho menciona explicitamente ""resiliência climática"", que é uma forma de adaptação climática.",FALSE,FALSE,TRUE,FALSE,FALSE,FALSE,FALSE,FALSE,FALSE,FALSE,FALSE,FALSE,FALSE,FALSE,2,"A frase propõe fortalecer instituições para apoiar a resiliência climática, sem detalhar uma ação específica."
210002551508_J0031,nao_relevante,"O trecho trata apenas de questões fiscais e de financiamento pós‑calamidades sem mencionar riscos naturais, desastres ou ações climáticas.",,,,,,,,,,,,,,,,
220002536806_J0001,relevante,"O trecho menciona ""proteção climática"" e ""adaptação climática"", indicando ações explícitas de mitigação de riscos naturais.",TRUE,FALSE,FALSE,TRUE,FALSE,FALSE,FALSE,FALSE,FALSE,FALSE,FALSE,FALSE,FALSE,TRUE,0,Nenhuma frase marcada menciona risco ou desastre de forma concreta.
220002536806_J0002,relevante,O trecho menciona explicitamente famílias afetadas por cheias e secas.,TRUE,FALSE,FALSE,FALSE,TRUE,FALSE,TRUE,FALSE,FALSE,FALSE,FALSE,FALSE,FALSE,FALSE,2,"Declara apoio ao município para alcançar pessoas afetadas por cheias, secas ou fumaça, sem especificar ação concreta."
220002536806_J0003,relevante,"O trecho menciona explicitamente incêndios, acidentes e desastres, além da atuação do Corpo de Bombeiros e Defesa Civil para prevenção e resposta.",TRUE,TRUE,FALSE,FALSE,FALSE,FALSE,FALSE,FALSE,FALSE,FALSE,FALSE,FALSE,FALSE,TRUE,2,Declara compromisso de fortalecer prevenção e resposta sem especificar ações concretas.
220002536806_J0004,relevante,"O trecho menciona explicitamente secas, cheias, fumaça e incêndios como emergências que afetam a saúde e segurança das famílias.",TRUE,FALSE,FALSE,TRUE,TRUE,FALSE,TRUE,TRUE,FALSE,FALSE,FALSE,FALSE,FALSE,FALSE,2,Apresenta compromissos gerais de preparação e prevenção sem detalhar ações específicas.
220002536806_J0005,relevante,"O trecho menciona queimadas e desmatamento, que são eventos extremos naturais, classificando-o como relevante.",TRUE,FALSE,TRUE,FALSE,FALSE,FALSE,FALSE,TRUE,FALSE,FALSE,FALSE,FALSE,FALSE,FALSE,2,"A frase propõe um compromisso de controlar desmatamento, queimadas e outras atividades ilegais, sem detalhar ações específicas."
220002536806_J0006,nao_relevante,"O trecho trata apenas de resiliência a falhas técnicas, sem menção a riscos naturais ou climáticos.",,,,,,,,,,,,,,,,
220002536806_J0007,relevante,"O trecho menciona explicitamente vulnerabilidade a secas e cheias, que são eventos extremos naturais.",TRUE,FALSE,FALSE,FALSE,TRUE,FALSE,TRUE,FALSE,FALSE,FALSE,FALSE,FALSE,FALSE,FALSE,1,Descreve vulnerabilidade a riscos sem propor solução.
220002536806_J0008,relevante,"O trecho menciona ""eventos climáticos"", que corresponde à expressão de evento extremo ou climático, qualificando-o como relevante.",TRUE,FALSE,FALSE,FALSE,FALSE,FALSE,FALSE,FALSE,FALSE,FALSE,FALSE,FALSE,FALSE,TRUE,2,"A frase indica um compromisso de planejamento para manter conexões durante eventos climáticos, sem detalhar ações específicas."
220002536806_J0009,relevante,"O trecho menciona ""eventos climáticos"" como motivo para fortalecer rotas, o que entra na lista de riscos climáticos e eventos extremos.",TRUE,FALSE,FALSE,FALSE,FALSE,FALSE,FALSE,FALSE,FALSE,FALSE,FALSE,FALSE,FALSE,TRUE,3,Ação de planejar e fortalecer rotas alternativas para interrupções climáticas.
220002536806_J0010,relevante,"O trecho menciona secas, cheias e eventos climáticos extremos, além da atuação da Defesa Civil.",TRUE,FALSE,FALSE,FALSE,TRUE,FALSE,TRUE,FALSE,FALSE,FALSE,FALSE,FALSE,FALSE,FALSE,2,Apresenta compromisso de integrar ações contra riscos climáticos sem detalhar medidas concretas.
220002536806_J0011,relevante,"O trecho menciona preparação para estiagens, enchentes e outros eventos climáticos, indicando risco e desastre.",TRUE,FALSE,FALSE,FALSE,TRUE,FALSE,TRUE,FALSE,FALSE,FALSE,FALSE,FALSE,FALSE,FALSE,3,"A frase descreve a ação de preparar territórios para estiagens, enchentes e outros eventos climáticos."
220002536806_J0013,relevante,"O trecho menciona mapeamento de pontos de alagamento e riscos ambientais com foco em ações preventivas, indicando preocupação explícita com risco de inundação.",TRUE,FALSE,FALSE,FALSE,TRUE,FALSE,FALSE,FALSE,FALSE,FALSE,FALSE,FALSE,FALSE,FALSE,3,Propõe estudos e projetos de drenagem urbana para prevenir alagamentos.
220002536806_J0014,relevante,"O trecho menciona explicitamente incêndios, secas, cheias e outras emergências climáticas, além de planos de monitoramento, alerta, mapas de risco, brigadas e Defesa Civil.",TRUE,FALSE,FALSE,TRUE,TRUE,FALSE,TRUE,TRUE,FALSE,FALSE,FALSE,FALSE,FALSE,FALSE,3,"Descreve ações concretas de monitoramento, alerta e resposta a riscos climáticos."
220002536806_J0015,nao_relevante,"O trecho menciona apenas órgãos e ações de urbanização e drenagem sem referência a riscos, desastres ou eventos climáticos.",,,,,,,,,,,,,,,,
220002536806_J0016,relevante,"O trecho menciona explicitamente a prevenção de alagamentos, um risco extremo natural.",TRUE,FALSE,FALSE,FALSE,TRUE,FALSE,FALSE,FALSE,FALSE,FALSE,FALSE,FALSE,FALSE,FALSE,2,Declara compromisso genérico de prevenção sem ação específica.
220002536806_J0017,relevante,"O trecho menciona explicitamente áreas sujeitas a alagamentos e outros riscos, indicando preocupação com eventos extremos naturais.",TRUE,FALSE,FALSE,FALSE,TRUE,FALSE,FALSE,FALSE,FALSE,FALSE,FALSE,FALSE,FALSE,FALSE,3,Ação concreta de cofinanciar projetos de urbanização com foco em drenagem e outras medidas para reduzir riscos de alagamentos.
220002536806_J0018,relevante,"O trecho menciona explicitamente riscos naturais (alagamento, erosão, incêndio, deslizamento) e a atuação da Defesa Civil.",TRUE,FALSE,FALSE,FALSE,TRUE,TRUE,FALSE,TRUE,FALSE,FALSE,TRUE,FALSE,FALSE,FALSE,2,Define diretrizes de integração e priorização sem especificar ações concretas.
220002536806_J0019,nao_relevante,"O trecho menciona órgãos de defesa civil e fiscalização, mas não faz referência a riscos naturais, desastres ou eventos climáticos.",,,,,,,,,,,,,,,,
220002536806_J0020,relevante,"O trecho menciona secas e cheias, eventos extremos que causam risco à saúde e logística.",TRUE,FALSE,FALSE,FALSE,TRUE,FALSE,TRUE,FALSE,TRUE,FALSE,FALSE,FALSE,FALSE,FALSE,1,"Apresenta apenas a situação de risco (fumaça, secas e cheias) sem propor solução."
220002536806_J0021,relevante,"O trecho menciona prevenção e brigadas contra queimadas, que são eventos extremos naturais.",TRUE,FALSE,FALSE,FALSE,FALSE,FALSE,FALSE,TRUE,FALSE,FALSE,FALSE,FALSE,FALSE,FALSE,3,A frase descreve uma ação concreta de prevenção de queimadas.
220002536806_J0022,relevante,"O trecho menciona explicitamente ""adaptação climática"", que é uma ação de mitigação e preparação para riscos climáticos.",FALSE,FALSE,FALSE,FALSE,FALSE,FALSE,FALSE,FALSE,FALSE,FALSE,FALSE,FALSE,FALSE,FALSE,2,A frase indica um compromisso geral de inventário e adaptação climática sem detalhar ações concretas.
220002536806_J0023,relevante,"O trecho menciona a prevenção de queimadas e desmatamento ilegal, que são eventos extremos naturais.",TRUE,FALSE,FALSE,FALSE,FALSE,FALSE,FALSE,TRUE,FALSE,FALSE,FALSE,FALSE,FALSE,FALSE,3,"A frase descreve uma ação concreta de monitoramento e fiscalização para prevenir desmatamento ilegal, queimadas e contaminação."
220002536806_J0024,relevante,"O trecho menciona proteção contra queimadas, um evento extremo natural.",TRUE,FALSE,FALSE,FALSE,FALSE,FALSE,FALSE,TRUE,FALSE,FALSE,FALSE,FALSE,FALSE,FALSE,3,Define ação de monitorar e planejar proteção contra queimadas e desmatamento.
220002536806_J0025,clima_geral,"O trecho menciona mudanças climáticas e queimadas sem referir a riscos, desastres ou medidas de adaptação explícitas.",,,,,,,,,,,,,,,,
220002536806_J0026,nao_relevante,"O texto não menciona riscos, desastres ou agenda climática.",,,,,,,,,,,,,,,,
220002536806_J0027,nao_relevante,O trecho menciona apenas gestão de riscos genérica sem referência a eventos naturais ou climáticos.,,,,,,,,,,,,,,,,
220002536806_J0028,nao_relevante,"O trecho trata apenas de gestão de riscos administrativos e integridade, sem menção a eventos naturais ou climáticos.",,,,,,,,,,,,,,,,
220002536806_J0029,relevante,"O trecho menciona explicitamente ""gestão de riscos"", que é um dos termos indicados para classificação como relevante.",TRUE,FALSE,FALSE,FALSE,FALSE,FALSE,FALSE,FALSE,FALSE,FALSE,FALSE,FALSE,FALSE,TRUE,2,"Compromisso de melhorar capacidade institucional para gestão de riscos, sem ação específica."
220002536806_J0030,nao_relevante,"O trecho menciona defesa civil de forma genérica, sem referir a riscos, desastres ou adaptações climáticas.",,,,,,,,,,,,,,,,
220002541939_J0001,nao_relevante,O trecho trata apenas de inclusão social e formação profissional sem referência a riscos naturais ou climáticos.,,,,,,,,,,,,,,,,
220002541939_J0002,nao_relevante,"O trecho trata apenas de políticas culturais, esportivas e de lazer sem mencionar riscos, desastres ou agenda climática.",,,,,,,,,,,,,,,,
220002541939_J0003,relevante,"O trecho menciona explicitamente a Defesa Civil, riscos e desastres naturais e tecnológicos, planos de contingência, monitoramento hidrológico, prevenção de enchentes, queimadas e incêndios florestais, além de ações concretas de preparação e resposta.",TRUE,TRUE,FALSE,FALSE,TRUE,FALSE,FALSE,TRUE,FALSE,TRUE,FALSE,FALSE,TRUE,FALSE,3,"Descreve ações concretas de prevenção, monitoramento e resposta a riscos e desastres."
220002541939_J0004,relevante,"O trecho menciona ""defesa civil"" e ""gestão de emergências"", que são termos relacionados a risco e desastre.",TRUE,FALSE,FALSE,FALSE,FALSE,FALSE,FALSE,FALSE,FALSE,FALSE,FALSE,FALSE,FALSE,FALSE,2,Menciona cooperação com órgãos especializados em defesa civil e gestão de emergências sem detalhar ações concretas.
220002541939_J0005,nao_relevante,"O trecho descreve ações de irrigação e manejo hídrico sem mencionar riscos, desastres ou eventos extremos.",,,,,,,,,,,,,,,,
220002541939_J0006,relevante,"O trecho menciona pontos críticos de alagamento, erosões e outras condições que indicam riscos naturais e a necessidade de monitoramento para prevenção.",TRUE,FALSE,FALSE,FALSE,TRUE,FALSE,FALSE,FALSE,FALSE,FALSE,FALSE,FALSE,FALSE,FALSE,3,Cria um centro de monitoramento para acompanhar riscos e desastres.
220002541939_J0007,relevante,"O trecho menciona explicitamente o combate a incêndios florestais e a implementação de um sistema de detecção precoce, que são medidas de prevenção e resposta a desastres naturais.",TRUE,FALSE,FALSE,FALSE,FALSE,FALSE,FALSE,TRUE,FALSE,FALSE,FALSE,FALSE,FALSE,FALSE,3,A frase marcada descreve a implementação de um sistema de detecção precoce de incêndios florestais.
220002541939_J0008,relevante,O trecho menciona explicitamente incêndios florestais e queimadas urbanas como eventos extremos naturais e descreve ações de prevenção e resposta.,TRUE,FALSE,FALSE,FALSE,FALSE,FALSE,FALSE,TRUE,FALSE,FALSE,FALSE,FALSE,FALSE,FALSE,3,Ação concreta de reduzir tempo de resposta a incêndios florestais e urbanos.
220002542185_J0001,nao_relevante,"O trecho trata apenas de medidas de proteção à mulher e não menciona riscos climáticos, desastres ou agenda climática.",,,,,,,,,,,,,,,,
220002542185_J0002,relevante,"O trecho menciona queimadas e redução de áreas queimadas, indicando eventos extremos naturais.",TRUE,FALSE,FALSE,FALSE,FALSE,FALSE,FALSE,TRUE,FALSE,FALSE,FALSE,FALSE,FALSE,FALSE,2,"A frase indica um compromisso de ação coordenada e preventiva, sem detalhar uma medida específica."
220002542185_J0003,relevante,"O trecho menciona a prevenção e resposta a incêndios (queimadas), um risco climático/extremo, com ações concretas de mitigação.",TRUE,FALSE,FALSE,FALSE,FALSE,FALSE,FALSE,TRUE,FALSE,FALSE,FALSE,FALSE,FALSE,FALSE,2,"Propõe institucionalizar por lei o sistema estadual de prevenção e resposta a incêndios, sem detalhar ações concretas."
220002542185_J0004,nao_relevante,"O trecho menciona apenas gestão de riscos em geral, sem referência a eventos naturais, climáticos ou desastres.",,,,,,,,,,,,,,,,
220002542185_J0005,relevante,"O trecho menciona explicitamente um sistema de prevenção a queimadas, que é uma medida de mitigação de risco de incêndio florestal.",TRUE,FALSE,FALSE,FALSE,FALSE,FALSE,FALSE,TRUE,FALSE,FALSE,FALSE,FALSE,FALSE,FALSE,3,"Apresenta a criação de um sistema permanente de prevenção a queimadas, uma ação concreta sobre risco e desastre."
220002542916_J0001,nao_relevante,"O trecho não menciona explicitamente riscos, desastres ou eventos climáticos; apenas faz referência genérica a gestão de riscos.",,,,,,,,,,,,,,,,
220002542916_J0003,relevante,"O trecho menciona reforço da Defesa Civil e capacidade de prevenção e resposta a emergências, o que se enquadra em risco ou desastre.",FALSE,FALSE,FALSE,FALSE,FALSE,FALSE,FALSE,FALSE,FALSE,FALSE,FALSE,FALSE,FALSE,FALSE,3,Descreve ações concretas de modernização do Corpo de Bombeiros para prevenção e resposta a emergências.
220002542916_J0004,relevante,"O trecho menciona explicitamente gestão de riscos climáticos, monitoramento hidrológico e adaptação a chuvas e estiagens.",TRUE,FALSE,FALSE,FALSE,TRUE,FALSE,TRUE,FALSE,FALSE,FALSE,FALSE,FALSE,FALSE,FALSE,3,"A frase descreve a implementação de políticas de monitoramento hidrológico e adaptação climática, uma ação concreta sobre risco e desastre."
220002542916_J0005,nao_relevante,"O trecho menciona apenas gestão de riscos em geral, sem referência a eventos extremos, desastres ou agenda climática.",,,,,,,,,,,,,,,,
220002542916_J0006,relevante,"O trecho menciona a redução de áreas de risco, o que indica preocupação com riscos e vulnerabilidade.",TRUE,FALSE,FALSE,FALSE,FALSE,FALSE,FALSE,FALSE,FALSE,FALSE,FALSE,FALSE,FALSE,TRUE,3,Ação concreta para reduzir áreas de risco em assentamentos informais.
220002542916_J0007,relevante,"O trecho menciona a gestão de áreas sujeitas a riscos geológicos e hidrológicos, indicando preocupação com vulnerabilidades e prevenção de desastres naturais.",TRUE,FALSE,FALSE,FALSE,FALSE,FALSE,FALSE,FALSE,FALSE,FALSE,FALSE,FALSE,FALSE,TRUE,2,"As frases citadas apresentam diretrizes e políticas de planejamento territorial e gestão de riscos, sem descrever ações concretas ou metas específicas."
220002542916_J0008,relevante,"O trecho menciona ""áreas de risco"", o que indica preocupação com riscos e vulnerabilidade.",TRUE,FALSE,FALSE,FALSE,FALSE,FALSE,FALSE,FALSE,FALSE,FALSE,FALSE,FALSE,FALSE,TRUE,3,Implanta um sistema de informações que inclui dados sobre áreas de risco.
220002542916_J0009,clima_geral,"O trecho menciona apenas mudanças climáticas de forma geral, sem citar eventos extremos ou ações específicas de gestão de risco.",,,,,,,,,,,,,,,,
220002542916_J0010,clima_geral,"O trecho menciona apenas a resiliência climática de forma geral, sem referir eventos extremos ou riscos específicos.",,,,,,,,,,,,,,,,
220002542916_J0011,clima_geral,"O trecho menciona apenas a mudança climática de forma geral, sem referir eventos extremos ou medidas específicas de adaptação.",,,,,,,,,,,,,,,,
220002542916_J0012,clima_geral,"O trecho menciona mudanças climáticas e a necessidade de reduzir riscos e aumentar capacidade de adaptação, sem citar eventos extremos ou ações específicas de gestão de risco.",,,,,,,,,,,,,,,,
220002550927_J0001,relevante,"O trecho menciona queimadas e o fortalecimento de brigadas de combate a incêndios, que são eventos extremos naturais.",TRUE,FALSE,FALSE,FALSE,FALSE,FALSE,FALSE,TRUE,FALSE,FALSE,FALSE,FALSE,FALSE,FALSE,3,Descreve ações concretas de prevenção e combate a incêndios.
220002551251_J0001,relevante,"O trecho menciona ""eventos climáticos"", indicando risco climático.",FALSE,FALSE,FALSE,FALSE,FALSE,FALSE,FALSE,FALSE,FALSE,FALSE,FALSE,FALSE,FALSE,FALSE,1,"A frase relata um aumento de 20% em eventos climáticos, descrevendo o problema sem propor solução."
220002551251_J0002,nao_relevante,"O trecho menciona apenas gestão de riscos em geral, sem referência a eventos climáticos ou desastres naturais.",,,,,,,,,,,,,,,,
220002551251_J0003,nao_relevante,"O trecho trata apenas de um sistema geral de gestão de riscos corporativos, sem referência a eventos naturais, climáticos ou desastres.",,,,,,,,,,,,,,,,
220002551251_J0004,relevante,"O trecho menciona explicitamente eventos climáticos extremos e emergência, indicando risco e necessidade de resposta.",TRUE,FALSE,FALSE,FALSE,FALSE,FALSE,FALSE,FALSE,FALSE,FALSE,FALSE,FALSE,FALSE,TRUE,2,Aponta compromisso de ampliar mecanismos de resposta a eventos climáticos extremos.
220002551251_J0005,relevante,"O trecho menciona explicitamente a prevenção, controle e resposta a queimadas e incêndios florestais.",TRUE,FALSE,FALSE,FALSE,FALSE,FALSE,FALSE,TRUE,FALSE,FALSE,FALSE,FALSE,FALSE,FALSE,2,"Propõe fortalecer capacidades locais de prevenção e controle de queimadas e incêndios florestais, sem detalhar ações específicas."
220002551251_J0006,nao_relevante,"O trecho menciona integração entre Corpo de Bombeiros e Defesa Civil, mas não faz referência a riscos, desastres ou eventos climáticos.",,,,,,,,,,,,,,,,
220002551251_J0007,relevante,"O trecho menciona queimadas, incêndios florestais e ações de prevenção e resposta, indicando risco climático e desastre.",TRUE,FALSE,FALSE,FALSE,FALSE,FALSE,FALSE,TRUE,FALSE,FALSE,FALSE,FALSE,FALSE,FALSE,3,"A frase descreve a criação de um sistema permanente de prevenção e resposta, que é uma ação concreta sobre risco e desastre."
220002551251_J0008,relevante,"O trecho menciona Defesa Civil e monitoramento de queimadas, que são eventos extremos naturais.",TRUE,FALSE,FALSE,FALSE,FALSE,FALSE,FALSE,TRUE,FALSE,FALSE,FALSE,FALSE,FALSE,FALSE,3,Implanta um sistema de inteligência territorial para monitorar desmatamento e queimadas.
230002549223_J0001,relevante,"O trecho menciona pontos de alagamento solucionados e implantação de rede de drenagem, indicando ação para reduzir risco de enchentes.",TRUE,FALSE,FALSE,FALSE,TRUE,FALSE,FALSE,FALSE,FALSE,FALSE,FALSE,FALSE,FALSE,FALSE,3,Ação concreta de drenagem para prevenir alagamentos.
230002549223_J0002,relevante,"O trecho menciona explicitamente a ocorrência de ""cheia"", um evento extremo natural, indicando risco e necessidade de resposta.",FALSE,TRUE,FALSE,FALSE,TRUE,FALSE,FALSE,FALSE,FALSE,FALSE,FALSE,FALSE,FALSE,FALSE,1,Descreve o problema de estruturas que se danificam a cada cheia sem solução permanente.
230002549223_J0003,relevante,"O trecho menciona a eliminação de pontos críticos de alagamento, indicando preocupação com risco de inundação.",TRUE,FALSE,FALSE,FALSE,TRUE,FALSE,FALSE,FALSE,FALSE,FALSE,FALSE,FALSE,FALSE,FALSE,3,A frase descreve a ação de integrar saneamento e drenagem urbana para eliminar pontos críticos de alagamento.
230002549223_J0004,relevante,"O trecho menciona protocolo de resposta imediata da Defesa Civil e travessia alternativa em caso de cheia, indicando gestão de risco e desastre.",TRUE,TRUE,FALSE,FALSE,TRUE,FALSE,FALSE,FALSE,FALSE,FALSE,FALSE,FALSE,FALSE,FALSE,3,Ações concretas de prevenção e resposta a riscos de inundação são descritas.
230002549223_J0005,relevante,"O trecho menciona auxílio emergencial para famílias atingidas por cheia e a atuação da Defesa Civil, indicando gestão de risco e desastre.",FALSE,TRUE,FALSE,FALSE,TRUE,FALSE,FALSE,FALSE,FALSE,FALSE,FALSE,FALSE,FALSE,FALSE,3,"Ação concreta de auxílio emergencial para famílias atingidas por cheia, monitorada pela Defesa Civil."
230002549223_J0006,relevante,"O trecho menciona a Defesa Civil, o que aciona a regra de classificação como relevante.",TRUE,FALSE,FALSE,FALSE,FALSE,FALSE,FALSE,FALSE,FALSE,FALSE,FALSE,FALSE,FALSE,FALSE,2,"Apresenta um plano de contingência como diretriz, sem detalhar ações concretas ou metas."
230002549223_J0007,relevante,"O trecho menciona explicitamente famílias em área de risco de alagamento e mapeamento de drenagem, indicando preocupação com risco de inundação.",TRUE,FALSE,FALSE,FALSE,TRUE,FALSE,FALSE,FALSE,FALSE,FALSE,FALSE,FALSE,FALSE,FALSE,2,"Estabelece uma prioridade de atenção, mas não descreve ações concretas ou metas."
230002549294_J0001,nao_relevante,"O trecho não menciona riscos, desastres ou eventos climáticos nem agenda climática específica.",,,,,,,,,,,,,,,,
230002551571_J0001,relevante,"O trecho menciona explicitamente as queimadas amazônicas como um desafio anual da Defesa Civil, caracterizando um risco e desastre natural.",TRUE,FALSE,FALSE,FALSE,FALSE,FALSE,FALSE,TRUE,FALSE,FALSE,FALSE,FALSE,FALSE,FALSE,1,Apresenta problemas e indicadores de risco/desastre sem propor soluções.
230002551571_J0002,relevante,"O trecho menciona explicitamente a defesa civil e a prevenção de incêndios florestais, que são eventos extremos naturais.",TRUE,TRUE,FALSE,FALSE,FALSE,FALSE,FALSE,TRUE,FALSE,FALSE,FALSE,FALSE,FALSE,FALSE,2,"Declara compromisso de fortalecer a defesa civil e reforçar capacidade de resposta, sem ação específica."
230002551571_J0003,relevante,"O trecho menciona Defesa Civil, prevenção de queimadas e eventos climáticos extremos.",TRUE,FALSE,FALSE,FALSE,FALSE,FALSE,FALSE,TRUE,FALSE,FALSE,FALSE,FALSE,FALSE,FALSE,2,"Propõe articular um plano de prevenção e combate a desmatamento e queimadas, sem detalhar ações específicas."
230002551571_J0004,relevante,"O trecho menciona explicitamente a prevenção dos efeitos do El Niño e envolve o Comitê de Queimadas e a Operação Verão sem Fogo, indicando ações concretas para mitigar riscos climáticos.",TRUE,FALSE,FALSE,FALSE,FALSE,FALSE,FALSE,TRUE,FALSE,FALSE,FALSE,FALSE,FALSE,FALSE,3,A frase descreve uma ação concreta para prevenir os efeitos do El Niño.
230002551571_J0005,nao_relevante,"O trecho trata apenas de segurança da informação e gestão de riscos cibernéticos, sem menção a eventos naturais ou climáticos.",,,,,,,,,,,,,,,,
230002552060_J0001,relevante,"O trecho menciona prevenção a queimadas, que é um evento extremo natural.",FALSE,FALSE,FALSE,FALSE,FALSE,FALSE,FALSE,TRUE,FALSE,FALSE,FALSE,FALSE,TRUE,FALSE,3,"A proposta descreve ações concretas de prevenção e fiscalização, sem metas quantificadas."
240002537073_J0001,relevante,"O trecho menciona explicitamente a prevenção de cheias e desastres naturais, atendendo ao critério de risco climático.",TRUE,FALSE,FALSE,FALSE,TRUE,FALSE,FALSE,FALSE,FALSE,FALSE,FALSE,FALSE,FALSE,FALSE,3,Ação concreta de drenagem para prevenir cheias.
240002537073_J0002,relevante,"O trecho menciona explicitamente a modernização e construção de barragens para prevenção de cheias, além do desassoreamento de rios, o que se enquadra em risco climático/extremo e ações de Defesa Civil.",TRUE,FALSE,FALSE,FALSE,TRUE,FALSE,FALSE,FALSE,FALSE,FALSE,FALSE,FALSE,FALSE,FALSE,3,Ações concretas de infraestrutura para prevenção de desastres são descritas.
240002537073_J0003,clima_geral,"O trecho menciona apenas a resiliência climática de forma geral, sem citar eventos extremos ou medidas específicas de risco.",,,,,,,,,,,,,,,,
240002541913_J0001,clima_geral,"O trecho menciona apenas a crise climática de forma geral, sem citar eventos extremos, riscos ou medidas específicas.",,,,,,,,,,,,,,,,
240002541913_J0002,nao_relevante,O texto menciona apenas questões históricas e sociais sem referência a riscos naturais ou climáticos.,,,,,,,,,,,,,,,,
240002541913_J0003,relevante,"O trecho menciona explicitamente socorro contra enchentes, vendavais e secas, que são eventos extremos naturais.",TRUE,TRUE,FALSE,FALSE,TRUE,FALSE,TRUE,FALSE,FALSE,TRUE,FALSE,FALSE,FALSE,FALSE,2,"Propõe compromisso de investimento preventivo e socorro a enchentes, vendavais e secas sem detalhar ação específica."
240002541913_J0004,relevante,"O trecho menciona ""áreas de risco"", que é uma expressão incluída na lista de termos que indicam risco ou desastre natural, tornando-o relevante.",TRUE,FALSE,FALSE,FALSE,FALSE,FALSE,FALSE,FALSE,FALSE,FALSE,FALSE,FALSE,FALSE,TRUE,2,"Propõe compromisso de regularizar ocupações e oferecer moradia para quem vive em áreas de risco, sem detalhar ação específica."
240002541913_J0005,relevante,"O trecho menciona explicitamente enchentes, deslizamentos, vendavais e estiagem como eventos extremos naturais.",FALSE,FALSE,FALSE,FALSE,TRUE,TRUE,TRUE,FALSE,FALSE,TRUE,FALSE,FALSE,FALSE,FALSE,1,"Apresenta apenas dados sobre a ocorrência de enchentes, deslizamentos e estiagem sem propor solução."
240002541913_J0006,relevante,"O trecho menciona enchentes, defesa civil e sistemas de alerta, indicando risco climático e medidas de prevenção.",TRUE,TRUE,TRUE,FALSE,TRUE,FALSE,FALSE,FALSE,FALSE,FALSE,FALSE,FALSE,FALSE,FALSE,2,Propõe investimento em obras e sistemas de alerta sem detalhar ações concretas.
240002541913_J0007,nao_relevante,"O trecho não menciona riscos naturais, desastres ou agenda climática.",,,,,,,,,,,,,,,,
240002544118_J0001,relevante,"O trecho menciona monitoramento hidrológico, Defesa Civil, programas de barragens seguras e alerta climático, todos relacionados a riscos e desastres naturais.",TRUE,FALSE,FALSE,FALSE,TRUE,TRUE,FALSE,FALSE,FALSE,FALSE,FALSE,FALSE,FALSE,FALSE,3,"Ações concretas são descritas (ex.: monitoramento, auditoria de barragens, rede de alerta) sem metas numéricas."
240002548628_J0001,relevante,"O trecho menciona eventos climáticos frequentes, indicando risco climático.",FALSE,FALSE,FALSE,FALSE,FALSE,FALSE,FALSE,FALSE,FALSE,FALSE,FALSE,FALSE,FALSE,TRUE,1,Apresenta apenas a ocorrência de eventos climáticos sem propor solução.
240002548628_J0002,relevante,"O trecho menciona explicitamente ""adaptação às mudanças climáticas"", que é uma ação de mitigação e adaptação a riscos climáticos.",FALSE,FALSE,FALSE,TRUE,FALSE,FALSE,FALSE,FALSE,FALSE,FALSE,FALSE,FALSE,FALSE,FALSE,2,"A frase indica um compromisso de adaptação às mudanças climáticas, sem detalhar ações específicas."
240002548628_J0003,relevante,"O trecho menciona explicitamente enchentes, enxurradas, deslizamentos e outras crises climáticas, além de citar a Defesa Civil e medidas de adaptação climática para reduzir riscos.",TRUE,FALSE,FALSE,TRUE,TRUE,TRUE,TRUE,FALSE,FALSE,TRUE,FALSE,FALSE,FALSE,FALSE,3,Lista de ações concretas para reduzir riscos antes dos desastres.
240002548628_J0004,relevante,"O trecho menciona ""ocupação de áreas de risco"", que é uma expressão de risco climático/extremo, qualificando-o como relevante.",FALSE,FALSE,FALSE,FALSE,FALSE,FALSE,FALSE,FALSE,FALSE,FALSE,FALSE,FALSE,FALSE,TRUE,1,Descreve problema de ocupação em áreas de risco sem propor solução.
240002548628_J0005,relevante,"O trecho menciona explicitamente ""adaptação climática"", o que entra na lista de termos que indicam risco ou evento climático, portanto é classificado como relevante.",FALSE,FALSE,FALSE,FALSE,FALSE,FALSE,FALSE,FALSE,FALSE,FALSE,FALSE,FALSE,FALSE,FALSE,2,Propõe adaptação climática como diretriz sem ação específica.
240002548628_J0006,clima_geral,"O trecho menciona apenas mudanças climáticas de forma geral, sem citar eventos extremos ou medidas específicas.",,,,,,,,,,,,,,,,
240002548628_J0007,clima_geral,"O trecho menciona a mudança climática de forma geral, sem citar eventos extremos ou ações específicas de gestão de risco.",,,,,,,,,,,,,,,,
240002548628_J0008,relevante,"O trecho menciona explicitamente a prevenção de ocupação em áreas de risco, o que se enquadra como gestão de riscos e vulnerabilidade.",TRUE,FALSE,FALSE,FALSE,FALSE,FALSE,FALSE,FALSE,FALSE,FALSE,FALSE,FALSE,FALSE,TRUE,2,Apresenta diretrizes de prevenção e priorização sem detalhar ações concretas.
240002548628_J0009,clima_geral,"O trecho menciona apenas adaptação climática de forma geral, sem citar eventos extremos ou riscos específicos.",,,,,,,,,,,,,,,,
240002548628_J0010,relevante,"O trecho menciona explicitamente a prevenção da ocupação de áreas de risco, que é um evento extremo natural e envolve gestão de riscos.",TRUE,FALSE,FALSE,FALSE,FALSE,FALSE,FALSE,FALSE,FALSE,FALSE,FALSE,FALSE,FALSE,TRUE,2,Propõe prevenir ocupação de áreas de risco sem detalhar ação específica.
240002548628_J0011,relevante,O trecho menciona explicitamente adaptação a eventos climáticos extremos e infraestrutura verde para mitigação de riscos.,TRUE,FALSE,FALSE,TRUE,TRUE,FALSE,FALSE,FALSE,FALSE,FALSE,FALSE,FALSE,FALSE,FALSE,3,Programa descreve ações concretas de adaptação a eventos climáticos extremos.
240002548628_J0012,relevante,"O trecho menciona reduzir ocupação de áreas de risco, o que implica gestão de riscos e prevenção de desastres.",TRUE,FALSE,FALSE,FALSE,FALSE,FALSE,FALSE,FALSE,FALSE,FALSE,FALSE,FALSE,FALSE,TRUE,2,Propõe reduzir ocupação de áreas de risco como diretriz sem ação específica.
240002548628_J0013,nao_relevante,"O trecho trata apenas de saúde materno‑infantil e não menciona riscos naturais, climáticos ou desastres.",,,,,,,,,,,,,,,,
240002548628_J0014,relevante,"O trecho menciona explicitamente a resposta a eventos climáticos, o que entra na definição de risco climático.",TRUE,FALSE,FALSE,FALSE,FALSE,FALSE,FALSE,FALSE,FALSE,FALSE,FALSE,FALSE,FALSE,TRUE,2,"Compromisso de fortalecer a resposta a eventos climáticos, sem ação concreta ou métrica."
240002548628_J0015,relevante,"O trecho menciona explicitamente a Defesa Civil, gestão de riscos e resposta a emergências.",TRUE,FALSE,FALSE,FALSE,FALSE,FALSE,FALSE,FALSE,FALSE,FALSE,FALSE,FALSE,FALSE,TRUE,2,"Proposta de fortalecer integração entre órgãos, sem ação específica ou meta."
240002548628_J0016,nao_relevante,"O trecho menciona apenas integração operacional com a Defesa Civil sem referir riscos, desastres ou adaptações climáticas.",,,,,,,,,,,,,,,,
240002548628_J0017,relevante,O trecho menciona explicitamente a adaptação às mudanças climáticas.,FALSE,FALSE,FALSE,TRUE,FALSE,FALSE,FALSE,FALSE,FALSE,FALSE,FALSE,FALSE,FALSE,FALSE,2,Propõe fortalecer pesquisa como instrumento de adaptação climática sem detalhar ação específica.
240002548628_J0019,relevante,"O trecho menciona explicitamente a adaptação aos impactos das mudanças climáticas, o que se enquadra como ação de mitigação de risco climático.",TRUE,FALSE,FALSE,TRUE,FALSE,FALSE,FALSE,FALSE,FALSE,FALSE,FALSE,FALSE,FALSE,FALSE,2,Proposta de compromisso genérico sobre adaptação climática sem ação específica.
240002548628_J0020,relevante,"O trecho menciona explicitamente adaptação climática, prevenção de desastres e redução de riscos, indicando ações concretas para lidar com eventos extremos.",TRUE,FALSE,FALSE,TRUE,FALSE,FALSE,FALSE,FALSE,FALSE,FALSE,FALSE,FALSE,FALSE,TRUE,2,Apresenta compromissos gerais sobre redução de riscos e resiliência sem especificar ações concretas.
240002548628_J0021,relevante,"O trecho menciona mapas de risco, vulnerabilidade climática e defesa civil, indicando ações concretas de prevenção e adaptação a eventos extremos.",TRUE,FALSE,FALSE,TRUE,FALSE,FALSE,FALSE,FALSE,FALSE,FALSE,FALSE,FALSE,FALSE,TRUE,2,Define compromisso e critério de priorização sem ação específica.
240002548628_J0022,relevante,"O trecho menciona explicitamente riscos de inundação, deslizamento e erosão, além de planos de redução de riscos e adaptação climática.",TRUE,FALSE,FALSE,FALSE,TRUE,TRUE,FALSE,FALSE,FALSE,FALSE,FALSE,FALSE,FALSE,FALSE,3,Propõe ações concretas de revisão e elaboração de planos de redução de riscos e mapeamento de áreas suscetíveis.
240002548628_J0023,relevante,"O trecho menciona explicitamente ""adaptação climática"" e a promoção de infraestrutura verde como estratégia, o que se enquadra em ações de adaptação climática.",FALSE,FALSE,FALSE,TRUE,FALSE,FALSE,FALSE,FALSE,FALSE,FALSE,FALSE,FALSE,FALSE,TRUE,2,"Propõe investir em infraestrutura verde como estratégia de adaptação climática, listando tipos de projetos."
240002548628_J0024,relevante,"O trecho menciona explicitamente o Programa Defesa Civil Preventiva com monitoramento de riscos, sistemas de alerta precoce e capacidade de resposta, caracterizando ações de prevenção e gestão de risco.",TRUE,FALSE,FALSE,FALSE,FALSE,FALSE,FALSE,FALSE,FALSE,FALSE,FALSE,FALSE,FALSE,TRUE,3,"Descreve ações concretas (monitoramento, alerta precoce, resposta municipal) para risco e desastre."
240002548628_J0025,relevante,O trecho menciona explicitamente a adaptação climática da agricultura.,FALSE,FALSE,FALSE,TRUE,FALSE,FALSE,FALSE,FALSE,FALSE,FALSE,FALSE,FALSE,FALSE,FALSE,3,O trecho descreve ações concretas (manejo sustentável do solo e recuperação de áreas degradadas) para adaptar a agricultura ao risco climático.
240002548628_J0026,relevante,O trecho menciona explicitamente a implementação de políticas e ações de adaptação climática.,FALSE,FALSE,FALSE,TRUE,FALSE,FALSE,FALSE,FALSE,FALSE,FALSE,FALSE,FALSE,FALSE,TRUE,2,"Propõe a implementação de uma política integrada de adaptação climática, sem detalhar ações específicas."
240002548628_J0027,relevante,"O trecho menciona monitoramento de erosão costeira e adaptação das cidades litorâneas ao aumento do nível do mar, que são medidas explícitas de mitigação de risco climático.",TRUE,FALSE,FALSE,TRUE,FALSE,FALSE,FALSE,FALSE,FALSE,FALSE,TRUE,FALSE,FALSE,FALSE,3,Ações concretas de monitoramento e adaptação ao risco costeiro são descritas.
240002548628_J0028,clima_geral,"O trecho menciona apenas a resiliência climática de forma geral, sem referir eventos extremos ou ações específicas de mitigação de risco.",,,,,,,,,,,,,,,,
240002548628_J0029,relevante,"O trecho menciona monitoramento, alerta precoce e prevenção/ resposta a desastres, além de reduzir exposição a áreas de alto risco.",TRUE,FALSE,FALSE,TRUE,FALSE,FALSE,FALSE,FALSE,FALSE,FALSE,FALSE,FALSE,FALSE,TRUE,3,Propõe ações concretas de prevenção e redução de risco sem metas específicas.
240002548628_J0030,relevante,"O trecho menciona explicitamente programas e estratégias de adaptação climática, indicando ações concretas para reduzir vulnerabilidade a eventos climáticos.",TRUE,FALSE,FALSE,TRUE,FALSE,FALSE,FALSE,FALSE,FALSE,FALSE,TRUE,FALSE,FALSE,FALSE,2,Propõe diretrizes de adaptação climática e proteção costeira sem detalhar ações concretas.
240002548628_J0031,clima_geral,O trecho menciona mudanças climáticas de forma geral sem referir a eventos extremos ou medidas específicas de adaptação.,,,,,,,,,,,,,,,,
240002548628_J0032,relevante,"O trecho menciona explicitamente ""adaptação climática"", o que atende ao critério de relevância.",TRUE,FALSE,FALSE,FALSE,FALSE,FALSE,FALSE,FALSE,FALSE,FALSE,FALSE,FALSE,FALSE,FALSE,2,"Define diretrizes de priorização e integração, sem ação concreta ou métrica."
240002548628_J0033,relevante,"O trecho menciona infraestrutura resiliente a eventos climáticos, indicando preocupação com riscos e adaptação.",TRUE,FALSE,FALSE,FALSE,FALSE,FALSE,FALSE,FALSE,FALSE,FALSE,FALSE,FALSE,FALSE,TRUE,3,"Propõe construir infraestrutura viária resiliente aos eventos climáticos, uma ação concreta de risco e desastre."
240002551001_J0001,clima_geral,"O trecho menciona apenas a resiliência frente às mudanças climáticas de forma geral, sem citar eventos extremos ou medidas específicas de risco.",,,,,,,,,,,,,,,,
240002551001_J0002,relevante,O trecho menciona explicitamente a defesa civil e a resposta rápida a eventos climáticos extremos.,TRUE,TRUE,FALSE,FALSE,TRUE,FALSE,TRUE,FALSE,FALSE,FALSE,FALSE,FALSE,FALSE,FALSE,2,"A frase indica um compromisso de fortalecer o sistema de defesa civil, sem detalhar ações específicas."
240002552157_J0001,clima_geral,"O trecho menciona apenas ""resiliência climática"" de forma geral, sem citar eventos extremos, riscos ou medidas específicas.",,,,,,,,,,,,,,,,
240002552157_J0002,relevante,"O trecho menciona explicitamente prevenção de riscos e resiliência climática, atendendo ao critério de relevância.",TRUE,FALSE,FALSE,TRUE,FALSE,FALSE,FALSE,FALSE,FALSE,FALSE,FALSE,FALSE,FALSE,TRUE,2,Declara compromisso de prevenção de riscos e resiliência climática sem detalhar ações concretas.
240002552157_J0003,nao_relevante,"O trecho trata apenas de segurança pública e violência contra a mulher, sem menção a riscos naturais ou climáticos.",,,,,,,,,,,,,,,,
240002552157_J0004,relevante,O trecho menciona defesa civil e resiliência climática para proteger vidas diante de eventos climáticos extremos.,TRUE,FALSE,FALSE,FALSE,FALSE,FALSE,FALSE,FALSE,FALSE,FALSE,FALSE,FALSE,FALSE,TRUE,3,Propõe a ação de modernizar o monitoramento hidrológico e meteorológico.
240002552157_J0005,relevante,"O trecho menciona diretamente a Defesa Civil, financiamento para prevenção e reconstrução, mapeamento de áreas de risco e obras de drenagem, todos relacionados à gestão de riscos e desastres.",TRUE,FALSE,TRUE,FALSE,TRUE,FALSE,FALSE,FALSE,FALSE,FALSE,FALSE,FALSE,FALSE,FALSE,3,"Ações concretas de prevenção e mitigação (fortalecimento, mapeamento, obras) são descritas."
240002552157_J0006,relevante,"O trecho menciona cheias, desastre e prevenção, indicando risco climático e ações de mitigação.",TRUE,FALSE,FALSE,FALSE,TRUE,FALSE,FALSE,FALSE,FALSE,FALSE,FALSE,FALSE,FALSE,FALSE,3,Define a concrete action (tender for flood mitigation project).
240002553718_J0001,nao_relevante,O trecho trata apenas de saúde pública e não menciona riscos ou desastres naturais.,,,,,,,,,,,,,,,,
250002536915_J0001,relevante,"O trecho menciona secas, ondas de calor e chuvas extremas, indicando risco climático e vulnerabilidade.",FALSE,FALSE,FALSE,FALSE,TRUE,FALSE,TRUE,FALSE,TRUE,FALSE,FALSE,FALSE,FALSE,FALSE,1,Apresenta diagnóstico de vulnerabilidade a riscos climáticos sem propor solução.
250002536915_J0002,relevante,O trecho menciona obras de drenagem urbana para prevenir enchentes.,TRUE,FALSE,FALSE,FALSE,TRUE,FALSE,FALSE,FALSE,FALSE,FALSE,FALSE,FALSE,FALSE,FALSE,3,Plano de obras de drenagem urbana contra enchentes é uma ação concreta sobre risco e desastre.
250002536915_J0003,relevante,"O trecho menciona explicitamente enchentes, áreas de risco, adaptação climática, alertas e protocolos de proteção contra eventos extremos.",TRUE,FALSE,FALSE,TRUE,TRUE,TRUE,FALSE,FALSE,FALSE,FALSE,FALSE,FALSE,FALSE,FALSE,3,Descreve ações concretas de prevenção e adaptação a riscos climáticos sem metas quantificadas.
250002536915_J0004,relevante,"O trecho menciona explicitamente alagamentos e incêndios, que são eventos extremos naturais.",FALSE,TRUE,FALSE,FALSE,TRUE,FALSE,FALSE,TRUE,FALSE,FALSE,FALSE,FALSE,FALSE,FALSE,1,"Descreve a situação de sobrevivência a alagamentos, incêndios e violência sem propor solução."
250002536915_J0005,clima_geral,"O trecho menciona apenas a crise climática de forma geral, sem citar eventos extremos, riscos ou medidas específicas.",,,,,,,,,,,,,,,,
250002541303_J0001,nao_relevante,"O trecho descreve a criação de um centro de inteligência e integração policial sem mencionar riscos naturais, desastres ou medidas de adaptação climática.",,,,,,,,,,,,,,,,
250002541303_J0002,nao_relevante,"O trecho menciona a Defesa Civil apenas como órgão potencialmente envolvido em atendimentos, sem referir a riscos, desastres ou eventos extremos.",,,,,,,,,,,,,,,,
250002541303_J0003,relevante,"A menção a ""desastres"" indica risco e necessidade de resposta.",FALSE,FALSE,TRUE,FALSE,FALSE,FALSE,FALSE,FALSE,FALSE,FALSE,FALSE,FALSE,FALSE,TRUE,3,"Propõe ampliar parcerias para fornecer mão de obra em caso de desastres, descrevendo uma ação específica."
250002541303_J0004,clima_geral,"O trecho menciona mudanças climáticas de forma geral, sem referir a eventos extremos, riscos ou adaptações específicas.",,,,,,,,,,,,,,,,
250002541303_J0005,relevante,"O trecho menciona explicitamente melhorar a resiliência climática e obras de drenagem, indicando ações de adaptação a riscos climáticos.",TRUE,FALSE,FALSE,FALSE,FALSE,FALSE,FALSE,FALSE,FALSE,FALSE,FALSE,FALSE,FALSE,TRUE,2,"Apresenta compromisso de melhorar a segurança hídrica e resiliência climática, mas não descreve uma ação específica ou meta quantificada."
250002541303_J0006,relevante,"O trecho menciona explicitamente ""áreas de risco"", o que entra na lista de termos que indicam foco em riscos e desastres naturais.",TRUE,FALSE,FALSE,FALSE,FALSE,FALSE,FALSE,FALSE,FALSE,FALSE,FALSE,FALSE,FALSE,TRUE,2,Propõe priorizar áreas de risco sem detalhar ação específica.
250002541303_J0007,relevante,"O trecho menciona explicitamente eventos climáticos extremos (secas, enchentes, incêndios) e a resiliência a esses riscos.",TRUE,FALSE,FALSE,FALSE,TRUE,FALSE,TRUE,TRUE,FALSE,FALSE,FALSE,FALSE,FALSE,FALSE,2,"Declara compromisso geral de fortalecer o estado frente a eventos climáticos extremos, sem especificar ações concretas."
250002541303_J0008,relevante,"O trecho menciona explicitamente ações de adaptação e resiliência climática, prevenção, preparação, resposta, recuperação, Defesa Civil e alertas, caracterizando risco e desastre.",TRUE,TRUE,TRUE,TRUE,TRUE,FALSE,FALSE,FALSE,FALSE,FALSE,TRUE,FALSE,FALSE,FALSE,4,Ação concreta (investimento em adaptação/clima) com meta quantificada e prazo.
250002541303_J0009,relevante,"O trecho menciona explicitamente resiliência hídrica e climática, indicando ações de adaptação ao clima.",TRUE,FALSE,FALSE,FALSE,FALSE,FALSE,FALSE,FALSE,FALSE,FALSE,FALSE,FALSE,FALSE,FALSE,2,Propõe compromisso de melhorar a resiliência hídrica/climática sem detalhar ação específica.
250002541303_J0010,relevante,"O trecho menciona mitigação de enchentes, um risco extremo natural.",TRUE,FALSE,FALSE,FALSE,TRUE,FALSE,FALSE,FALSE,FALSE,FALSE,FALSE,FALSE,FALSE,FALSE,3,Ação concreta de ampliar desassoreamento para mitigar enchentes.
250002541303_J0011,relevante,"O trecho menciona explicitamente eventos extremos (alagamento, incêndios florestais), áreas de risco e ações da Defesa Civil.",TRUE,FALSE,FALSE,FALSE,TRUE,FALSE,FALSE,TRUE,FALSE,FALSE,FALSE,FALSE,FALSE,FALSE,3,"Ações concretas são propostas (projeto, sistema de alerta, contratação de pessoal, modernização)."
250002541303_J0012,clima_geral,"O trecho menciona apenas a política estadual de mudanças climáticas sem referir eventos extremos, riscos ou adaptações específicas.",,,,,,,,,,,,,,,,
250002541303_J0013,relevante,"O trecho menciona Controle de Cheias e desassoreamento, indicando ações para mitigar riscos de enchentes.",TRUE,FALSE,FALSE,FALSE,TRUE,FALSE,FALSE,FALSE,FALSE,FALSE,FALSE,FALSE,FALSE,FALSE,3,Descreve ações concretas de controle de cheias (desassoreamento e retirada de resíduos) sem metas ou prazos.
250002541303_J0014,relevante,O trecho menciona reduzir riscos associados a eventos climáticos extremos.,TRUE,FALSE,FALSE,FALSE,FALSE,FALSE,FALSE,FALSE,FALSE,FALSE,FALSE,FALSE,FALSE,TRUE,3,Ação de ampliar restauração ecológica com objetivo de reduzir riscos climáticos.
250002541303_J0015,clima_geral,"O trecho menciona ""clima"" e ""resiliência climática"", mas não faz referência a eventos extremos, riscos ou ações específicas de gestão de desastres.",,,,,,,,,,,,,,,,
250002541303_J0016,relevante,"O trecho menciona áreas de risco, prevenção às enchentes e adaptação climática, indicando gestão de riscos e desastres.",TRUE,FALSE,FALSE,TRUE,TRUE,FALSE,FALSE,FALSE,FALSE,FALSE,FALSE,FALSE,FALSE,FALSE,3,Programa descreve ações concretas de prevenção e adaptação a enchentes.
250002541303_J0017,relevante,"O trecho menciona monitoramento climático e adaptação a condições de calor e seca, indicando preocupação com vulnerabilidade climática.",TRUE,FALSE,FALSE,TRUE,FALSE,FALSE,TRUE,FALSE,TRUE,FALSE,FALSE,FALSE,FALSE,FALSE,3,"Propõe desenvolver e fortalecer uma cadeia de sensoriamento e monitoramento climático, o que constitui uma ação concreta para prevenção/gestão de riscos climáticos."
250002541303_J0018,relevante,"O trecho menciona explicitamente riscos climáticos, eventos extremos e a utilização de modelos para identificar áreas de risco e emitir alertas de inundações e deslizamentos.",TRUE,FALSE,FALSE,FALSE,TRUE,TRUE,TRUE,FALSE,TRUE,FALSE,FALSE,FALSE,FALSE,FALSE,2,"Propõe o uso de supercomputação para modelar riscos climáticos, sem detalhar uma ação específica."
250002544912_J0001,nao_relevante,"O trecho não menciona riscos naturais, eventos extremos ou agenda climática.",,,,,,,,,,,,,,,,
250002544912_J0002,nao_relevante,O trecho menciona apenas áreas de risco sem referir a eventos extremos ou ações de gestão de riscos.,,,,,,,,,,,,,,,,
250002544912_J0003,relevante,"O trecho menciona explicitamente ""enchentes"", um evento extremo natural, qualificando-o como relevante.",FALSE,FALSE,FALSE,FALSE,TRUE,FALSE,FALSE,FALSE,FALSE,FALSE,FALSE,FALSE,FALSE,FALSE,1,"Descreve a situação de periferias com enchentes, caracterizando o problema."
250002544912_J0004,relevante,O trecho menciona explicitamente enchentes e encostas como riscos naturais e fala de prevenção e adaptação climática.,TRUE,FALSE,FALSE,TRUE,TRUE,TRUE,FALSE,FALSE,FALSE,FALSE,FALSE,FALSE,FALSE,FALSE,2,Propõe programas de prevenção e adaptação sem detalhar ações concretas.
250002544912_J0005,relevante,"O trecho menciona ""defesa civil"" e ""combate às mudanças climáticas"", que são expressões incluídas na lista de risco/clima, tornando-o relevante.",FALSE,FALSE,FALSE,FALSE,FALSE,FALSE,FALSE,FALSE,FALSE,FALSE,FALSE,FALSE,FALSE,FALSE,2,"Proposta de investimento em pesquisa para defesa civil, sem ação concreta."
250002544912_J0006,relevante,"O trecho menciona explicitamente eventos extremos climáticos como enchentes, deslizamentos e secas.",FALSE,FALSE,FALSE,FALSE,TRUE,TRUE,TRUE,TRUE,TRUE,FALSE,FALSE,FALSE,FALSE,FALSE,1,Descreve os impactos da crise climática e seus efeitos em São Paulo.
250002544912_J0007,relevante,"O trecho menciona explicitamente ""desastres ambientais"", indicando risco e desastre.",FALSE,FALSE,FALSE,FALSE,FALSE,FALSE,FALSE,FALSE,FALSE,FALSE,FALSE,FALSE,FALSE,TRUE,0,A frase apenas menciona proteger contra desastres ambientais sem detalhar diagnóstico ou ação.
250002544912_J0008,relevante,"O trecho menciona explicitamente enchentes e desastres, que são eventos extremos naturais.",FALSE,FALSE,FALSE,FALSE,TRUE,FALSE,FALSE,FALSE,FALSE,FALSE,FALSE,FALSE,FALSE,FALSE,1,Descreve o problema de enchentes sem propor solução.
250002544912_J0009,relevante,O trecho menciona explicitamente o fortalecimento da defesa civil.,TRUE,FALSE,FALSE,FALSE,FALSE,FALSE,FALSE,FALSE,FALSE,FALSE,FALSE,FALSE,FALSE,TRUE,2,"Declara o fortalecimento da defesa civil como compromisso, sem ação concreta ou metas."
250002544912_J0010,clima_geral,"O trecho menciona mudanças climáticas e crises hídricas de forma geral, sem citar eventos extremos ou medidas específicas de adaptação.",,,,,,,,,,,,,,,,
250002549705_J0001,nao_relevante,"O texto não menciona nenhum evento extremo, risco ou agenda climática.",,,,,,,,,,,,,,,,
250002549705_J0002,relevante,"O trecho menciona eventos extremos, prevenção de desastres, Defesa Civil e áreas de risco.",TRUE,FALSE,FALSE,TRUE,FALSE,FALSE,FALSE,FALSE,FALSE,FALSE,FALSE,FALSE,FALSE,TRUE,3,"Propõe ações concretas de prevenção, mapeamento e adaptação a riscos."
250002550913_J0001,relevante,"O trecho menciona explicitamente ""Defesa Civil"" e ""Resiliência Climática"", que são termos relacionados a riscos, desastres e gestão de emergências.",FALSE,FALSE,FALSE,FALSE,FALSE,FALSE,FALSE,FALSE,FALSE,FALSE,FALSE,FALSE,FALSE,TRUE,0,A frase apenas cita o tema de Defesa Civil e Resiliência Climática sem detalhar problema ou ação.
250002550913_J0002,relevante,"O trecho menciona ""defesa civil"", que é uma expressão da lista de risco, tornando-o relevante.",FALSE,FALSE,FALSE,FALSE,FALSE,FALSE,FALSE,FALSE,FALSE,FALSE,FALSE,FALSE,FALSE,FALSE,0,"A frase apenas menciona defesa civil sem detalhar problema, diretriz ou ação concreta."
250002550913_J0003,nao_relevante,"O trecho trata apenas de saúde pública e vigilância epidemiológica, sem mencionar riscos climáticos ou desastres naturais.",,,,,,,,,,,,,,,,
250002550913_J0004,relevante,"O trecho menciona a Defesa Civil e proteção da população diante de desastres, indicando gestão de risco e desastre.",FALSE,FALSE,FALSE,FALSE,FALSE,FALSE,FALSE,FALSE,FALSE,FALSE,FALSE,FALSE,FALSE,TRUE,1,"Descreve a estrutura atual de segurança pública e atuação dos profissionais, sem propor nova ação ou meta."
250002550913_J0005,nao_relevante,"O trecho menciona a Defesa Civil apenas como parte de integração institucional para segurança pública, sem referência a riscos, desastres ou eventos climáticos.",,,,,,,,,,,,,,,,
250002550913_J0006,relevante,"O trecho menciona explicitamente eventos extremos, riscos climáticos e ações de Defesa Civil.",TRUE,TRUE,FALSE,TRUE,TRUE,TRUE,TRUE,TRUE,TRUE,FALSE,FALSE,FALSE,FALSE,FALSE,3,"Institui um plano de prevenção e gestão de riscos climáticos, descrevendo uma ação concreta sobre risco e desastre."
250002550913_J0007,relevante,"O trecho menciona prevenção de desastres, fortalecimento do Corpo de Bombeiros e adaptação às mudanças climáticas, que são ações explícitas de gestão de risco e desastre.",TRUE,FALSE,FALSE,TRUE,FALSE,FALSE,FALSE,FALSE,FALSE,FALSE,FALSE,FALSE,FALSE,TRUE,2,"Proposta de compromisso genérico sobre prevenção de desastres e adaptação climática, sem ação específica identificável."
250002550913_J0008,relevante,"O trecho menciona ""Defesa Civil"", termo listado como indicador de risco e desastre.",TRUE,FALSE,FALSE,FALSE,FALSE,FALSE,FALSE,FALSE,FALSE,FALSE,FALSE,FALSE,FALSE,TRUE,4,Alocação de orçamento específico para Defesa Civil e Corpo de Bombeiros.
250002550913_J0009,relevante,"O trecho menciona ""Defesa Civil"", que é uma expressão de risco e desastre.",FALSE,FALSE,FALSE,FALSE,FALSE,FALSE,FALSE,FALSE,FALSE,FALSE,FALSE,FALSE,FALSE,TRUE,2,Apenas menciona Defesa Civil como objetivo sem detalhar ação específica.
250002550913_J0010,relevante,"O trecho menciona explicitamente ""Gestão de Riscos Climáticos"", que se enquadra na definição de risco climático e, portanto, é classificado como relevante.",TRUE,FALSE,FALSE,FALSE,FALSE,FALSE,FALSE,FALSE,FALSE,FALSE,FALSE,FALSE,FALSE,TRUE,2,Declara compromisso de universalizar planos de gestão de riscos climáticos sem detalhar ação específica.
250002550913_J0011,relevante,"O trecho menciona explicitamente ""eliminação de áreas de risco"", que se enquadra na definição de risco e desastre.",TRUE,FALSE,FALSE,FALSE,FALSE,FALSE,FALSE,FALSE,FALSE,FALSE,FALSE,FALSE,FALSE,TRUE,3,"A frase lista ações concretas, incluindo eliminação de áreas de risco."
250002550913_J0012,relevante,"O trecho menciona ""áreas de risco"" e a necessidade de proteger vidas, o que se enquadra em riscos climáticos ou naturais.",TRUE,FALSE,FALSE,FALSE,FALSE,FALSE,FALSE,FALSE,FALSE,FALSE,FALSE,FALSE,FALSE,TRUE,2,Define política de remoção zero em áreas de risco sem detalhar ações específicas.
250002550913_J0013,relevante,O trecho menciona explicitamente enchentes e deslizamentos como riscos associados à ocupação de áreas frágeis.,FALSE,FALSE,FALSE,FALSE,TRUE,TRUE,FALSE,FALSE,FALSE,FALSE,FALSE,FALSE,FALSE,FALSE,1,Descreve aumento da exposição a riscos sem propor solução.
250002550913_J0014,relevante,"O trecho menciona ""áreas de risco comprovado"" e a necessidade de reassentamento para proteger a vida, indicando preocupação com riscos naturais ou ambientais.",TRUE,FALSE,FALSE,FALSE,FALSE,FALSE,FALSE,FALSE,FALSE,FALSE,FALSE,FALSE,FALSE,TRUE,2,"Define diretrizes de reassentamento em áreas de risco, sem ação específica ou metas."
250002550913_J0015,relevante,"O trecho menciona ""vítimas de calamidades públicas"", o que indica referência a desastres e riscos naturais.",FALSE,FALSE,FALSE,FALSE,FALSE,FALSE,FALSE,FALSE,FALSE,FALSE,FALSE,FALSE,FALSE,TRUE,2,"Define diretrizes de acolhimento e proteção para vítimas de calamidades, sem ação concreta."
250002550913_J0016,relevante,"O trecho menciona explicitamente enchentes, deslizamentos, secas, ondas de calor e outras crises hídricas, caracterizando riscos climáticos e eventos extremos.",FALSE,FALSE,FALSE,FALSE,TRUE,TRUE,TRUE,FALSE,TRUE,FALSE,FALSE,FALSE,FALSE,FALSE,1,Apresenta quem sofre de riscos e desastres sem propor solução.
250002550913_J0017,relevante,O trecho menciona explicitamente a adaptação às mudanças climáticas.,TRUE,FALSE,FALSE,TRUE,FALSE,FALSE,FALSE,FALSE,FALSE,FALSE,FALSE,FALSE,FALSE,FALSE,3,Ação de desenvolver tecnologias para adaptação às mudanças climáticas.
250002550913_J0018,relevante,"O trecho menciona equipamentos destinados à adaptação às mudanças climáticas, o que constitui uma ação explícita de adaptação climática.",FALSE,FALSE,FALSE,TRUE,FALSE,FALSE,FALSE,FALSE,FALSE,FALSE,FALSE,FALSE,FALSE,FALSE,2,"Prioriza setores e equipamentos para adaptação às mudanças climáticas, sem detalhar ações concretas."
250002550913_J0019,relevante,O trecho menciona explicitamente a adaptação às mudanças climáticas.,TRUE,FALSE,FALSE,FALSE,FALSE,FALSE,FALSE,FALSE,FALSE,FALSE,FALSE,FALSE,FALSE,FALSE,2,"Propõe diretrizes de cooperação e planejamento regional para enfrentar riscos climáticos, sem detalhar ações concretas."
260002532010_J0001,nao_relevante,"O trecho descreve infraestrutura e equipamentos sem mencionar eventos extremos, riscos ou ações de prevenção/gestão de desastres.",,,,,,,,,,,,,,,,
260002532010_J0002,relevante,"O trecho menciona vulnerabilidade aos efeitos das mudanças climáticas, o que implica risco climático.",FALSE,FALSE,FALSE,FALSE,FALSE,FALSE,TRUE,FALSE,FALSE,FALSE,FALSE,FALSE,FALSE,FALSE,1,Apresenta apenas o diagnóstico de vulnerabilidade climática sem propor solução.
260002532010_J0003,relevante,"O trecho menciona explicitamente a adaptação às mudanças climáticas, o que se enquadra como ação de mitigação e preparação frente a riscos climáticos.",FALSE,FALSE,FALSE,TRUE,FALSE,FALSE,FALSE,FALSE,FALSE,FALSE,FALSE,FALSE,FALSE,TRUE,2,"A frase ""fortalecer a adaptação às mudanças climáticas"" estabelece um compromisso geral de política sem detalhar ações específicas."
260002532010_J0004,relevante,"O trecho menciona explicitamente programas de drenagem urbana e prevenção de alagamentos, que são medidas de mitigação contra risco de inundação.",TRUE,FALSE,FALSE,FALSE,TRUE,FALSE,FALSE,FALSE,FALSE,FALSE,FALSE,FALSE,FALSE,FALSE,2,"Proposta de apoio a programas de drenagem urbana e prevenção de alagamentos, sem detalhar ação específica ou metas."
260002532010_J0005,relevante,"O trecho menciona monitoramento de emergências e defesa civil, que são eventos de risco natural.",TRUE,FALSE,FALSE,FALSE,FALSE,FALSE,FALSE,FALSE,FALSE,FALSE,FALSE,FALSE,FALSE,FALSE,3,Implantar uma Central Integrada de Operações é uma ação concreta para monitorar emergências e defesa civil.
260002532010_J0006,nao_relevante,"O trecho descreve ações de gestão hídrica sem mencionar riscos, desastres ou eventos extremos.",,,,,,,,,,,,,,,,
260002532010_J0007,relevante,"O trecho menciona explicitamente a gestão de riscos, mapeamento de áreas vulneráveis a desastres naturais e políticas de adaptação climática.",TRUE,FALSE,FALSE,TRUE,FALSE,FALSE,FALSE,FALSE,FALSE,FALSE,FALSE,FALSE,FALSE,TRUE,3,"Ações concretas são propostas para risco e desastre, sem metas ou valores."
260002532010_J0008,clima_geral,"O trecho menciona apenas a mudança climática de forma geral, sem citar eventos extremos ou medidas específicas de risco.",,,,,,,,,,,,,,,,
260002532010_J0009,relevante,"O trecho menciona explicitamente riscos climáticos, impactos das mudanças climáticas e medidas de adaptação como recuperação de barragens e seguro agrícola.",TRUE,FALSE,FALSE,FALSE,FALSE,FALSE,FALSE,FALSE,FALSE,FALSE,FALSE,FALSE,FALSE,TRUE,3,Descreve programas concretos para reduzir riscos climáticos.
260002542491_J0001,relevante,"O trecho menciona explicitamente ""adaptação climática"", o que entra na definição de risco/clima.",FALSE,FALSE,FALSE,TRUE,FALSE,FALSE,FALSE,FALSE,FALSE,FALSE,FALSE,FALSE,FALSE,FALSE,3,Ação concreta de implementar Programa Sertão Vivo focado em segurança hídrica e adaptação climática.
260002542491_J0002,relevante,"O trecho menciona explicitamente reduzir os impactos da seca, um evento climático extremo.",TRUE,FALSE,FALSE,FALSE,FALSE,FALSE,TRUE,FALSE,FALSE,FALSE,FALSE,FALSE,FALSE,FALSE,3,"A frase descreve a implantação de uma adutora para reduzir impactos da seca, que é um risco/desastre natural."
260002542491_J0003,relevante,O trecho menciona explicitamente a prevenção de eventos extremos e a adaptação climática.,TRUE,FALSE,FALSE,FALSE,FALSE,FALSE,FALSE,FALSE,FALSE,FALSE,FALSE,FALSE,FALSE,TRUE,2,"Apresenta diretrizes gerais e listas genéricas de ações para prevenção e monitoramento, sem detalhar projetos específicos."
260002542491_J0004,nao_relevante,"O texto trata apenas de gestão educacional e prevenção de ilícitos, sem mencionar riscos climáticos ou desastres.",,,,,,,,,,,,,,,,
260002549466_J0001,relevante,"O trecho menciona ""Defesa Civil"", que é uma expressão listada como indicadora de risco e desastre.",FALSE,FALSE,FALSE,FALSE,FALSE,FALSE,FALSE,FALSE,FALSE,FALSE,FALSE,FALSE,FALSE,TRUE,0,"A frase apenas cita a Defesa Civil sem detalhar problema, diretriz ou ação."
260002549466_J0002,relevante,"O trecho menciona explicitamente a prevenção de secas, enchentes e preparação para eventos climáticos extremos.",TRUE,FALSE,FALSE,FALSE,TRUE,FALSE,TRUE,FALSE,FALSE,FALSE,FALSE,FALSE,FALSE,FALSE,2,"Apresenta diretrizes gerais de prevenção e preparação, sem ação específica ou metas."
260002549466_J0003,relevante,"O trecho menciona prevenção de desastres e fortalecimento da resposta a secas, enchentes e outros eventos extremos.",TRUE,FALSE,FALSE,TRUE,TRUE,FALSE,TRUE,FALSE,FALSE,FALSE,FALSE,FALSE,FALSE,FALSE,2,Declara compromisso de priorizar prevenção e resposta a desastres sem detalhar ações concretas.
260002549466_J0004,relevante,"O trecho menciona explicitamente ""adaptação climática"", o que entra na lista de itens que tornam o conteúdo relevante.",TRUE,FALSE,FALSE,FALSE,FALSE,FALSE,FALSE,FALSE,FALSE,FALSE,FALSE,FALSE,FALSE,TRUE,3,Ação concreta de criar um sistema de monitoramento para prevenir acidentes e tragédias nas vias.
260002549466_J0005,relevante,"O trecho menciona explicitamente secas e enchentes, eventos extremos naturais que constituem riscos de desastre.",TRUE,TRUE,FALSE,FALSE,TRUE,FALSE,TRUE,FALSE,FALSE,FALSE,FALSE,FALSE,FALSE,FALSE,3,"Programa de prevenção e resposta a emergências sociais (secas, enchentes, epidemias) é uma ação concreta sobre risco e desastre."
260002549466_J0006,relevante,"O trecho menciona prevenção de ocupações em áreas de risco, indicando preocupação com riscos naturais.",TRUE,FALSE,FALSE,FALSE,FALSE,FALSE,FALSE,FALSE,FALSE,FALSE,FALSE,FALSE,FALSE,TRUE,3,"Criação de programa para habitação em áreas de risco, uma ação concreta sobre risco e desastre."
260002549466_J0007,relevante,"O trecho menciona áreas de risco e reassentamento seguro, indicando preocupação com eventos extremos naturais.",FALSE,TRUE,FALSE,FALSE,FALSE,FALSE,FALSE,FALSE,FALSE,FALSE,FALSE,FALSE,FALSE,TRUE,3,Propõe uma política de atendimento habitacional para emergências e remoção de famílias de áreas de risco.
260002549466_J0008,relevante,"O trecho menciona mapeamento de áreas de risco, drenagem, contenção de encostas e adaptação climática, indicando ações concretas de prevenção e mitigação de desastres.",TRUE,FALSE,FALSE,TRUE,TRUE,TRUE,FALSE,FALSE,FALSE,FALSE,FALSE,FALSE,FALSE,FALSE,3,"Propõe ações concretas de mapeamento, drenagem e contenção de encostas para prevenção de riscos."
260002549466_J0009,relevante,"O trecho menciona explicitamente ""áreas de risco"", o que indica preocupação com riscos naturais ou climáticos.",TRUE,FALSE,FALSE,FALSE,FALSE,FALSE,FALSE,FALSE,FALSE,FALSE,FALSE,FALSE,FALSE,TRUE,2,Propõe fortalecer o Observatório com foco em áreas de risco sem detalhar ação específica.
260002549466_J0010,nao_relevante,"O trecho menciona apenas planejamento institucional sem referência a riscos, desastres ou eventos climáticos.",,,,,,,,,,,,,,,,
260002549466_J0011,relevante,"O trecho menciona explicitamente incêndios e desastres, indicando risco e resposta de emergência.",FALSE,TRUE,FALSE,FALSE,FALSE,FALSE,FALSE,TRUE,FALSE,FALSE,FALSE,FALSE,FALSE,FALSE,3,Ação concreta de ampliar serviços para reduzir tempo de resposta em desastres.
260002549466_J0012,relevante,"O trecho menciona vulnerabilidade à seca e insegurança hídrica, indicando risco climático.",TRUE,FALSE,FALSE,FALSE,FALSE,FALSE,TRUE,FALSE,FALSE,FALSE,FALSE,FALSE,FALSE,FALSE,2,Define compromisso de gestão hídrica sem ação específica.
260002549466_J0013,relevante,"O trecho menciona vulnerabilidade a estiagem, um risco climático extremo, e propõe ações de infraestrutura hídrica para mitigá‑lo.",TRUE,FALSE,FALSE,FALSE,FALSE,FALSE,TRUE,FALSE,FALSE,FALSE,FALSE,FALSE,FALSE,FALSE,2,"Propõe ampliar infraestrutura hídrica com foco em áreas vulneráveis à estiagem, sem detalhar ações específicas."
260002549466_J0014,relevante,"O trecho menciona ""seca"" e a recuperação de barragens, indicando vulnerabilidade a eventos climáticos extremos e riscos associados.",TRUE,FALSE,FALSE,FALSE,FALSE,FALSE,TRUE,FALSE,FALSE,FALSE,FALSE,TRUE,FALSE,FALSE,2,Propõe articular projetos de segurança hídrica sem detalhar ações concretas.
260002549466_J0015,relevante,"O trecho menciona ""defesa civil"" em uma lista de integrações, atendendo ao critério de inclusão de termos relacionados a risco e desastre.",TRUE,FALSE,FALSE,FALSE,FALSE,FALSE,FALSE,FALSE,FALSE,FALSE,FALSE,FALSE,FALSE,FALSE,2,"Proposta de compromisso geral para fortalecer o sistema de gestão hídrica, sem ação específica ou meta quantificada."
260002549466_J0016,relevante,"O trecho menciona queimadas e sistemas de alerta com a Defesa Civil, indicando foco em eventos extremos e gestão de risco.",TRUE,FALSE,FALSE,FALSE,FALSE,FALSE,FALSE,TRUE,FALSE,FALSE,FALSE,FALSE,FALSE,FALSE,3,Ação de modernizar monitoramento e fiscalização para prevenir e combater riscos ambientais.
260002549466_J0017,relevante,"O trecho menciona explicitamente riscos climáticos, eventos extremos e ações de defesa civil.",TRUE,TRUE,FALSE,TRUE,TRUE,TRUE,TRUE,TRUE,TRUE,FALSE,TRUE,FALSE,FALSE,FALSE,3,Ações concretas como implantar sistema de monitoramento e mapear áreas de risco são descritas.
260002549466_J0018,nao_relevante,"O trecho trata apenas de governança digital, segurança cibernética e proteção de dados, sem mencionar riscos naturais, desastres ou eventos climáticos.",,,,,,,,,,,,,,,,
260002549466_J0019,relevante,"O trecho menciona explicitamente a Defesa Civil e ações de prevenção, preparação, resposta e recuperação diante de desastres.",TRUE,TRUE,TRUE,FALSE,FALSE,FALSE,FALSE,FALSE,FALSE,FALSE,FALSE,FALSE,FALSE,TRUE,2,"Propõe fortalecer o sistema de defesa civil, sem detalhar ações concretas."
260002551712_J0001,nao_relevante,"O texto apenas descreve a diversidade territorial sem mencionar riscos, desastres ou adaptações climáticas.",,,,,,,,,,,,,,,,
260002551712_J0002,relevante,"O trecho menciona explicitamente apoio à drenagem urbana e prevenção de alagamentos, que são eventos extremos naturais.",TRUE,FALSE,FALSE,FALSE,TRUE,FALSE,FALSE,FALSE,FALSE,FALSE,FALSE,FALSE,FALSE,FALSE,3,Ação concreta sobre prevenção de alagamentos.
270002539187_J0001,clima_geral,"O trecho menciona apenas ""Mudanças Climáticas"" sem referir a eventos extremos, riscos ou adaptações específicas.",,,,,,,,,,,,,,,,
270002539187_J0002,clima_geral,"O trecho menciona apenas ""Mudanças Climáticas"" sem referir a eventos extremos, riscos ou adaptações específicas.",,,,,,,,,,,,,,,,
270002539187_J0003,clima_geral,"O trecho menciona mudanças climáticas e adaptação de forma geral, sem citar eventos extremos ou riscos específicos.",,,,,,,,,,,,,,,,
270002544494_J0001,nao_relevante,"O trecho não menciona riscos naturais, desastres ou agenda climática.",,,,,,,,,,,,,,,,
270002544494_J0002,clima_geral,"O trecho menciona apenas a mudança climática de forma geral, sem referir eventos extremos ou medidas específicas de adaptação.",,,,,,,,,,,,,,,,
270002544494_J0003,nao_relevante,"O trecho descreve melhorias de infraestrutura sem mencionar riscos naturais, desastres ou agenda climática.",,,,,,,,,,,,,,,,
270002544494_J0004,relevante,"O trecho menciona explicitamente incêndios florestais e ações de prevenção, monitoramento e combate, caracterizando risco e desastre natural.",TRUE,FALSE,FALSE,FALSE,FALSE,FALSE,FALSE,TRUE,FALSE,FALSE,FALSE,FALSE,FALSE,FALSE,3,Propõe ações concretas de prevenção e combate a incêndios florestais.
270002544494_J0005,relevante,O trecho menciona explicitamente políticas de mitigação e adaptação às mudanças climáticas.,FALSE,FALSE,TRUE,TRUE,FALSE,FALSE,FALSE,FALSE,FALSE,FALSE,FALSE,FALSE,FALSE,FALSE,2,Proposta de diretriz geral sem ação específica.
270002544494_J0006,relevante,"O trecho menciona explicitamente fortalecer a Defesa Civil e prevenir/atender riscos e emergências, o que se enquadra em risco ou desastre.",TRUE,TRUE,FALSE,FALSE,FALSE,FALSE,FALSE,FALSE,FALSE,FALSE,FALSE,FALSE,FALSE,TRUE,2,"Compromisso de fortalecer a Defesa Civil e ampliar capacidade de prevenir/ responder riscos, sem ação específica."
270002544494_J0007,relevante,"O trecho menciona explicitamente Defesa Civil, gestão de riscos e planos para desastres e calamidades públicas.",TRUE,FALSE,FALSE,FALSE,FALSE,FALSE,FALSE,FALSE,FALSE,FALSE,FALSE,FALSE,FALSE,TRUE,3,"Apresenta ações concretas de monitoramento, planos e capacitação para risco e desastre."
270002544494_J0008,relevante,"O trecho menciona explicitamente ""adaptação às mudanças climáticas"", o que caracteriza uma ação de mitigação e adaptação climática, enquadrando-o como relevante.",FALSE,FALSE,FALSE,FALSE,FALSE,FALSE,FALSE,FALSE,FALSE,FALSE,FALSE,FALSE,FALSE,FALSE,2,Proposta de diretriz geral sem ação específica.
270002544544_J0001,nao_relevante,"O texto descreve apenas características sociais e econômicas do estado sem mencionar risco, desastre ou clima.",,,,,,,,,,,,,,,,
270002544544_J0002,relevante,"O trecho menciona explicitamente um seguro paramétrico anti-seca que responde a eventos naturais (drought), caracterizando risco climático e desastres.",TRUE,FALSE,FALSE,FALSE,FALSE,FALSE,TRUE,FALSE,FALSE,FALSE,FALSE,FALSE,FALSE,FALSE,3,Subsidiar preço do seguro paramétrico é uma ação concreta sobre risco de seca.
270002544544_J0003,relevante,"O trecho menciona explicitamente eventos climáticos extremos, como focos de calor e secas.",TRUE,FALSE,FALSE,FALSE,FALSE,FALSE,TRUE,FALSE,TRUE,FALSE,FALSE,FALSE,FALSE,FALSE,3,Ação concreta de criar plataforma para monitorar riscos climáticos.
270002544544_J0004,relevante,"O trecho menciona prevenção contra isolamento de municípios por rompimento de pistas durante chuvas intensas, indicando risco de desastre natural.",TRUE,FALSE,FALSE,TRUE,TRUE,FALSE,FALSE,FALSE,FALSE,FALSE,FALSE,FALSE,FALSE,FALSE,3,Ação concreta (corridors ecológicos e drenagem) para prevenir riscos de rompimento de pistas e atropelamento.
270002544599_J0001,nao_relevante,"O trecho trata apenas de políticas educacionais e não menciona riscos, desastres ou agenda climática.",,,,,,,,,,,,,,,,
270002544599_J0002,relevante,"O trecho menciona ""áreas de risco"", que está na lista de expressões que indicam risco ou desastre.",TRUE,FALSE,FALSE,FALSE,FALSE,FALSE,FALSE,FALSE,FALSE,FALSE,FALSE,FALSE,FALSE,TRUE,3,Ação concreta de apoiar municípios em obras prioritárias para áreas de risco.
270002544599_J0003,nao_relevante,"O texto trata apenas de investimentos e financiamento de infraestrutura sem mencionar riscos naturais, desastres ou adaptação climática.",,,,,,,,,,,,,,,,
270002544599_J0004,relevante,"O trecho menciona explicitamente prevenção e combate a incêndios florestais, integração com Defesa Civil e planos de manejo de fogo.",TRUE,FALSE,FALSE,FALSE,FALSE,FALSE,FALSE,TRUE,FALSE,FALSE,FALSE,FALSE,FALSE,FALSE,3,"Apresenta ações concretas de prevenção e combate a incêndios florestais, sem metas ou indicadores específicos."
270002544599_J0005,relevante,"O trecho menciona explicitamente incêndios florestais, um desastre natural.",FALSE,TRUE,FALSE,FALSE,FALSE,FALSE,FALSE,TRUE,FALSE,FALSE,FALSE,FALSE,FALSE,FALSE,3,Proposta de ação concreta para reduzir incêndios florestais.
270002548412_J0001,nao_relevante,"O texto trata apenas de riscos internos como fraude e corrupção, sem referência a eventos climáticos, desastres naturais ou gestão de risco ambiental.",,,,,,,,,,,,,,,,
270002548412_J0002,relevante,"O trecho menciona defesa civil e resposta a incêndios, que são desastres naturais.",TRUE,TRUE,FALSE,FALSE,FALSE,FALSE,FALSE,TRUE,FALSE,FALSE,FALSE,FALSE,FALSE,FALSE,3,"A frase descreve a criação de um planejamento de expansão e resposta, constituindo uma ação específica sobre risco e desastre."
270002550458_J0001,nao_relevante,"O trecho apenas enumera categorias de propostas sem mencionar riscos, desastres ou agenda climática.",,,,,,,,,,,,,,,,
270002550458_J0002,relevante,"O trecho menciona ""defesa civil"", que é uma expressão de risco e emergência, qualificando-o como relevante.",TRUE,FALSE,FALSE,FALSE,FALSE,FALSE,FALSE,FALSE,FALSE,FALSE,FALSE,FALSE,FALSE,TRUE,2,"Propõe uma diretriz de cooperação técnica com foco em defesa civil, sem ação concreta identificável."
270002550458_J0003,nao_relevante,O texto trata apenas de segurança cibernética e não menciona riscos naturais ou climáticos.,,,,,,,,,,,,,,,,
270002550458_J0004,nao_relevante,"O trecho trata apenas de gestão de riscos administrativos, sem referência a eventos naturais ou climáticos.",,,,,,,,,,,,,,,,
270002550458_J0005,nao_relevante,"O trecho não menciona eventos extremos, riscos naturais ou ações de defesa civil relacionadas a desastres.",,,,,,,,,,,,,,,,
270002550458_J0006,relevante,"O trecho menciona explicitamente riscos, alertas e planos de defesa civil para incêndios, secas e enchentes.",TRUE,FALSE,FALSE,FALSE,TRUE,FALSE,TRUE,TRUE,FALSE,FALSE,FALSE,FALSE,FALSE,FALSE,3,"Ação concreta de fortalecer mapeamento, alertas e planos para incêndios, secas e enchentes."
270002550458_J0007,relevante,"O trecho menciona explicitamente a redução de alagamentos, um evento extremo natural.",TRUE,FALSE,FALSE,FALSE,TRUE,FALSE,FALSE,FALSE,FALSE,FALSE,FALSE,FALSE,FALSE,FALSE,3,"Ação concreta de apoiar obras urbanas para reduzir alagamentos, sem meta quantificada."
270002550458_J0008,relevante,"O trecho menciona mapeamento de risco, drenagem e adaptação climática para reduzir vulnerabilidade a eventos extremos, além da atuação da Defesa Civil.",TRUE,FALSE,FALSE,TRUE,FALSE,FALSE,FALSE,FALSE,TRUE,FALSE,FALSE,FALSE,FALSE,FALSE,3,Ação concreta de apoiar mapeamento e medidas urbanas para reduzir vulnerabilidade a eventos extremos.
270002550458_J0009,relevante,O trecho menciona explicitamente reduzir exposição a eventos extremos e usar instrumentos de gestão de risco.,TRUE,FALSE,FALSE,FALSE,FALSE,FALSE,FALSE,FALSE,FALSE,FALSE,FALSE,FALSE,FALSE,TRUE,3,Ação concreta de articular seguro rural e instrumentos paramétricos para reduzir exposição a eventos extremos.
270002550458_J0010,relevante,"O trecho menciona incêndios, Defesa Civil e manejo de fogo para reduzir áreas queimadas.",TRUE,FALSE,FALSE,FALSE,FALSE,FALSE,FALSE,TRUE,FALSE,FALSE,FALSE,FALSE,FALSE,FALSE,3,Ação concreta de integrar brigadas e monitoramento para prevenir/incendios.
270002550458_J0011,nao_relevante,"O trecho menciona apenas transferências e recursos, sem referência a riscos, desastres ou agenda climática.",,,,,,,,,,,,,,,,
30002530014_J0001,nao_relevante,"O trecho trata apenas de violência e segurança pública, sem menção a riscos naturais ou climáticos.",,,,,,,,,,,,,,,,
30002530014_J0002,relevante,"O trecho menciona ""calamidade pública"", que é um evento de risco e desastre, qualificando-o como relevante.",TRUE,FALSE,FALSE,FALSE,FALSE,FALSE,FALSE,FALSE,FALSE,FALSE,FALSE,FALSE,FALSE,TRUE,2,"Propõe criar política de fornecimento de medicamentos em situações de emergência, sem detalhar ação específica."
30002530014_J0003,nao_relevante,"O trecho trata apenas de saúde ocupacional e gestão de riscos no trabalho, sem menção a eventos climáticos, desastres naturais ou agenda climática.",,,,,,,,,,,,,,,,
30002530014_J0004,relevante,"O trecho menciona ""defesa civil"" e ""resiliência urbana"", que são expressões da lista de risco, tornando-o relevante.",FALSE,FALSE,FALSE,FALSE,FALSE,FALSE,FALSE,FALSE,FALSE,FALSE,FALSE,FALSE,FALSE,TRUE,2,Lista genérica que inclui defesa civil e resiliência urbana sem ação específica.
30002530014_J0005,relevante,O trecho menciona drenagem e medidas para reduzir riscos de inundações.,TRUE,FALSE,FALSE,FALSE,TRUE,FALSE,FALSE,FALSE,FALSE,FALSE,FALSE,FALSE,FALSE,FALSE,3,Ação concreta de macrodrenagem para reduzir riscos de inundações.
30002530014_J0006,relevante,"O trecho menciona defesa civil e gestão de emergências, atendendo ao critério de relevância.",TRUE,FALSE,FALSE,FALSE,FALSE,FALSE,FALSE,FALSE,FALSE,FALSE,FALSE,FALSE,FALSE,FALSE,3,"A frase descreve a criação de um centro de monitoramento para gestão de emergências, uma ação concreta sobre risco e desastre."
30002530014_J0007,nao_relevante,"O trecho não menciona riscos naturais, desastres ou agenda climática.",,,,,,,,,,,,,,,,
30002530014_J0008,relevante,O trecho menciona explicitamente adaptação às mudanças climáticas.,FALSE,FALSE,FALSE,TRUE,FALSE,FALSE,FALSE,FALSE,FALSE,FALSE,FALSE,FALSE,FALSE,FALSE,2,Propõe compromisso de promover sustentabilidade e resiliência sem detalhar ações concretas.
30002530014_J0009,nao_relevante,"O trecho trata apenas de fortalecimento institucional e controle interno, sem menção a riscos naturais, desastres ou agenda climática.",,,,,,,,,,,,,,,,
30002536311_J0001,nao_relevante,"O trecho descreve apenas obras de infraestrutura rodoviária sem menção a riscos, desastres ou agenda climática.",,,,,,,,,,,,,,,,
30002536311_J0002,relevante,O trecho menciona explicitamente adaptação climática e prevenção de alagamentos.,TRUE,FALSE,FALSE,TRUE,TRUE,FALSE,FALSE,FALSE,FALSE,FALSE,FALSE,FALSE,FALSE,FALSE,2,"A frase define diretrizes de adaptação e prevenção, sem especificar ações concretas."
30002536311_J0003,relevante,"O trecho menciona explicitamente a Defesa Civil, prevenção, monitoramento e resposta a situações de risco e desastres.",TRUE,TRUE,FALSE,FALSE,FALSE,FALSE,FALSE,FALSE,FALSE,FALSE,FALSE,FALSE,FALSE,TRUE,3,Define a ação concreta de estruturar um Sistema Estadual Integrado de Defesa Civil.
30002536311_J0004,relevante,"O trecho menciona explicitamente adaptações climáticas e prevenção de alagamentos, que são riscos naturais.",TRUE,FALSE,TRUE,TRUE,TRUE,FALSE,FALSE,FALSE,FALSE,FALSE,FALSE,FALSE,FALSE,FALSE,3,"A frase descreve que as obras de pavimentação incluirão medidas específicas de prevenção e adaptação a riscos climáticos, constituindo uma ação concreta sobre risco e desastre."
30002536313_J0001,nao_relevante,"O trecho não menciona riscos naturais, desastres ou temas climáticos.",,,,,,,,,,,,,,,,
30002551388_J0001,nao_relevante,O trecho trata apenas de saúde pública e não menciona riscos naturais ou eventos climáticos.,,,,,,,,,,,,,,,,
30002552017_J0001,relevante,"O trecho menciona explicitamente a prevenção de alagamentos, que é um risco extremo natural.",TRUE,FALSE,FALSE,FALSE,TRUE,FALSE,FALSE,FALSE,FALSE,FALSE,FALSE,FALSE,FALSE,FALSE,2,"A frase ""prevenção de alagamentos"" indica um compromisso genérico sem detalhar ação específica."
40002532272_J0001,relevante,"O trecho menciona eventos extremos (cheia e seca) que causam isolamento das comunidades de várzea, afetando o acesso à saúde.",FALSE,FALSE,FALSE,FALSE,TRUE,FALSE,TRUE,FALSE,FALSE,FALSE,FALSE,FALSE,FALSE,FALSE,1,Descreve o problema de isolamento e inacessibilidade causada por cheia e seca.
40002532272_J0002,clima_geral,"O trecho menciona mudanças climáticas de forma geral, sem citar eventos extremos ou medidas específicas de adaptação.",,,,,,,,,,,,,,,,
40002532272_J0003,relevante,O trecho menciona explicitamente cheias e secas extremas como eventos que isolam populações.,FALSE,TRUE,FALSE,FALSE,TRUE,FALSE,TRUE,FALSE,FALSE,FALSE,FALSE,FALSE,FALSE,FALSE,1,Descreve o problema de isolamento por cheias e secas extremas.
40002532272_J0004,nao_relevante,"O trecho trata apenas de sistemas de informação e saúde pública, sem menção a riscos naturais ou climáticos.",,,,,,,,,,,,,,,,
40002532272_J0005,relevante,"O trecho menciona cheias, secas extremas e a necessidade de autonomia energética para evitar isolamento durante esses eventos naturais.",TRUE,FALSE,FALSE,FALSE,TRUE,FALSE,TRUE,FALSE,FALSE,FALSE,FALSE,FALSE,FALSE,FALSE,1,"As frases destacadas descrevem o problema de sazonalidade hídrica, sem apresentar uma ação específica."
40002532272_J0006,nao_relevante,"O trecho trata apenas de riscos clínicos e surtos de doenças, não envolvendo eventos naturais, climáticos ou tecnológicos.",,,,,,,,,,,,,,,,
40002532272_J0007,nao_relevante,"O trecho descreve iniciativas de vacinação sem mencionar riscos, desastres ou eventos climáticos.",,,,,,,,,,,,,,,,
40002535267_J0001,relevante,"O trecho menciona explicitamente secas e enchentes, eventos extremos naturais.",FALSE,FALSE,FALSE,FALSE,TRUE,FALSE,TRUE,FALSE,FALSE,FALSE,FALSE,FALSE,FALSE,FALSE,1,"Descreve problemas de secas, enchentes e falta de saneamento sem propor solução."
40002535267_J0002,relevante,"O trecho menciona explicitamente eventos extremos e desastres naturais (secas, enchentes, incêndios, desastres como Mariana e Brumadinho) que são riscos climáticos.",FALSE,FALSE,FALSE,FALSE,TRUE,FALSE,TRUE,TRUE,TRUE,TRUE,TRUE,TRUE,FALSE,FALSE,1,Apresenta dados e cenários de risco sem propor ações.
40002535267_J0003,clima_geral,"O trecho menciona apenas mudanças climáticas de forma geral, sem citar eventos extremos ou medidas de adaptação.",,,,,,,,,,,,,,,,
40002535267_J0004,clima_geral,"O trecho menciona apenas mudanças climáticas de forma geral, sem citar eventos extremos ou medidas específicas.",,,,,,,,,,,,,,,,
40002536086_J0001,clima_geral,"O trecho menciona apenas mudanças climáticas de forma geral, sem citar eventos extremos ou medidas específicas.",,,,,,,,,,,,,,,,
40002536086_J0002,relevante,O trecho menciona eventos climáticos extremos e riscos associados a secas que afetam infraestrutura e economia.,FALSE,FALSE,FALSE,FALSE,FALSE,FALSE,TRUE,TRUE,FALSE,FALSE,FALSE,FALSE,FALSE,FALSE,1,"Apresenta apenas a descrição dos eventos e impactos, sem propor solução."
40002536086_J0003,relevante,"O trecho menciona explicitamente o regime de cheias e secas, que são eventos extremos naturais.",FALSE,FALSE,FALSE,FALSE,TRUE,FALSE,TRUE,FALSE,FALSE,FALSE,FALSE,FALSE,FALSE,FALSE,1,Apresenta o problema do regime de cheias e secas que condicionam a oferta de saúde.
40002536086_J0004,clima_geral,O trecho menciona apenas a temática geral de mudanças climáticas sem referir eventos extremos ou medidas específicas.,,,,,,,,,,,,,,,,
40002536086_J0005,relevante,O trecho menciona secas e cheias como eventos extremos agravados pelo aquecimento global.,TRUE,FALSE,FALSE,FALSE,TRUE,FALSE,TRUE,FALSE,FALSE,FALSE,FALSE,FALSE,FALSE,FALSE,1,Descreve o problema das águas secas e cheias agravadas pelo aquecimento global.
40002536086_J0006,clima_geral,"O trecho menciona apenas a adaptação às mudanças climáticas de forma geral, sem referir eventos extremos ou medidas específicas.",,,,,,,,,,,,,,,,
40002536086_J0007,clima_geral,"O trecho menciona apenas a mudança climática de forma geral, sem referir eventos extremos, riscos ou adaptações específicas.",,,,,,,,,,,,,,,,
40002536086_J0008,nao_relevante,"O trecho não menciona riscos naturais, desastres ou agenda climática.",,,,,,,,,,,,,,,,
40002536086_J0009,nao_relevante,"O trecho não menciona riscos naturais, desastres ou eventos climáticos.",,,,,,,,,,,,,,,,
40002536086_J0010,clima_geral,"O trecho menciona mudanças climáticas e iniciativas verdes de forma geral, sem referir a eventos extremos ou medidas específicas de adaptação.",,,,,,,,,,,,,,,,
40002536086_J0011,clima_geral,"O trecho menciona mudanças climáticas de forma geral, sem referir a eventos extremos, riscos ou ações específicas de adaptação.",,,,,,,,,,,,,,,,
40002536086_J0012,clima_geral,"O trecho menciona mudanças climáticas de forma geral, sem citar eventos extremos ou medidas específicas de adaptação.",,,,,,,,,,,,,,,,
40002536086_J0013,relevante,"O trecho menciona preparar o Estado para os extremos climáticos e proteger a floresta, indicando ação de adaptação e mitigação de riscos.",TRUE,FALSE,FALSE,FALSE,FALSE,FALSE,FALSE,FALSE,FALSE,FALSE,FALSE,FALSE,FALSE,TRUE,2,Apresenta compromisso de preparação e proteção sem ação específica.
40002536086_J0014,relevante,"O trecho menciona queimadas, desmatamento e gestão de riscos de desastres, indicando ações concretas de prevenção e adaptação climática.",TRUE,FALSE,FALSE,TRUE,FALSE,FALSE,FALSE,TRUE,FALSE,FALSE,FALSE,FALSE,FALSE,FALSE,2,"Apresenta políticas e diretrizes gerais de prevenção e gestão de riscos, sem descrever ações concretas."
40002541626_J0001,relevante,"O trecho menciona queimadas, desmatamento e uso de satélites para combater incêndios, que são eventos extremos naturais.",TRUE,FALSE,FALSE,FALSE,FALSE,FALSE,FALSE,TRUE,FALSE,FALSE,FALSE,FALSE,FALSE,FALSE,3,"Ação concreta de usar satélites, drones e análise de dados para combater desmatamento e queimadas."
40002541741_J0001,relevante,"O trecho menciona áreas de risco com deslizamentos e alagamentos, indicando eventos extremos naturais.",TRUE,FALSE,FALSE,FALSE,TRUE,TRUE,FALSE,FALSE,FALSE,FALSE,FALSE,FALSE,FALSE,FALSE,1,Apresenta dados de risco sem propor solução.
40002541741_J0002,relevante,"O trecho menciona explicitamente a construção de habitações em áreas de risco, o que indica preocupação com vulnerabilidade a eventos extremos naturais.",TRUE,FALSE,FALSE,FALSE,FALSE,FALSE,FALSE,FALSE,FALSE,FALSE,FALSE,FALSE,FALSE,TRUE,3,"Ação concreta de construir habitações para famílias em áreas de risco, sem meta ou prazo específico."
40002541741_J0003,relevante,"O texto menciona explicitamente cheias, estiagens, Defesa Civil e ações de prevenção e resposta a eventos extremos.",TRUE,TRUE,FALSE,TRUE,TRUE,FALSE,TRUE,FALSE,FALSE,FALSE,FALSE,FALSE,FALSE,FALSE,3,"Apresenta planos e ações concretas de prevenção, alerta e adaptação a cheias, estiagens e eventos extremos."
40002550776_J0001,relevante,O trecho menciona explicitamente eventos extremos climáticos – cheias e secas – indicando risco e necessidade de adaptação.,FALSE,FALSE,FALSE,TRUE,TRUE,FALSE,TRUE,FALSE,FALSE,FALSE,FALSE,FALSE,FALSE,FALSE,2,Declara compromisso de adaptar cidades a riscos sem especificar ação concreta.
40002550776_J0002,relevante,"O trecho menciona explicitamente ""risco climático"", atendendo ao critério de relevância.",TRUE,FALSE,FALSE,FALSE,FALSE,FALSE,FALSE,FALSE,FALSE,FALSE,FALSE,FALSE,FALSE,TRUE,2,Define prioridade de municípios sem ação concreta.
40002550776_J0003,relevante,"O trecho menciona explicitamente eventos climáticos extremos como secas e cheias, além de falar em prevenção, adaptação e resposta a esses riscos.",TRUE,TRUE,FALSE,TRUE,TRUE,FALSE,TRUE,FALSE,TRUE,FALSE,FALSE,FALSE,FALSE,FALSE,2,Declara compromisso de proteger população sem especificar ação concreta.
40002550776_J0004,relevante,"O trecho menciona eventos extremos como fumaça de queimadas, secas e cheias, além de medidas de prevenção e resposta em situações de risco.",TRUE,FALSE,FALSE,FALSE,TRUE,FALSE,TRUE,TRUE,FALSE,FALSE,FALSE,FALSE,FALSE,FALSE,3,Descreve ações concretas de preparação e instalação para mitigar riscos de desastres.
40002550776_J0005,relevante,"O trecho menciona explicitamente Defesa Civil e emergência climática, indicando ação de prevenção/gestão de risco.",TRUE,FALSE,FALSE,FALSE,FALSE,FALSE,FALSE,FALSE,FALSE,FALSE,FALSE,FALSE,FALSE,TRUE,2,"Propõe diretrizes de articulação e tratamento da emergência climática, sem ação concreta."
40002550776_J0006,relevante,"O trecho menciona explicitamente ""eventos extremos"", atendendo ao critério de risco/desastre.",TRUE,FALSE,FALSE,TRUE,FALSE,FALSE,FALSE,FALSE,FALSE,FALSE,FALSE,FALSE,FALSE,TRUE,2,Define diretrizes de regularização e segurança para transporte escolar fluvial diante de eventos extremos.
40002550776_J0007,relevante,"O trecho menciona protocolos de abastecimento para secas e cheias severas, indicando preocupação com eventos extremos climáticos.",TRUE,FALSE,FALSE,FALSE,TRUE,FALSE,TRUE,FALSE,FALSE,FALSE,FALSE,FALSE,FALSE,FALSE,3,"A frase descreve a criação de estoques regionais e protocolos de abastecimento para secas e cheias severas, que é uma ação concreta sobre risco e desastre."
40002550776_J0008,relevante,"O trecho menciona explicitamente eventos extremos e riscos climáticos (seca, cheia, incêndio, deslizamento) e planos de adaptação e emergência.",TRUE,FALSE,FALSE,TRUE,TRUE,TRUE,TRUE,TRUE,TRUE,FALSE,TRUE,FALSE,FALSE,FALSE,3,"Propõe ações concretas de prevenção e resposta a riscos climáticos, como criação de fundo e execução de planos regionais."
40002550776_J0009,relevante,"O trecho menciona alertas meteorológicos, focos de calor e prevenção contra queimadas em áreas críticas, indicando ações concretas de gestão de risco e desastre.",TRUE,FALSE,FALSE,FALSE,FALSE,FALSE,TRUE,TRUE,TRUE,FALSE,FALSE,FALSE,FALSE,FALSE,3,A frase descreve uma ação concreta de prevenção em áreas críticas.
40002550776_J0010,relevante,"O trecho menciona explicitamente a Defesa Civil e adaptação climática, indicando foco em riscos e desastres.",TRUE,FALSE,FALSE,TRUE,FALSE,FALSE,FALSE,FALSE,FALSE,FALSE,FALSE,FALSE,FALSE,FALSE,2,Proposta de diretrizes gerais sem ação específica identificável.
40002550776_J0011,nao_relevante,"O trecho trata apenas de conectividade e infraestrutura digital sem mencionar riscos, desastres ou agenda climática.",,,,,,,,,,,,,,,,
40002550776_J0012,relevante,O trecho menciona explicitamente eventos extremos como secas e cheias e um plano emergencial de água.,TRUE,FALSE,FALSE,FALSE,TRUE,FALSE,TRUE,FALSE,FALSE,FALSE,FALSE,FALSE,FALSE,FALSE,2,"Propõe garantir um plano emergencial de água para riscos de seca, cheias e contaminações."
40002550776_J0013,relevante,"O trecho menciona prevenção de alagamentos, um risco natural.",TRUE,FALSE,FALSE,FALSE,TRUE,FALSE,FALSE,FALSE,FALSE,FALSE,FALSE,FALSE,FALSE,FALSE,2,Lista de medidas gerais sem ação específica identificável.
40002550776_J0014,relevante,"O trecho menciona explicitamente a adaptação de projetos para calor, chuvas e cheias, indicando preocupação com eventos climáticos extremos.",TRUE,FALSE,FALSE,TRUE,TRUE,FALSE,FALSE,FALSE,TRUE,FALSE,FALSE,FALSE,FALSE,FALSE,2,Proposta de adaptação de projetos para riscos climáticos sem detalhar ação específica.
40002550776_J0015,relevante,"O trecho menciona explicitamente ""adaptação climática"", que é uma ação de mitigação e preparação para riscos climáticos.",TRUE,FALSE,FALSE,TRUE,FALSE,FALSE,FALSE,FALSE,FALSE,FALSE,FALSE,FALSE,FALSE,FALSE,2,Propõe um pacto e priorização sem ação concreta ou métrica.
40002550776_J0016,relevante,"O trecho menciona ""defesa civil"", que é uma expressão de risco e desastre.",TRUE,FALSE,FALSE,FALSE,FALSE,FALSE,FALSE,FALSE,FALSE,FALSE,FALSE,FALSE,FALSE,FALSE,2,"A frase indica apoio à atualização de planos que incluem defesa civil, sem detalhar ações concretas."
40002550776_J0017,relevante,"O trecho menciona explicitamente respostas a eventos extremos como seca, cheia e incêndio.",FALSE,TRUE,FALSE,FALSE,TRUE,FALSE,TRUE,TRUE,FALSE,FALSE,TRUE,FALSE,FALSE,FALSE,3,A frase descreve a ação de garantir resposta rápida às famílias afetadas por riscos e desastres.
40002550776_J0018,relevante,"O trecho menciona riscos climáticos e estabelece um gabinete de emergência para seca, cheia e incêndios.",TRUE,FALSE,FALSE,FALSE,TRUE,FALSE,TRUE,TRUE,FALSE,FALSE,FALSE,FALSE,FALSE,FALSE,3,"A frase descreve a instalação de um gabinete de emergência, uma ação concreta sobre risco e desastre."
40002550776_J0019,relevante,O trecho menciona explicitamente eventos extremos como secas e queimadas.,FALSE,FALSE,FALSE,FALSE,FALSE,FALSE,TRUE,TRUE,FALSE,FALSE,FALSE,FALSE,FALSE,FALSE,1,Apresenta documentos que descrevem problemas de secas e queimadas sem propor solução.
40002551740_J0001,relevante,O trecho menciona queimadas criminosas e outras atividades que podem gerar riscos ambientais e desastres.,TRUE,FALSE,FALSE,FALSE,FALSE,FALSE,FALSE,TRUE,FALSE,FALSE,FALSE,TRUE,TRUE,FALSE,3,Criação do CIAT para organizar dados e apoiar prevenção e resposta a riscos ambientais.
40002551740_J0002,relevante,O trecho menciona explicitamente a presença da Defesa Civil como área de atuação do governo.,FALSE,FALSE,FALSE,FALSE,FALSE,FALSE,FALSE,FALSE,FALSE,FALSE,FALSE,FALSE,FALSE,FALSE,2,Inclui Defesa Civil como parte de uma política integrada sem detalhar ação específica.
40002551740_J0003,relevante,"O trecho menciona regime de cheias e estabilidade das margens, indicando risco de inundação.",TRUE,FALSE,FALSE,FALSE,TRUE,FALSE,FALSE,FALSE,FALSE,FALSE,FALSE,FALSE,FALSE,FALSE,1,A frase descreve a avaliação de fatores relacionados a risco e desastre sem propor solução.
40002551740_J0004,relevante,"O trecho menciona explicitamente ""eventos climáticos extremos"", que são riscos naturais, qualificando-o como relevante.",TRUE,FALSE,FALSE,FALSE,FALSE,FALSE,FALSE,FALSE,FALSE,FALSE,FALSE,FALSE,FALSE,TRUE,2,"Propõe integração de setores para enfrentar riscos, sem ação específica."
40002551740_J0005,relevante,"O trecho menciona ""áreas de risco"", indicando preocupação com vulnerabilidade a eventos extremos naturais.",TRUE,FALSE,FALSE,FALSE,FALSE,FALSE,FALSE,FALSE,FALSE,FALSE,FALSE,FALSE,FALSE,TRUE,2,Define compromisso de habitação em áreas de risco sem ação específica.
40002551740_J0006,relevante,"O trecho menciona áreas vulneráveis, risco e adaptação climática com ações concretas como drenagem, saneamento e reassentamento.",TRUE,FALSE,FALSE,FALSE,FALSE,FALSE,FALSE,FALSE,FALSE,FALSE,FALSE,FALSE,FALSE,TRUE,3,"lista de ações concretas (urbanização, drenagem, saneamento, recuperação) direcionadas a riscos e desastres"
40002551740_J0007,relevante,"O trecho menciona explicitamente eventos extremos (seca, cheias, incêndios), riscos climáticos e ações de Defesa Civil com prevenção, mitigação, resposta e recuperação.",TRUE,TRUE,FALSE,TRUE,TRUE,FALSE,TRUE,TRUE,TRUE,FALSE,FALSE,FALSE,FALSE,FALSE,3,"O trecho descreve ações concretas de prevenção, monitoramento e expansão de recursos (Defesa Civil, Corpo de Bombeiros) para lidar com riscos e desastres."
40002551740_J0008,relevante,"O trecho menciona explicitamente eventos extremos (queimadas, secas, estiagens), ações de prevenção e resposta da Defesa Civil e Bombeiros, portanto é relevante.",TRUE,TRUE,TRUE,FALSE,FALSE,FALSE,TRUE,TRUE,FALSE,FALSE,FALSE,FALSE,FALSE,FALSE,3,A mobilização de bases temporárias e brigadas especializadas constitui uma ação concreta sobre risco e desastre.
40002551740_J0009,clima_geral,"O trecho menciona apenas a palavra ""resiliência climática"" sem referir eventos extremos, riscos ou ações de adaptação.",,,,,,,,,,,,,,,,
50002532269_J0001,nao_relevante,"O trecho menciona apenas ""catástrofes ambientais"" de forma genérica, sem referir a eventos extremos específicos, riscos ou ações de adaptação climática.",,,,,,,,,,,,,,,,
50002532269_J0002,relevante,"O trecho menciona brigadas anti-incêndio e mudanças climáticas, indicando preocupação com eventos extremos e adaptação.",TRUE,FALSE,FALSE,FALSE,FALSE,FALSE,FALSE,TRUE,FALSE,FALSE,FALSE,FALSE,FALSE,FALSE,2,Declara compromisso de atenção ambiental e mudanças climáticas sem ação específica.
50002533190_J0001,relevante,"O trecho menciona explicitamente ""adaptação climática"", que é uma ação de mitigação e resposta a riscos climáticos.",FALSE,FALSE,FALSE,TRUE,FALSE,FALSE,FALSE,FALSE,FALSE,FALSE,FALSE,FALSE,FALSE,FALSE,2,Declara compromisso geral sem ação específica.
50002533190_J0002,clima_geral,"O trecho menciona ""Emergência Climática"" sem citar eventos extremos ou ações de mitigação, portanto é uma referência geral à agenda climática.",,,,,,,,,,,,,,,,
50002533190_J0003,nao_relevante,"O trecho trata apenas da valorização e organização das forças de segurança, sem mencionar riscos naturais, desastres ou agenda climática.",,,,,,,,,,,,,,,,
50002533190_J0004,nao_relevante,"O trecho trata apenas de monitoramento eletrônico e proteção contra agressões, sem menção a riscos naturais ou climáticos.",,,,,,,,,,,,,,,,
50002533190_J0005,relevante,"O trecho menciona risco de seca e a necessidade de barragens para mitigação, indicando preocupação com eventos extremos naturais.",FALSE,FALSE,FALSE,FALSE,FALSE,FALSE,TRUE,FALSE,FALSE,FALSE,FALSE,FALSE,FALSE,FALSE,3,A frase sobre o programa de barragens descreve uma ação concreta para mitigar secas.
50002533190_J0006,relevante,"O trecho menciona a seca, um evento extremo climático, e destaca a omissão do Estado diante desse risco.",FALSE,FALSE,FALSE,FALSE,FALSE,FALSE,TRUE,FALSE,FALSE,FALSE,FALSE,FALSE,FALSE,FALSE,1,"Descreve a seca como um fenômeno natural, previsível e recorrente."
50002533190_J0007,relevante,"O trecho menciona a seca, um evento extremo climático, e descreve uma política de adaptação que visava enfrentar esse risco.",TRUE,FALSE,FALSE,FALSE,FALSE,FALSE,TRUE,FALSE,FALSE,FALSE,FALSE,FALSE,FALSE,FALSE,1,"Apresenta histórico de programa e seus resultados, sem propor nova ação."
50002533190_J0008,relevante,"O trecho menciona explicitamente áreas com risco de seca, um evento climático extremo.",TRUE,FALSE,FALSE,FALSE,FALSE,FALSE,TRUE,FALSE,FALSE,FALSE,FALSE,FALSE,FALSE,FALSE,2,"Define critério de priorização por risco de seca, sem ação concreta."
50002533190_J0009,relevante,"O trecho descreve uma cratera que causou interrupção de estrada e estado de emergência, indicando um desastre natural.",FALSE,TRUE,FALSE,FALSE,FALSE,FALSE,FALSE,FALSE,FALSE,FALSE,FALSE,FALSE,FALSE,TRUE,1,"Descreve o problema de uma cratera que bloqueou a pista e provocou estado de emergência, sem propor solução."
50002533190_J0010,relevante,"O trecho menciona explicitamente eventos extremos, riscos climáticos e ações de prevenção e gestão de risco.",TRUE,FALSE,FALSE,FALSE,TRUE,TRUE,FALSE,FALSE,FALSE,FALSE,FALSE,FALSE,FALSE,FALSE,3,"Descreve ações concretas (geomantas, macrodrenagem, sistemas de alerta) para prevenção e gestão de risco."
50002533190_J0011,nao_relevante,"O trecho trata apenas de vulnerabilidade social e moradia, sem menção a riscos naturais, desastres ou eventos climáticos.",,,,,,,,,,,,,,,,
50002533190_J0012,clima_geral,"O trecho menciona apenas a crise climática de forma geral, sem citar eventos extremos, riscos ou medidas específicas.",,,,,,,,,,,,,,,,
50002533190_J0013,relevante,"O trecho menciona explicitamente ""desastres climáticos"" e a resposta do Estado em situações de ruptura aguda, caracterizando risco e desastre.",FALSE,TRUE,FALSE,FALSE,FALSE,FALSE,FALSE,FALSE,FALSE,FALSE,FALSE,FALSE,FALSE,TRUE,2,"Declara compromisso de atuação rápida em desastres climáticos, sem especificar ação concreta."
50002533190_J0014,relevante,"O trecho menciona explicitamente desastres naturais e a resposta de emergência com protocolos de ativação, caracterizando risco e desastre.",FALSE,TRUE,FALSE,FALSE,FALSE,FALSE,FALSE,FALSE,FALSE,FALSE,FALSE,FALSE,FALSE,TRUE,3,Define uma ação concreta de assistência e suprimentos para famílias atingidas por desastres naturais.
50002533190_J0015,relevante,"O trecho menciona explicitamente desastres climáticos como seca, estiagem e enchentes.",FALSE,TRUE,FALSE,FALSE,TRUE,FALSE,TRUE,FALSE,FALSE,FALSE,FALSE,FALSE,FALSE,FALSE,1,Lista tipos de ruptura aguda sem propor solução.
50002533190_J0016,relevante,"O trecho menciona desastres naturais e estado de calamidade, indicando risco e emergência.",FALSE,TRUE,FALSE,FALSE,FALSE,FALSE,FALSE,FALSE,FALSE,FALSE,FALSE,FALSE,FALSE,TRUE,3,Descreve ação concreta de assistência humanitária imediata e envio de suprimentos a famílias atingidas por desastres naturais.
50002533190_J0017,nao_relevante,"O texto trata apenas de serviços sociais e não menciona riscos, desastres ou agenda climática.",,,,,,,,,,,,,,,,
50002533190_J0018,relevante,"O trecho menciona ""área de risco"", que é uma expressão listada como indicadora de relevância.",FALSE,FALSE,FALSE,FALSE,FALSE,FALSE,FALSE,FALSE,FALSE,FALSE,FALSE,FALSE,FALSE,FALSE,0,Não há menção a risco ou desastre.
50002533190_J0019,clima_geral,"O trecho menciona ""emergência climática"" de maneira genérica, sem citar eventos extremos ou medidas específicas.",,,,,,,,,,,,,,,,
50002533190_J0020,clima_geral,"O trecho menciona a emergência climática de forma geral, sem citar eventos extremos ou medidas específicas de risco.",,,,,,,,,,,,,,,,
50002533190_J0021,relevante,O trecho menciona incêndios recorrentes e áreas críticas de risco.,FALSE,FALSE,FALSE,FALSE,FALSE,FALSE,TRUE,TRUE,FALSE,FALSE,FALSE,FALSE,FALSE,FALSE,1,Apresenta dados e descrição da ocorrência de incêndios sem propor solução.
50002533190_J0022,relevante,"O trecho menciona incêndios e seca, eventos extremos naturais que representam risco e desastre.",TRUE,FALSE,FALSE,FALSE,FALSE,FALSE,TRUE,TRUE,FALSE,FALSE,FALSE,FALSE,FALSE,FALSE,1,Descreve ocorrência de incêndios sem propor solução.
50002533190_J0023,relevante,"O trecho menciona eventos de desastre climático, falta de monitoramento e recursos para prevenção, caracterizando risco e gestão de desastres.",FALSE,TRUE,FALSE,FALSE,TRUE,FALSE,TRUE,TRUE,FALSE,FALSE,FALSE,FALSE,FALSE,FALSE,1,Apresenta dados e diagnóstico de problemas sem propor novas ações específicas.
50002533190_J0024,relevante,"O trecho menciona explicitamente planos de contingência, defesa civil e monitoramento de eventos climáticos, caracterizando risco e desastre.",TRUE,FALSE,FALSE,TRUE,FALSE,FALSE,FALSE,FALSE,FALSE,FALSE,FALSE,FALSE,FALSE,TRUE,3,"Descreve ações concretas de elaboração e implementação de planos de mitigação, adaptação e contingência para riscos climáticos."
50002533190_J0025,relevante,"O trecho menciona explicitamente o Plano de Ação para Prevenção e Controle do Desmatamento e das Queimadas, que trata de eventos extremos (queimadas) e medidas de prevenção.",TRUE,FALSE,FALSE,FALSE,FALSE,FALSE,FALSE,TRUE,FALSE,FALSE,FALSE,FALSE,FALSE,FALSE,3,A frase descreve a criação e implementação de um plano de ação específico para prevenção e controle do desmatamento e queimadas.
50002533190_J0026,nao_relevante,O trecho descreve apenas a gestão financeira do plano de saúde sem mencionar riscos naturais ou eventos extremos.,,,,,,,,,,,,,,,,
50002533190_J0027,clima_geral,"O trecho menciona apenas a mudança climática de forma geral, sem referir eventos extremos ou riscos específicos.",,,,,,,,,,,,,,,,
50002533190_J0028,relevante,"O trecho menciona explicitamente municípios em situação de emergência climática, indicando risco e desastre.",FALSE,FALSE,FALSE,FALSE,FALSE,FALSE,FALSE,FALSE,FALSE,FALSE,FALSE,FALSE,FALSE,TRUE,0,"Apenas cita títulos de documentos sobre desastres, sem descrição de problema ou ação."
50002536314_J0001,clima_geral,"O trecho menciona apenas a emergência climática de forma geral, sem citar eventos extremos, riscos ou medidas específicas.",,,,,,,,,,,,,,,,
50002536314_J0002,relevante,"O trecho menciona explicitamente riscos de seca, estiagem, El Niño, monitoramento, alerta e gerenciamento de desastres.",TRUE,FALSE,FALSE,FALSE,FALSE,FALSE,TRUE,TRUE,FALSE,FALSE,FALSE,FALSE,FALSE,FALSE,3,Implantar o serviço estadual de Gerenciamento de Riscos e Desastres é uma ação concreta sobre risco e desastre.
50002536314_J0003,nao_relevante,"O trecho trata apenas de infraestrutura digital e governança, sem menção a riscos, desastres ou agenda climática.",,,,,,,,,,,,,,,,
50002536314_J0004,clima_geral,O trecho menciona mudanças climáticas de forma geral sem referir a eventos extremos ou medidas específicas de adaptação.,,,,,,,,,,,,,,,,
50002536314_J0005,relevante,"O trecho menciona prevenção de desastres, drenagem e contenção de encostas em áreas de risco.",TRUE,FALSE,FALSE,FALSE,TRUE,TRUE,FALSE,FALSE,FALSE,FALSE,FALSE,FALSE,FALSE,FALSE,3,A frase descreve ações concretas de drenagem e contenção para prevenir inundações e deslizamentos.
50002536314_J0006,relevante,"O trecho menciona explicitamente medidas de prevenção e adaptação a riscos hídricos, como desertificação e estiagem.",TRUE,FALSE,FALSE,FALSE,FALSE,FALSE,TRUE,FALSE,FALSE,FALSE,FALSE,FALSE,FALSE,FALSE,2,"Propõe fortalecer infraestrutura e priorizar áreas vulneráveis, sem detalhar ações concretas."
50002536314_J0007,relevante,O trecho menciona linhas de crédito para adaptação climática e proteção produtiva.,TRUE,FALSE,TRUE,FALSE,FALSE,FALSE,FALSE,FALSE,FALSE,FALSE,FALSE,FALSE,FALSE,FALSE,3,"Define linhas de crédito para financiar medidas de resiliência produtiva, uma ação concreta sobre risco e desastre."
50002536314_J0008,relevante,"O trecho menciona obras de contenção de encostas, drenagem e prevenção de riscos, indicando ações concretas para reduzir vulnerabilidade a eventos extremos climáticos.",TRUE,FALSE,FALSE,FALSE,FALSE,TRUE,FALSE,FALSE,FALSE,FALSE,FALSE,FALSE,FALSE,FALSE,3,A frase descreve obras concretas de contenção e drenagem para prevenir riscos climáticos.
50002536314_J0009,nao_relevante,"O trecho menciona Defesa Civil apenas como parte de tecnologia aplicada à segurança pública, sem referência a riscos, desastres ou eventos climáticos.",,,,,,,,,,,,,,,,
50002544692_J0001,nao_relevante,"O trecho trata apenas de violência contra as mulheres, sem menção a riscos naturais ou eventos extremos.",,,,,,,,,,,,,,,,
50002552489_J0001,nao_relevante,O trecho trata apenas de saúde pública e não menciona riscos naturais ou eventos climáticos.,,,,,,,,,,,,,,,,
60002531351_J0001,relevante,"O trecho menciona secas e vulnerabilidade climática, indicando risco climático e necessidade de adaptação.",FALSE,FALSE,FALSE,TRUE,FALSE,FALSE,TRUE,FALSE,FALSE,FALSE,FALSE,FALSE,FALSE,FALSE,2,Aponta necessidade de política permanente sem detalhar ação específica.
60002531351_J0002,relevante,"O trecho menciona explicitamente ""eventos extremos"" e riscos climáticos, qualificando-o como relevante.",FALSE,FALSE,FALSE,FALSE,FALSE,FALSE,FALSE,FALSE,FALSE,FALSE,FALSE,FALSE,FALSE,TRUE,1,Descreve o problema de risco e desastre sem propor solução.
60002531351_J0003,relevante,O trecho menciona adaptação às mudanças climáticas e gestão de riscos hídricos.,TRUE,FALSE,FALSE,TRUE,FALSE,FALSE,FALSE,FALSE,FALSE,FALSE,FALSE,FALSE,FALSE,FALSE,2,"Propõe compromisso de investimento em gestão integrada e adaptação climática, sem detalhar ações concretas."
60002531351_J0004,clima_geral,"O trecho menciona adaptação às mudanças climáticas de forma geral, sem referir eventos extremos ou riscos específicos.",,,,,,,,,,,,,,,,
60002531351_J0005,relevante,"O trecho menciona vulnerabilidade a mudanças climáticas, eventos extremos e a necessidade de prevenir enchentes, caracterizando risco e desastre.",TRUE,FALSE,FALSE,TRUE,TRUE,FALSE,FALSE,FALSE,FALSE,FALSE,FALSE,FALSE,FALSE,FALSE,2,"Apresenta compromisso de preparar cidades para prevenir enchentes e proteger áreas sensíveis, sem detalhar ações específicas."
60002531351_J0006,clima_geral,"O texto menciona apenas a resiliência climática de forma geral, sem citar eventos extremos ou ações específicas de mitigação.",,,,,,,,,,,,,,,,
60002531351_J0007,nao_relevante,"O trecho trata apenas de violência e crimes, sem menção a riscos naturais ou climáticos.",,,,,,,,,,,,,,,,
60002531351_J0008,nao_relevante,"O texto trata apenas de modernização administrativa e controle interno, sem mencionar riscos climáticos, desastres ou agenda ambiental.",,,,,,,,,,,,,,,,
60002533729_J0001,nao_relevante,"O trecho descreve apenas aspectos históricos e sociais do Ceará, sem mencionar riscos, desastres ou agenda climática.",,,,,,,,,,,,,,,,
60002533729_J0002,relevante,"O trecho menciona alagamentos que causam prejuízos, caracterizando um desastre natural.",FALSE,FALSE,FALSE,FALSE,TRUE,FALSE,TRUE,FALSE,FALSE,FALSE,FALSE,FALSE,FALSE,FALSE,1,"As frases citadas descrevem situações de risco (alagamentos, escassez hídrica e potencial dano a indígenas) sem propor ações concretas."
60002533729_J0003,relevante,"O trecho menciona explicitamente ""combatendo a seca"", que é um evento extremo climático, qualificando-o como relevante.",TRUE,FALSE,FALSE,FALSE,FALSE,FALSE,TRUE,FALSE,FALSE,FALSE,FALSE,FALSE,FALSE,FALSE,3,A frase descreve a ação de investir em infraestrutura básica para combater a seca.
60002533729_J0004,relevante,"O trecho menciona eventos extremos como seca, queimadas e desertificação, além da influência das mudanças climáticas, caracterizando riscos naturais.",FALSE,FALSE,FALSE,FALSE,FALSE,FALSE,TRUE,TRUE,FALSE,FALSE,FALSE,FALSE,FALSE,FALSE,1,Apresenta dados e histórico de riscos naturais sem propor solução.
60002533729_J0005,relevante,"O trecho menciona riscos radioativos, contaminação de água e escassez hídrica, que são eventos extremos naturais ou tecnológicos com potencial de desastre.",FALSE,FALSE,FALSE,FALSE,FALSE,FALSE,TRUE,FALSE,FALSE,FALSE,FALSE,FALSE,TRUE,FALSE,1,"Apresenta diagnóstico de escassez hídrica e crítica à atividade que agrava o risco, sem propor solução."
60002533729_J0006,nao_relevante,"O trecho descreve poluição atmosférica e seus efeitos na saúde, mas não menciona eventos extremos, riscos naturais ou ações de mitigação de desastres.",,,,,,,,,,,,,,,,
60002540417_J0001,relevante,O trecho menciona explicitamente a escassez hídrica severa em períodos de seca e impactos da seca e desertificação.,FALSE,FALSE,FALSE,FALSE,FALSE,FALSE,TRUE,FALSE,FALSE,FALSE,FALSE,FALSE,FALSE,FALSE,1,Apresenta dados de risco (seca e escassez hídrica) sem propor solução.
60002540417_J0002,relevante,O trecho menciona explicitamente a erosão costeira como risco que ameaça infraestrutura.,TRUE,FALSE,FALSE,FALSE,FALSE,FALSE,FALSE,FALSE,FALSE,FALSE,TRUE,FALSE,FALSE,FALSE,2,Propõe diretrizes gerais de fortalecimento e prevenção sem detalhar ações concretas.
60002540417_J0003,relevante,"O trecho menciona vulnerabilidade a secas prolongadas, que é um risco climático extremo.",FALSE,FALSE,FALSE,FALSE,FALSE,FALSE,TRUE,FALSE,FALSE,FALSE,FALSE,FALSE,FALSE,FALSE,1,Descreve vulnerabilidade a secas prolongadas sem propor solução.
60002540417_J0004,relevante,"O trecho menciona ""severa escassez hídrica"", indicando vulnerabilidade a risco climático (dúvida de seca).",FALSE,FALSE,FALSE,FALSE,FALSE,FALSE,TRUE,FALSE,FALSE,FALSE,FALSE,FALSE,FALSE,FALSE,1,Apresenta apenas dados de risco (escassez hídrica) sem proposta de ação.
60002540417_J0005,nao_relevante,"O trecho trata apenas de segurança e vigilância, sem menção a riscos naturais ou climáticos.",,,,,,,,,,,,,,,,
60002540417_J0006,relevante,"O trecho menciona a Defesa Civil e proteção, atendendo ao critério de relevância para riscos e desastres.",TRUE,FALSE,FALSE,FALSE,FALSE,FALSE,FALSE,FALSE,FALSE,FALSE,FALSE,FALSE,FALSE,FALSE,2,"Inclui a defesa civil e proteção como componente curricular, sem detalhar ações concretas."
60002540417_J0008,relevante,"O trecho menciona ""Vigidesastres"", que indica monitoramento e gestão de riscos e desastres, enquadrando-se como ação relevante em risco climático ou desastre.",TRUE,FALSE,FALSE,FALSE,FALSE,FALSE,FALSE,FALSE,FALSE,FALSE,FALSE,FALSE,FALSE,TRUE,2,Apresenta a criação de unidades (UVZs e Vigidesastres) sem detalhar ações específicas.
60002540417_J0009,relevante,"O trecho menciona escassez hídrica severa, indicando risco climático e vulnerabilidade a eventos extremos de água.",FALSE,FALSE,FALSE,FALSE,FALSE,FALSE,TRUE,FALSE,FALSE,FALSE,FALSE,FALSE,FALSE,FALSE,1,Apresenta dados de escassez hídrica sem propor solução.
60002543969_J0001,relevante,"O trecho menciona explicitamente ""adaptação às mudanças climáticas"", que é uma expressão de risco climático e adaptação, qualificando-o como relevante.",FALSE,FALSE,FALSE,FALSE,FALSE,FALSE,FALSE,FALSE,FALSE,FALSE,FALSE,FALSE,FALSE,TRUE,2,Apresenta um compromisso de governança e adaptação às mudanças climáticas sem detalhar ações específicas.
60002543969_J0002,relevante,"O trecho menciona explicitamente a mitigação de impactos do Grande El Niño, um evento climático extremo.",FALSE,FALSE,FALSE,FALSE,FALSE,FALSE,FALSE,FALSE,FALSE,FALSE,FALSE,FALSE,FALSE,TRUE,2,Propõe compromisso de mitigar impactos do Grande El Niño sem detalhar ação específica.
60002543969_J0003,clima_geral,"O trecho menciona apenas ""mudanças climáticas"" de forma geral, sem citar eventos extremos, riscos ou medidas específicas.",,,,,,,,,,,,,,,,
60002543969_J0004,clima_geral,"O trecho menciona mudanças climáticas e transição energética de forma geral, sem referir a eventos extremos ou riscos específicos.",,,,,,,,,,,,,,,,
60002543969_J0005,clima_geral,"O trecho menciona apenas a transição energética e adaptação às mudanças climáticas de forma geral, sem citar eventos extremos ou riscos específicos.",,,,,,,,,,,,,,,,
60002543969_J0006,relevante,"O trecho menciona adaptação a eventos extremos e mitigação de impactos climáticos, atendendo aos critérios de risco/clima.",TRUE,FALSE,FALSE,TRUE,FALSE,FALSE,FALSE,FALSE,FALSE,FALSE,FALSE,FALSE,FALSE,TRUE,2,"A frase propõe um compromisso geral de intensificar ações de enfrentamento e adaptação, sem detalhar medidas específicas."
60002543969_J0007,relevante,O trecho menciona explicitamente a adaptação às mudanças climáticas.,TRUE,FALSE,FALSE,FALSE,FALSE,FALSE,FALSE,FALSE,FALSE,FALSE,FALSE,FALSE,FALSE,TRUE,2,"Propõe apoio técnico e capacitação para adaptação climática, sem detalhar ações concretas."
60002543969_J0008,relevante,"O trecho menciona explicitamente a Defesa Civil, planos de proteção e resposta a desastres associados às mudanças climáticas.",TRUE,TRUE,FALSE,FALSE,FALSE,FALSE,FALSE,FALSE,FALSE,FALSE,FALSE,FALSE,FALSE,TRUE,3,"Ação concreta de implementar o Plano Estadual de Proteção e Defesa Civil, sem metas ou quantificações."
60002543969_J0009,relevante,"O trecho menciona explicitamente a implementação do Plano Estadual de Proteção e Defesa Civil com foco em prevenção, mitigação, preparação e resposta a desastres e impactos das mudanças climáticas.",TRUE,TRUE,FALSE,FALSE,FALSE,FALSE,FALSE,FALSE,FALSE,FALSE,FALSE,FALSE,FALSE,TRUE,3,"Propõe implementar um plano de proteção e defesa civil, sem detalhes específicos ou metas."
60002543969_J0010,relevante,O trecho menciona explicitamente a adaptação e resiliência climática na agricultura.,FALSE,FALSE,FALSE,TRUE,FALSE,FALSE,FALSE,FALSE,FALSE,FALSE,FALSE,FALSE,FALSE,TRUE,3,Descreve ações concretas para tornar a agricultura resiliente ao clima.
60002543969_J0011,clima_geral,"O trecho menciona adaptação e resiliência climática de forma geral, sem citar eventos extremos ou riscos específicos.",,,,,,,,,,,,,,,,
60002543969_J0012,relevante,"O trecho menciona prevenção, adaptação e resposta a eventos extremos, indicando foco em riscos climáticos.",TRUE,TRUE,FALSE,TRUE,FALSE,FALSE,FALSE,FALSE,FALSE,FALSE,FALSE,FALSE,FALSE,TRUE,2,"Compromisso de ampliar investimentos em infraestrutura resiliente e monitoramento ambiental para prevenção, adaptação e resposta a eventos extremos."
60002543969_J0013,clima_geral,"O trecho menciona apenas a adaptação às mudanças climáticas de forma geral, sem citar eventos extremos ou riscos específicos.",,,,,,,,,,,,,,,,
60002543969_J0014,relevante,"O trecho menciona explicitamente prevenção, monitoramento, alerta e resposta a eventos climáticos extremos, como incêndios florestais, além de estratégias para reduzir vulnerabilidades e proteger populações expostas a riscos climáticos.",TRUE,TRUE,TRUE,TRUE,FALSE,FALSE,FALSE,TRUE,FALSE,FALSE,FALSE,FALSE,FALSE,FALSE,3,Consolidação e ampliação do Programa Estadual de Prevenção e Combate aos Incêndios Florestais constitui uma ação concreta sobre risco e desastre.
60002543969_J0015,relevante,"O trecho menciona explicitamente erosão costeira, elevação do nível do mar, inundações e outros eventos extremos, além de planos de monitoramento, alerta e gestão adaptativa.",TRUE,FALSE,FALSE,FALSE,TRUE,FALSE,FALSE,FALSE,FALSE,FALSE,TRUE,FALSE,FALSE,FALSE,3,Consolidação de programa de resiliência costeira é uma ação concreta sobre risco e desastre.
60002543969_J0016,relevante,"O trecho menciona explicitamente ""adaptação às mudanças climáticas"" e medidas de segurança hídrica, caracterizando adaptação climática.",TRUE,FALSE,FALSE,TRUE,FALSE,FALSE,FALSE,FALSE,FALSE,FALSE,FALSE,FALSE,FALSE,FALSE,0,O trecho menciona temas de água e meio ambiente sem abordar explicitamente riscos ou desastres.
60002543969_J0017,relevante,"O trecho menciona explicitamente a gestão de riscos e áreas suscetíveis a inundações, alagamentos e deslizamentos.",TRUE,FALSE,FALSE,FALSE,TRUE,TRUE,FALSE,FALSE,FALSE,FALSE,FALSE,FALSE,FALSE,FALSE,3,Ação concreta de fortalecer mapeamento permanente de áreas suscetíveis a riscos ambientais.
60002543969_J0018,relevante,"O trecho menciona explicitamente a redução dos riscos de inundações e alagamentos, o que caracteriza um risco ou desastre natural.",TRUE,FALSE,FALSE,TRUE,TRUE,TRUE,FALSE,FALSE,FALSE,FALSE,FALSE,FALSE,FALSE,FALSE,2,"Propõe compromisso de adoção de soluções, sem ação concreta ou meta."
60002543969_J0019,relevante,"O trecho menciona explicitamente emergências climáticas, gestão de riscos climáticos e Defesas Civis, atendendo aos critérios de risco/desastre.",TRUE,FALSE,FALSE,FALSE,FALSE,FALSE,FALSE,FALSE,FALSE,FALSE,FALSE,FALSE,FALSE,TRUE,3,Ações concretas de desenvolvimento de protocolos e fortalecimento das Defesas Civis são descritas.
60002543969_J0020,clima_geral,"O trecho menciona mudanças climáticas de forma geral, sem referir a eventos extremos ou riscos específicos.",,,,,,,,,,,,,,,,
60002549967_J0001,relevante,O trecho menciona vulnerabilidade a eventos climáticos (seca) e redução do fluxo dos rios.,FALSE,FALSE,FALSE,FALSE,FALSE,FALSE,TRUE,FALSE,FALSE,FALSE,FALSE,FALSE,FALSE,FALSE,1,Descreve o problema dos rios com fluxo reduzido na seca.
60002549967_J0002,relevante,"O trecho menciona eventos climáticos extremos como secas, enchentes e ondas de calor, que são desastres naturais.",FALSE,FALSE,FALSE,FALSE,TRUE,FALSE,TRUE,FALSE,TRUE,FALSE,TRUE,FALSE,FALSE,FALSE,1,Apresenta apenas a descrição de eventos e impactos ambientais sem propor solução.
60002549967_J0003,relevante,"O trecho menciona explicitamente riscos climáticos e desastres naturais como desertificação, erosão costeira, irregularidade das chuvas e escassez hídrica.",FALSE,FALSE,FALSE,FALSE,FALSE,FALSE,TRUE,TRUE,FALSE,FALSE,TRUE,FALSE,FALSE,FALSE,1,Descreve problemas de risco sem propor solução.
60002549967_J0004,relevante,"O texto menciona moradias em ""áreas de risco"", o que indica vulnerabilidade a eventos extremos naturais.",FALSE,FALSE,FALSE,FALSE,FALSE,FALSE,FALSE,FALSE,FALSE,FALSE,FALSE,FALSE,FALSE,FALSE,0,Cita risco de moradias em áreas de risco sem propor solução concreta.
60002549967_J0005,relevante,O trecho menciona explicitamente enchentes e alagamentos como catástrofes.,TRUE,FALSE,FALSE,FALSE,TRUE,FALSE,FALSE,FALSE,FALSE,FALSE,FALSE,FALSE,FALSE,FALSE,1,Descreve o problema de construções que provocam enchentes e catástrofes sem propor solução.
60002549967_J0006,relevante,"O trecho menciona ""área de risco"", o que entra na lista de expressões que indicam risco ou vulnerabilidade a eventos extremos.",TRUE,FALSE,FALSE,FALSE,FALSE,FALSE,FALSE,FALSE,FALSE,FALSE,FALSE,FALSE,FALSE,FALSE,2,"Propõe compromisso de moradia para famílias em áreas de risco, sem ação específica."
60002549967_J0007,nao_relevante,"O trecho menciona apenas risco social e criminal, não eventos naturais ou climáticos.",,,,,,,,,,,,,,,,
60002552320_J0001,nao_relevante,O trecho trata apenas de saúde pública e não menciona riscos naturais ou eventos climáticos.,,,,,,,,,,,,,,,,
60002553922_J0001,relevante,"O trecho menciona a seca, um evento extremo natural.",FALSE,FALSE,FALSE,FALSE,FALSE,FALSE,TRUE,FALSE,FALSE,FALSE,FALSE,FALSE,FALSE,FALSE,0,"A frase apenas menciona desafios sem detalhar diagnóstico, diretriz ou ação concreta."
60002553922_J0002,nao_relevante,"O trecho menciona apenas gestão de riscos em contratos públicos, sem referência a eventos extremos, desastres ou agenda climática.",,,,,,,,,,,,,,,,
60002553922_J0003,relevante,"O trecho menciona ""Combate às queimadas"", que é um evento extremo e risco de desastre natural, qualificando-o como relevante.",FALSE,FALSE,FALSE,FALSE,FALSE,FALSE,FALSE,TRUE,FALSE,FALSE,FALSE,FALSE,FALSE,FALSE,2,Aponta compromisso de combater queimadas e enfrentar mudanças climáticas sem detalhar ações concretas.
70002547775_J0001,relevante,"O trecho menciona defesa civil e prevenção/resposta a incêndios, indicando risco de desastre.",FALSE,FALSE,FALSE,FALSE,FALSE,FALSE,FALSE,FALSE,FALSE,FALSE,FALSE,FALSE,FALSE,FALSE,0,Nenhuma frase marcada menciona risco ou desastre.
70002547775_J0002,relevante,"O trecho menciona explicitamente ""emergência climática"", que é um evento extremo natural, qualificando-o como relevante.",FALSE,FALSE,FALSE,FALSE,FALSE,FALSE,FALSE,FALSE,FALSE,FALSE,FALSE,FALSE,FALSE,TRUE,1,"Menciona emergência climática como condição que exige resposta, sem propor ação específica."
70002547775_J0003,nao_relevante,"O trecho trata apenas da gestão financeira e resiliência fiscal, sem mencionar riscos climáticos ou desastres.",,,,,,,,,,,,,,,,
70002547775_J0004,nao_relevante,"O trecho trata apenas de transformação digital e cibersegurança, sem mencionar riscos naturais ou eventos extremos.",,,,,,,,,,,,,,,,
70002547775_J0005,nao_relevante,"O trecho trata apenas de prevenção ao suicídio, sem mencionar riscos naturais ou climáticos.",,,,,,,,,,,,,,,,
70002547775_J0006,nao_relevante,O trecho trata apenas de vulnerabilidades sociais e não menciona riscos climáticos ou desastres.,,,,,,,,,,,,,,,,
70002547775_J0007,nao_relevante,"O trecho trata apenas de políticas sociais e não menciona riscos naturais, desastres ou agenda climática.",,,,,,,,,,,,,,,,
70002547775_J0008,nao_relevante,"O texto trata apenas de serviços sociais e não menciona risco, desastre ou clima.",,,,,,,,,,,,,,,,
70002547775_J0009,nao_relevante,O trecho trata apenas de assistência social e emergências humanas sem mencionar riscos naturais ou eventos climáticos.,,,,,,,,,,,,,,,,
70002547775_J0010,relevante,"O trecho menciona ""calamidades"" e a necessidade de respostas coordenadas, indicando risco/disastro.",FALSE,TRUE,FALSE,FALSE,FALSE,FALSE,FALSE,FALSE,FALSE,FALSE,FALSE,FALSE,FALSE,TRUE,2,"Proposta de compromisso e articulação entre políticas públicas para responder a calamidades, sem ação concreta."
70002547775_J0011,relevante,"O trecho menciona explicitamente enchentes, incêndios e deslizamentos como eventos climáticos extremos e descreve ações de resposta.",FALSE,TRUE,TRUE,FALSE,TRUE,TRUE,FALSE,TRUE,FALSE,FALSE,FALSE,FALSE,FALSE,FALSE,2,"Proposta de compromisso para fortalecer a capacidade de resposta a desastres, sem ação específica identificável."
70002547775_J0012,relevante,"O trecho menciona explicitamente apoio pós‑desastre e reconstrução, indicando ação em resposta a eventos extremos.",FALSE,FALSE,TRUE,FALSE,FALSE,FALSE,FALSE,FALSE,FALSE,FALSE,FALSE,FALSE,FALSE,TRUE,3,Descreve uma ação de apoio pós‑desastre sem metas ou valores.
70002547775_J0013,relevante,"O trecho menciona ""gestão de riscos"" e ""adaptação às mudanças climáticas"", que são expressões incluídas na lista de risco/disastro, portanto classifica como relevante.",TRUE,FALSE,FALSE,TRUE,FALSE,FALSE,FALSE,FALSE,FALSE,FALSE,FALSE,FALSE,FALSE,TRUE,2,Inclui critérios de gestão de riscos e adaptação climática sem especificar ações concretas.
70002547775_J0014,relevante,"O trecho menciona explicitamente ""os riscos climáticos"", atendendo ao critério de relevância.",FALSE,FALSE,FALSE,FALSE,FALSE,FALSE,FALSE,FALSE,FALSE,FALSE,FALSE,FALSE,FALSE,TRUE,2,Compromisso de preparar o DF para riscos climáticos sem ação específica.
70002547775_J0015,nao_relevante,O texto trata apenas de gestão patrimonial e planejamento orçamentário sem mencionar riscos ou eventos climáticos.,,,,,,,,,,,,,,,,
70002547775_J0016,relevante,"O trecho menciona explicitamente enchente, risco e defesa civil.",TRUE,FALSE,FALSE,FALSE,TRUE,FALSE,FALSE,FALSE,FALSE,FALSE,FALSE,FALSE,FALSE,FALSE,3,"Implantação do Programa DF Infraestrutura do Futuro é uma ação concreta para prevenir e responder a riscos de enchentes, deterioração de vias e pontes."
70002547775_J0017,relevante,"O trecho menciona defesa civil e respostas a riscos e eventos extremos, indicando gestão de risco e desastre.",TRUE,FALSE,FALSE,FALSE,FALSE,FALSE,FALSE,FALSE,FALSE,FALSE,FALSE,FALSE,FALSE,TRUE,2,"Declara compromisso de responder mais rapidamente a riscos e eventos extremos, sem detalhar ação específica."
70002547775_J0018,relevante,"O trecho menciona risco de desabastecimento em períodos de seca, um evento extremo climático.",TRUE,FALSE,FALSE,FALSE,FALSE,FALSE,TRUE,FALSE,FALSE,FALSE,FALSE,FALSE,FALSE,FALSE,2,Declara um compromisso de reduzir risco sem especificar ação concreta.
70002547775_J0019,relevante,"O trecho menciona explicitamente ""a adaptação às mudanças climáticas"", que é uma referência direta a risco climático e medidas de mitigação.",FALSE,FALSE,TRUE,TRUE,FALSE,FALSE,FALSE,FALSE,FALSE,FALSE,FALSE,FALSE,FALSE,FALSE,0,Cita proteção ambiental sem detalhar risco ou desastre.
70002547775_J0020,relevante,"O trecho menciona explicitamente incêndios florestais e vulnerabilidade, que são eventos extremos naturais.",TRUE,FALSE,TRUE,FALSE,FALSE,FALSE,FALSE,TRUE,FALSE,FALSE,FALSE,FALSE,FALSE,FALSE,2,"As frases citadas apresentam compromissos de fortalecimento e integração, mas não descrevem ações concretas ou metas específicas sobre risco e desastre."
70002547775_J0021,relevante,O trecho menciona explicitamente eventos extremos e medidas de adaptação climática.,TRUE,FALSE,FALSE,TRUE,TRUE,FALSE,TRUE,TRUE,FALSE,FALSE,FALSE,FALSE,FALSE,FALSE,3,Descreve ações concretas de infraestrutura e gestão para enfrentar riscos climáticos.
70002547775_J0022,relevante,"O texto menciona explicitamente riscos de infraestruturas críticas e a necessidade de prevenção, monitoramento e resposta, alinhado à Defesa Civil.",TRUE,FALSE,FALSE,FALSE,FALSE,FALSE,FALSE,FALSE,FALSE,FALSE,FALSE,TRUE,FALSE,FALSE,2,Proposta de diretrizes e políticas sem ações concretas ou metas.
70002547775_J0023,relevante,"O trecho menciona explicitamente Defesa Civil, riscos, eventos climáticos e desastres.",TRUE,TRUE,FALSE,FALSE,FALSE,FALSE,FALSE,TRUE,FALSE,FALSE,FALSE,FALSE,FALSE,FALSE,3,"Descreve ações concretas (sistema de chamadas, drones, equipamentos) para prevenção e resposta a riscos e desastres."
70002547775_J0024,relevante,O trecho menciona explicitamente enchentes e incêndios como situações críticas a serem gerenciadas.,TRUE,FALSE,FALSE,FALSE,TRUE,FALSE,FALSE,TRUE,FALSE,FALSE,FALSE,FALSE,FALSE,FALSE,2,"Propõe compromisso de capacitar moradores para agir sem risco, sem detalhar ação específica."
70002551557_J0001,relevante,"O trecho menciona eventos climáticos extremos e riscos de enchentes, além da adaptação climática.",TRUE,FALSE,FALSE,FALSE,TRUE,FALSE,TRUE,FALSE,FALSE,FALSE,FALSE,FALSE,FALSE,FALSE,2,"A frase sobre universalizar serviços de água e esgoto estabelece uma diretriz política, enquanto a outra apenas diagnostica riscos."
70002551557_J0002,relevante,"O trecho menciona prevenção de alagamentos, plano de drenagem e adaptação climática.",TRUE,FALSE,FALSE,TRUE,TRUE,FALSE,FALSE,FALSE,FALSE,FALSE,FALSE,FALSE,FALSE,FALSE,3,Descreve ação concreta de atualizar e executar plano de drenagem para prevenir alagamentos.
70002551557_J0003,relevante,"O trecho menciona explicitamente menor ocorrência de alagamentos, indicando risco e desastre natural.",TRUE,FALSE,FALSE,FALSE,TRUE,FALSE,FALSE,FALSE,FALSE,FALSE,FALSE,FALSE,FALSE,FALSE,2,Declara compromisso de reduzir alagamentos e aumentar resiliência urbana sem especificar ação concreta.
70002551557_J0004,relevante,"O trecho menciona explicitamente incêndios e eventos climáticos extremos, indicando risco/desastre natural.",FALSE,FALSE,FALSE,FALSE,FALSE,FALSE,FALSE,TRUE,FALSE,FALSE,FALSE,FALSE,FALSE,FALSE,1,Apresenta problemas de risco e desastre sem propor solução.
70002551557_J0005,relevante,"O trecho menciona explicitamente eventos extremos como incêndios, secas e enchentes, além de segurança hídrica e defesa civil.",TRUE,TRUE,FALSE,FALSE,TRUE,FALSE,TRUE,TRUE,FALSE,FALSE,FALSE,FALSE,FALSE,FALSE,2,"Propõe compromisso geral de atualizar políticas e fortalecer prevenção, sem ação específica identificável."
70002551557_J0006,clima_geral,"O trecho menciona ""resiliência climática"" de forma geral, sem referir a eventos extremos ou ações específicas de mitigação.",,,,,,,,,,,,,,,,
70002551557_J0007,nao_relevante,"O texto trata apenas de eficiência administrativa e controle interno, sem mencionar risco climático, desastre ou adaptação climática.",,,,,,,,,,,,,,,,
70002551557_J0008,relevante,"O trecho menciona explicitamente um plano emergencial de prevenção de alagamentos e envolve a Defesa Civil, indicando gestão de risco e desastre.",TRUE,FALSE,FALSE,FALSE,TRUE,FALSE,FALSE,FALSE,FALSE,FALSE,FALSE,FALSE,FALSE,FALSE,3,"Publica plano emergencial e cria mesa de governança, ações concretas sobre risco e desastre."
70002551557_J0009,relevante,"O trecho menciona ""defesa civil"", que é uma expressão da lista de risco e desastre, tornando-o relevante.",FALSE,FALSE,FALSE,FALSE,FALSE,FALSE,FALSE,FALSE,FALSE,FALSE,FALSE,FALSE,FALSE,TRUE,0,"A frase apenas cita o tema de defesa civil sem indicar diagnóstico, diretriz ou ação específica."
70002552341_J0001,nao_relevante,O trecho trata apenas de saúde pública e não menciona riscos naturais ou eventos climáticos.,,,,,,,,,,,,,,,,
70002552496_J0001,relevante,"O trecho menciona explicitamente adaptação climática, prevenção de desastres e resposta a eventos extremos em áreas de risco.",TRUE,TRUE,FALSE,TRUE,TRUE,FALSE,TRUE,FALSE,TRUE,FALSE,FALSE,FALSE,FALSE,FALSE,2,Apresenta compromisso de priorizar mulheres em áreas de risco sem detalhar ações concretas.
70002552496_J0002,nao_relevante,"O trecho trata apenas de políticas educacionais e sociais, sem menção a riscos naturais ou climáticos.",,,,,,,,,,,,,,,,
70002552496_J0003,relevante,"O trecho menciona explicitamente ""adaptação climática"", que é uma expressão de risco climático.",TRUE,FALSE,FALSE,TRUE,FALSE,FALSE,FALSE,FALSE,FALSE,FALSE,FALSE,FALSE,FALSE,FALSE,2,Propõe compromisso de adaptação climática sem ação específica.
70002552496_J0004,relevante,"O trecho menciona ""proteção e defesa civil"", que é uma expressão da lista de risco/clima.",FALSE,FALSE,FALSE,FALSE,FALSE,FALSE,FALSE,FALSE,FALSE,FALSE,FALSE,FALSE,FALSE,TRUE,2,Cita a Defesa Civil como eixo sem detalhar ação específica.
70002552496_J0005,relevante,"O texto menciona drenagem contra alagamentos, adaptação às mudanças climáticas e riscos geotécnicos, o que indica foco em desastres naturais e gestão de risco.",TRUE,FALSE,FALSE,TRUE,TRUE,FALSE,TRUE,TRUE,FALSE,FALSE,FALSE,FALSE,FALSE,FALSE,1,Apresenta apenas descrições dos problemas de risco e desastre sem propor ações concretas.
70002552496_J0006,relevante,"O trecho menciona alagamentos, desastres e adaptações climáticas específicas.",TRUE,FALSE,FALSE,TRUE,TRUE,FALSE,FALSE,FALSE,FALSE,FALSE,FALSE,FALSE,FALSE,FALSE,3,"Apresenta ações concretas de drenagem, uso de soluções baseadas na natureza e fundos para resiliência."
70002552496_J0007,relevante,"O trecho menciona prevenção de queimadas, que são eventos extremos e riscos climáticos.",TRUE,FALSE,FALSE,FALSE,FALSE,FALSE,FALSE,TRUE,FALSE,FALSE,FALSE,FALSE,FALSE,FALSE,3,"Apresenta ações concretas de restauração, combate ao desmatamento e prevenção de queimadas."
70002552496_J0008,relevante,"O trecho menciona ""mapeamento de risco"", indicando atenção a riscos e sua gestão.",TRUE,FALSE,FALSE,FALSE,FALSE,FALSE,FALSE,FALSE,FALSE,FALSE,FALSE,FALSE,FALSE,FALSE,2,"Propõe integrar mapeamento de risco ao planejamento, sem ação concreta ou meta."
70002552496_J0009,relevante,"O trecho menciona explicitamente ""adaptação climática"", que é uma ação de mitigação e resposta a riscos climáticos.",FALSE,FALSE,FALSE,TRUE,FALSE,FALSE,FALSE,FALSE,FALSE,FALSE,FALSE,FALSE,FALSE,FALSE,0,Apenas menciona adaptação climática sem detalhar ações ou metas específicas de risco e desastre.
70002552496_J0010,relevante,"O trecho menciona explicitamente o monitoramento de queimadas, que são eventos extremos e riscos naturais.",TRUE,FALSE,FALSE,FALSE,FALSE,FALSE,FALSE,TRUE,FALSE,FALSE,FALSE,FALSE,FALSE,FALSE,3,"A frase indica a implementação de um sistema de monitoramento de queimadas, que é uma ação concreta sobre risco e desastre."
70002552965_J0001,relevante,"O trecho menciona explicitamente adaptação climática, riscos e eventos extremos como enchentes, secas e incêndios.",TRUE,FALSE,FALSE,TRUE,FALSE,FALSE,TRUE,TRUE,TRUE,FALSE,FALSE,FALSE,FALSE,FALSE,2,Propõe diretrizes de adaptação climática sem detalhar ações concretas.
70002552965_J0002,nao_relevante,"O trecho menciona a Defesa Civil apenas como parte da integração de segurança pública, sem referir riscos, desastres ou adaptações climáticas.",,,,,,,,,,,,,,,,
70002553055_J0001,nao_relevante,"O trecho trata apenas de segurança pública e não menciona riscos naturais, desastres ou agenda climática.",,,,,,,,,,,,,,,,
70002553055_J0002,nao_relevante,"O trecho não menciona riscos naturais, desastres ou ações de adaptação climática.",,,,,,,,,,,,,,,,
70002553055_J0003,relevante,"O trecho menciona a manutenção e modernização do sistema de drenagem pluvial para prevenir alagamentos, o que envolve risco de inundação.",TRUE,FALSE,FALSE,FALSE,TRUE,FALSE,FALSE,FALSE,FALSE,FALSE,FALSE,FALSE,FALSE,FALSE,3,Descreve ações concretas de prevenção de alagamentos via drenagem.
70002553055_J0004,relevante,"O trecho menciona preparação para eventos climáticos extremos, o que indica foco em riscos e desastres naturais.",TRUE,FALSE,FALSE,TRUE,FALSE,FALSE,FALSE,FALSE,FALSE,FALSE,FALSE,FALSE,FALSE,TRUE,2,Propõe compromissos de fortalecimento e preparação para eventos climáticos extremos sem detalhar ações concretas.
70002553055_J0005,relevante,"O trecho menciona vulnerabilidade a calor e alagamentos, adaptações climáticas e medidas de prevenção de riscos naturais.",TRUE,FALSE,FALSE,TRUE,TRUE,FALSE,FALSE,FALSE,TRUE,FALSE,FALSE,FALSE,FALSE,FALSE,3,"Propõe expansão de infraestrutura verde para reduzir calor, alagamentos e erosão."
70002553055_J0006,nao_relevante,"O texto trata apenas de gestão financeira e governança do banco, sem mencionar riscos climáticos ou desastres.",,,,,,,,,,,,,,,,
70002553055_J0007,relevante,"O trecho menciona explicitamente defesa civil, gestão de riscos e respostas a emergências e eventos climáticos extremos.",TRUE,TRUE,FALSE,FALSE,FALSE,FALSE,FALSE,FALSE,FALSE,FALSE,FALSE,FALSE,FALSE,TRUE,2,Proposta de cooperação e coordenação sem ação específica.
70002553055_J0008,nao_relevante,O texto trata apenas de gestão administrativa e fiscal sem mencionar riscos climáticos ou desastres.,,,,,,,,,,,,,,,,
80002541012_J0001,relevante,"O trecho menciona explicitamente riscos em áreas de encosta e outras situações de risco, qualificando-o como relevante.",TRUE,FALSE,FALSE,FALSE,FALSE,FALSE,FALSE,FALSE,FALSE,FALSE,FALSE,FALSE,FALSE,TRUE,3,Realocação de moradores de favelas em áreas de risco é uma ação concreta sobre risco e desastre.
80002541012_J0002,relevante,"O trecho menciona explicitamente áreas sujeitas a deslizamentos e alagamentos, indicando risco de desastre natural.",TRUE,FALSE,FALSE,FALSE,TRUE,TRUE,FALSE,FALSE,FALSE,FALSE,FALSE,FALSE,FALSE,FALSE,1,Descreve áreas de risco sem propor solução.
80002541012_J0003,nao_relevante,"O trecho menciona apenas áreas de risco em geral, sem referência a eventos extremos naturais ou ações específicas de defesa civil.",,,,,,,,,,,,,,,,
80002541012_J0004,nao_relevante,"O trecho descreve problemas de infraestrutura e congestionamento, sem mencionar eventos extremos naturais, riscos climáticos ou desastres.",,,,,,,,,,,,,,,,
80002541012_J0005,nao_relevante,"O trecho trata apenas de desempenho educacional, sem mencionar riscos naturais, desastres ou agenda climática.",,,,,,,,,,,,,,,,
80002550832_J0001,relevante,O trecho menciona explicitamente o rompimento de barragem e seus impactos como desastre ambiental.,FALSE,FALSE,FALSE,FALSE,FALSE,FALSE,FALSE,FALSE,FALSE,FALSE,FALSE,TRUE,FALSE,FALSE,1,Descreve o desastre e seus impactos sem propor solução.
80002550832_J0002,relevante,"O trecho menciona explicitamente um Programa de Prevenção de Queimadas, que é uma medida contra eventos extremos naturais.",TRUE,FALSE,FALSE,FALSE,FALSE,FALSE,FALSE,TRUE,FALSE,FALSE,FALSE,FALSE,FALSE,FALSE,3,Programa criado para prevenir queimadas.
80002551833_J0001,clima_geral,"O trecho menciona apenas a mudança climática de forma geral, sem citar eventos extremos ou medidas específicas de adaptação.",,,,,,,,,,,,,,,,
80002551833_J0002,relevante,"O trecho menciona o desastre do rompimento da barragem de Fundão e outras consequências ambientais, caracterizando risco e evento extremo.",FALSE,FALSE,TRUE,FALSE,FALSE,FALSE,FALSE,FALSE,FALSE,FALSE,FALSE,TRUE,FALSE,FALSE,2,"A frase indica compromisso e diretrizes gerais, sem detalhar ações concretas."
80002551833_J0003,relevante,O trecho menciona adaptação climática e medidas para enfrentar riscos de estiagem e desertificação.,TRUE,FALSE,FALSE,TRUE,FALSE,FALSE,TRUE,FALSE,FALSE,FALSE,FALSE,FALSE,FALSE,FALSE,2,"Apresenta diretrizes para fortalecer infraestrutura hídrica e intensificar plano de adaptação, sem especificar ações concretas."
80002551833_J0004,relevante,O trecho menciona explicitamente enfrentar eventos climáticos extremos e desastres como o desastre de Mariana e El Niño.,TRUE,FALSE,FALSE,FALSE,FALSE,FALSE,FALSE,FALSE,FALSE,FALSE,FALSE,TRUE,FALSE,FALSE,3,Ação concreta de fortalecer a rede de saúde para enfrentar eventos climáticos e desastres.
80002551833_J0005,relevante,"O trecho menciona explicitamente ações de contenção e drenagem para prevenir enchentes, alagamentos e inundações, além da atuação da Defesa Civil.",TRUE,FALSE,FALSE,FALSE,TRUE,FALSE,FALSE,FALSE,FALSE,FALSE,FALSE,FALSE,FALSE,FALSE,2,"Afirmação de compromisso geral para ações de prevenção e apoio à Defesa Civil, sem detalhar programas ou metas específicas."
80002551833_J0006,relevante,O trecho menciona explicitamente que as mudanças climáticas aumentam riscos territoriais.,FALSE,FALSE,FALSE,FALSE,FALSE,FALSE,FALSE,FALSE,FALSE,FALSE,FALSE,FALSE,FALSE,TRUE,1,"A frase descreve que as mudanças climáticas aumentam riscos territoriais, sem propor solução."
80002552172_J0001,relevante,"O trecho menciona explicitamente ""Adaptação Climática"" e ""Gestão de Riscos e Desastres"", indicando foco em riscos climáticos e desastres.",FALSE,FALSE,FALSE,FALSE,FALSE,FALSE,FALSE,FALSE,FALSE,FALSE,FALSE,FALSE,FALSE,TRUE,0,Título apenas menciona risco e desastre sem detalhes.
80002552172_J0002,relevante,"O trecho menciona ""eventos climáticos extremos"", o que entra na lista de eventos extremos naturais, tornando-o relevante.",FALSE,FALSE,FALSE,FALSE,FALSE,FALSE,FALSE,FALSE,FALSE,FALSE,FALSE,FALSE,FALSE,TRUE,1,"Apresenta eventos adversos (pandemia, extremos climáticos) como problemas sem propor solução."
80002552172_J0003,clima_geral,"O trecho menciona apenas mudanças climáticas de forma geral, sem citar eventos extremos, riscos ou adaptações específicas.",,,,,,,,,,,,,,,,
80002552172_J0004,relevante,"O trecho menciona explicitamente prevenção, resposta a desastres e adaptação climática.",TRUE,TRUE,FALSE,TRUE,FALSE,FALSE,FALSE,FALSE,FALSE,FALSE,FALSE,FALSE,FALSE,TRUE,2,Declara compromisso geral de integrar várias áreas sem especificar ações concretas.
80002552172_J0005,clima_geral,"O trecho menciona apenas a mudança climática de forma geral, sem citar eventos extremos ou ações específicas de adaptação.",,,,,,,,,,,,,,,,
80002552172_J0006,relevante,"O trecho menciona explicitamente ""eventos climáticos extremos"" como foco de estratégias.",TRUE,FALSE,FALSE,FALSE,FALSE,FALSE,FALSE,FALSE,FALSE,FALSE,FALSE,FALSE,FALSE,TRUE,0,"A frase menciona riscos de epidemias e eventos climáticos extremos, mas esses temas são excluídos do escopo (saúde pública)."
80002552172_J0007,clima_geral,"O trecho menciona apenas os impactos gerais das mudanças climáticas na saúde, sem citar eventos extremos ou medidas de adaptação específicas.",,,,,,,,,,,,,,,,
80002552172_J0008,relevante,"O trecho menciona explicitamente ""regiões atingidas por desastres naturais"", o que atende ao critério de relevância.",FALSE,FALSE,TRUE,FALSE,FALSE,FALSE,FALSE,FALSE,FALSE,FALSE,FALSE,FALSE,FALSE,TRUE,3,Ação concreta de reutilizar imóveis públicos em regiões afetadas por desastres.
80002552172_J0009,nao_relevante,"O texto trata apenas de infra‑estrutura viária e fiscalização de trânsito, sem mencionar riscos climáticos ou desastres naturais.",,,,,,,,,,,,,,,,
80002552172_J0010,nao_relevante,"O trecho não menciona eventos extremos, riscos naturais ou ações de adaptação climática.",,,,,,,,,,,,,,,,
80002552172_J0011,relevante,"O trecho menciona a necessidade de ampliar reservas de água e modernizar irrigação para aumentar a resiliência frente às mudanças climáticas, o que constitui uma ação explícita de adaptação climática.",TRUE,FALSE,FALSE,TRUE,FALSE,FALSE,FALSE,FALSE,FALSE,FALSE,FALSE,FALSE,FALSE,FALSE,3,"Propõe ações concretas (reservação de água, irrigação e sistemas resilientes) para lidar com risco climático."
80002552172_J0012,relevante,"O trecho menciona explicitamente ""gestão de riscos"", que está na lista de termos que indicam foco em risco e desastre.",TRUE,FALSE,FALSE,TRUE,FALSE,FALSE,FALSE,FALSE,FALSE,FALSE,FALSE,FALSE,FALSE,FALSE,2,A frase propõe uma diretriz de adaptação climática sem detalhar ações concretas.
80002552172_J0013,clima_geral,"O trecho menciona adaptação climática e segurança hídrica de forma geral, sem referir a eventos extremos ou riscos específicos.",,,,,,,,,,,,,,,,
80002552172_J0014,relevante,"O trecho menciona explicitamente riscos de enchentes, desastres e medidas de resiliência climática.",TRUE,FALSE,FALSE,FALSE,TRUE,FALSE,FALSE,FALSE,FALSE,FALSE,FALSE,FALSE,FALSE,FALSE,3,"Apresenta ações concretas de drenagem, estabilização e prevenção de riscos geológicos/hidrológicos."
80002552172_J0015,relevante,O trecho menciona enchentes e alagamentos e ações de macrodrenagem para mitigação.,TRUE,FALSE,FALSE,FALSE,TRUE,FALSE,FALSE,FALSE,FALSE,FALSE,FALSE,FALSE,FALSE,FALSE,4,"A frase descreve obras de macrodrenagem com investimento quantificado em R$1,7 bilhão."
80002552172_J0016,relevante,O trecho menciona explicitamente riscos de alagamento e adaptações climáticas para prevenir eventos extremos.,TRUE,FALSE,FALSE,TRUE,TRUE,FALSE,FALSE,FALSE,FALSE,FALSE,FALSE,FALSE,FALSE,FALSE,3,Criação de um Programa Municipal de Redução de Riscos é uma ação concreta sobre risco e desastre.
80002552172_J0017,relevante,"O trecho menciona intervenções para reduzir alagamentos e prevenir doenças de veiculação hídrica, o que envolve risco de inundação.",TRUE,FALSE,FALSE,FALSE,TRUE,FALSE,FALSE,FALSE,FALSE,FALSE,FALSE,FALSE,FALSE,FALSE,3,"Descreve intervenções concretas (galerias, drenagem) para reduzir alagamentos, que são ações de risco e desastre."
80002552172_J0018,relevante,"O trecho descreve ações concretas para reduzir enchentes, alagamentos e enxurradas, indicando gestão de risco e desastre.",TRUE,FALSE,FALSE,FALSE,TRUE,FALSE,FALSE,FALSE,FALSE,FALSE,FALSE,FALSE,FALSE,FALSE,3,Ações concretas de obras para reduzir alagamentos e enxurradas são descritas.
80002552172_J0019,relevante,"O trecho menciona explicitamente ações para mitigar risco de estiagem, um evento climático extremo.",TRUE,FALSE,FALSE,FALSE,FALSE,FALSE,FALSE,FALSE,FALSE,FALSE,FALSE,FALSE,FALSE,FALSE,3,Propõe a implantação e modernização de barragens como ação concreta para mitigação de risco hídrico.
80002552172_J0020,relevante,"O trecho menciona a construção de barragem e usina de dessalinização para reduzir os efeitos de grandes estiagens, o que constitui adaptação climática explícita.",TRUE,FALSE,FALSE,FALSE,FALSE,FALSE,TRUE,FALSE,FALSE,FALSE,FALSE,FALSE,FALSE,FALSE,3,Descreve a construção e operação de barragens e usina de dessalinização como ações concretas para reduzir riscos de seca.
80002552172_J0021,relevante,"O trecho menciona explicitamente riscos ambientais e eventos extremos (alagamentos e cheias) em áreas expostas, qualificando-o como relevante.",TRUE,FALSE,FALSE,FALSE,TRUE,TRUE,FALSE,FALSE,FALSE,FALSE,FALSE,FALSE,FALSE,FALSE,2,Proposta de compromisso e diretrizes gerais sem ação específica.
80002552172_J0022,relevante,"O texto menciona explicitamente riscos hidrológicos, eventos extremos e ações de adaptação climática.",TRUE,FALSE,FALSE,FALSE,TRUE,FALSE,TRUE,FALSE,FALSE,FALSE,FALSE,FALSE,FALSE,FALSE,3,"A proposta de ampliar e integrar a rede estadual de monitoramento, sistemas de alerta e painéis públicos para bacias críticas e áreas sujeitas a inundações rápidas descreve uma ação concreta sobre risco e desastre."
80002552172_J0023,relevante,O trecho menciona explicitamente a redução de riscos de escassez e inundação.,TRUE,FALSE,FALSE,TRUE,TRUE,FALSE,TRUE,FALSE,FALSE,FALSE,FALSE,FALSE,FALSE,FALSE,3,"Apresenta programas e obras específicas para reduzir riscos de inundação e escassez, sem metas ou prazos quantificados."
80002552172_J0024,relevante,"O trecho menciona prevenção e resposta a eventos extremos com apoio da Defesa Civil, indicando gestão de risco e desastre.",TRUE,FALSE,FALSE,FALSE,FALSE,FALSE,FALSE,FALSE,FALSE,FALSE,FALSE,FALSE,FALSE,TRUE,3,Descreve a criação e ampliação de um sistema de monitoramento e alerta para prevenir e responder a eventos extremos.
80002552172_J0025,relevante,"O trecho menciona explicitamente riscos climáticos, desastres e ações de prevenção, monitoramento e resposta da Defesa Civil.",TRUE,TRUE,FALSE,FALSE,TRUE,TRUE,TRUE,TRUE,TRUE,FALSE,FALSE,FALSE,FALSE,FALSE,3,"Há menção a ações concretas (implantação de Centro, aquisição de equipamentos) sobre risco e desastre."
80002552172_J0026,relevante,"O texto menciona explicitamente riscos, desastres e ações de prevenção, preparação e resposta.",TRUE,TRUE,FALSE,TRUE,TRUE,TRUE,TRUE,TRUE,TRUE,FALSE,TRUE,FALSE,FALSE,FALSE,3,"Apresenta ações concretas de prevenção, monitoramento e resposta a riscos e desastres sem metas quantitativas."
80002552172_J0027,clima_geral,"O trecho menciona apenas a resiliência climática de forma geral, sem citar eventos extremos ou ações específicas de gestão de risco.",,,,,,,,,,,,,,,,
80002552172_J0028,clima_geral,O trecho menciona apenas a agenda de mudança climática sem referir eventos extremos ou riscos específicos.,,,,,,,,,,,,,,,,
80002552172_J0029,relevante,"O trecho menciona explicitamente ""emergências ou desastres"", o que enquadra na definição de risco/desastre.",TRUE,FALSE,FALSE,FALSE,FALSE,FALSE,FALSE,FALSE,FALSE,FALSE,FALSE,FALSE,FALSE,TRUE,3,"Implanta estrutura concreta para recuperação em desastres, sem meta específica."
80002552172_J0030,nao_relevante,"O texto trata apenas de LGPD, cibersegurança e transformação digital, sem nenhuma referência a riscos ou desastres naturais.",,,,,,,,,,,,,,,,
80002552172_J0031,nao_relevante,"O trecho menciona apenas um programa de gestão de riscos genéricos sem referência a eventos naturais, climáticos ou desastres.",,,,,,,,,,,,,,,,
80002552172_J0032,relevante,"O trecho menciona explicitamente a prevenção de desastres, o que entra na definição de risco/desastre.",FALSE,FALSE,FALSE,FALSE,FALSE,FALSE,FALSE,FALSE,FALSE,FALSE,FALSE,FALSE,FALSE,TRUE,2,"Propõe compromisso de investir em transparência sobre prevenção de desastres, sem detalhar ação específica."
80002552682_J0001,nao_relevante,"O trecho não menciona riscos, desastres ou agenda climática.",,,,,,,,,,,,,,,,
80002552682_J0002,clima_geral,"O trecho menciona apenas a mudança climática de forma geral, sem citar eventos extremos, riscos ou ações específicas de adaptação.",,,,,,,,,,,,,,,,
80002552682_J0003,relevante,"O trecho menciona os desastres de Mariana e Brumadinho, eventos tecnológicos que causam danos, qualificando-o como relevante.",FALSE,FALSE,FALSE,FALSE,FALSE,FALSE,FALSE,FALSE,FALSE,FALSE,FALSE,TRUE,FALSE,FALSE,1,"Apresenta apenas o problema decorrente dos desastres de Mariana e Brumadinho, sem propor solução."
80002552682_J0004,relevante,"O trecho menciona explicitamente o desastre de Mariana e a recuperação pós‑desastre, indicando risco e gestão de desastres.",FALSE,FALSE,TRUE,FALSE,FALSE,FALSE,FALSE,FALSE,FALSE,FALSE,FALSE,TRUE,FALSE,FALSE,2,"Define diretrizes e prioridades para recuperação, sem ações concretas."
80002552682_J0005,relevante,"O trecho menciona explicitamente vulnerabilidade a eventos climáticos extremos, o que caracteriza risco climático.",FALSE,FALSE,FALSE,FALSE,FALSE,FALSE,FALSE,FALSE,FALSE,FALSE,FALSE,FALSE,FALSE,TRUE,1,Descreve vulnerabilidade a eventos climáticos extremos sem propor solução.
80002552682_J0006,relevante,"O trecho menciona explicitamente a capacidade de enfrentar riscos climáticos, o que enquadra na categoria relevante.",FALSE,FALSE,FALSE,FALSE,FALSE,FALSE,FALSE,FALSE,FALSE,FALSE,FALSE,FALSE,FALSE,TRUE,2,"Declara inclusão da capacidade de enfrentar riscos climáticos como parte do desenvolvimento, sem detalhar ação específica."
80002552682_J0007,relevante,"O trecho menciona explicitamente desastres (inundações e chuvas intensas), a necessidade de defesa civil e planejamento de adaptação, atendendo aos critérios de risco e desastre.",TRUE,FALSE,FALSE,TRUE,TRUE,FALSE,FALSE,FALSE,FALSE,FALSE,FALSE,FALSE,FALSE,FALSE,1,"Apresenta dados de desastres e indica necessidade de ação, mas não descreve uma política ou programa específico."
80002552682_J0008,relevante,"O trecho menciona ""áreas de risco"", o que indica preocupação com riscos naturais ou climáticos.",TRUE,FALSE,FALSE,FALSE,FALSE,FALSE,FALSE,FALSE,FALSE,FALSE,FALSE,FALSE,FALSE,TRUE,1,"Apresenta a situação de famílias em áreas de risco sem regularização, apenas descrevendo o problema."
80002552682_J0009,nao_relevante,"O trecho não menciona eventos extremos, riscos naturais ou ações de adaptação climática.",,,,,,,,,,,,,,,,
80002552682_J0010,relevante,"O trecho menciona explicitamente eventos climáticos extremos e riscos de desastres, atendendo ao critério de relevância.",TRUE,FALSE,FALSE,FALSE,FALSE,FALSE,TRUE,FALSE,FALSE,FALSE,FALSE,FALSE,FALSE,FALSE,1,Apresenta apenas a descrição dos riscos e impactos sem propor solução.
80002552682_J0011,relevante,"O trecho menciona explicitamente deslizamentos, enchentes, protocolos de alerta climáticos e a atuação da Defesa Civil.",TRUE,FALSE,FALSE,TRUE,TRUE,TRUE,FALSE,FALSE,FALSE,FALSE,FALSE,FALSE,FALSE,FALSE,3,Ações concretas de monitoramento e prevenção de desastres são descritas.
90002540993_J0001,clima_geral,"O trecho menciona mudanças climáticas de forma geral, sem referir a eventos extremos, riscos ou adaptações específicas.",,,,,,,,,,,,,,,,
90002540993_J0002,nao_relevante,"O trecho não menciona riscos naturais, desastres ou agenda climática.",,,,,,,,,,,,,,,,
90002540993_J0003,relevante,"O trecho menciona explicitamente a capacidade de resposta a incêndios florestais e a gestão da segurança hídrica, que são eventos extremos naturais relacionados ao clima.",TRUE,FALSE,FALSE,FALSE,FALSE,FALSE,FALSE,TRUE,FALSE,FALSE,FALSE,FALSE,FALSE,FALSE,0,"A frase apenas menciona que a capacidade de resposta a incêndios florestais e a gestão da segurança hídrica ganharam robustez técnica, sem detalhar ações específicas ou metas."
90002540993_J0005,relevante,"O trecho menciona riscos e eventos climáticos extremos, bem como a necessidade de adaptação climática.",TRUE,FALSE,FALSE,TRUE,FALSE,FALSE,TRUE,TRUE,FALSE,FALSE,FALSE,FALSE,FALSE,FALSE,2,Declara compromisso de resiliência sem especificar ação concreta.
90002540993_J0006,clima_geral,"O trecho menciona adaptação climática e segurança hídrica de forma geral, sem citar eventos extremos ou riscos específicos.",,,,,,,,,,,,,,,,
90002540993_J0007,nao_relevante,"O trecho trata apenas de resiliência econômica e não menciona riscos, desastres ou agenda climática.",,,,,,,,,,,,,,,,
90002540993_J0008,clima_geral,"O trecho menciona apenas a mudança climática de forma geral, sem referir eventos extremos ou medidas de adaptação.",,,,,,,,,,,,,,,,
90002540993_J0009,clima_geral,"O trecho menciona mudanças climáticas e transição energética de forma geral, sem referir eventos extremos ou ações específicas de mitigação.",,,,,,,,,,,,,,,,
90002540993_J0010,clima_geral,"O trecho menciona apenas a resiliência frente às mudanças climáticas de forma geral, sem citar eventos extremos ou ações específicas de mitigação.",,,,,,,,,,,,,,,,
90002540993_J0011,clima_geral,"O trecho menciona apenas os efeitos gerais das mudanças climáticas, sem citar eventos extremos ou medidas de risco.",,,,,,,,,,,,,,,,
90002540993_J0012,relevante,"O trecho menciona explicitamente riscos climáticos (secas, chuvas extremas, incêndios) e a implementação de sistemas de alerta precoce e políticas de adaptação climática.",TRUE,FALSE,FALSE,TRUE,TRUE,FALSE,TRUE,TRUE,FALSE,FALSE,FALSE,FALSE,FALSE,FALSE,1,A frase entre »« descreve apenas o problema das mudanças climáticas em Goiás.
90002540993_J0013,nao_relevante,"O texto trata apenas de gestão de riscos gerais e monitoramento de políticas públicas, sem referência a eventos climáticos ou desastres.",,,,,,,,,,,,,,,,
90002540993_J0014,relevante,"O trecho menciona planos de contingência e emergência, indicando gestão de riscos e situações de calamidade pública.",TRUE,FALSE,FALSE,FALSE,FALSE,FALSE,FALSE,FALSE,FALSE,FALSE,FALSE,FALSE,FALSE,TRUE,2,"Proposta de compromisso para coordenar planos de contingência e emergência, sem ação específica."
90002543463_J0001,relevante,"O trecho menciona explicitamente ""risco climáticos"", atendendo ao critério de relevância.",FALSE,FALSE,FALSE,FALSE,FALSE,FALSE,FALSE,FALSE,FALSE,FALSE,FALSE,FALSE,FALSE,TRUE,1,"A frase descreve fatores de risco, incluindo riscos climáticos, sem propor solução."
90002543463_J0002,relevante,"O trecho menciona explicitamente secas, ondas de calor, incêndios e chuvas intensas como eventos extremos e destaca a necessidade de prevenção e preparação.",TRUE,FALSE,FALSE,FALSE,TRUE,FALSE,TRUE,TRUE,TRUE,FALSE,FALSE,FALSE,FALSE,FALSE,2,"Declara necessidade de prevenção e preparação, sem ação específica."
90002543463_J0003,relevante,"O trecho menciona prevenção de riscos ambientais e preparação para eventos extremos, o que indica foco em desastres ou riscos naturais.",TRUE,FALSE,FALSE,FALSE,FALSE,FALSE,FALSE,FALSE,FALSE,FALSE,FALSE,FALSE,FALSE,TRUE,2,Proposta de compromisso geral sem ação específica.
90002543463_J0004,relevante,O trecho menciona que municípios e comunidades precisarão estar mais preparados para eventos climáticos extremos.,TRUE,FALSE,FALSE,FALSE,FALSE,FALSE,FALSE,FALSE,FALSE,FALSE,FALSE,FALSE,FALSE,TRUE,2,Declara compromisso de preparação sem ação específica.
90002543463_J0005,nao_relevante,"O trecho não menciona eventos extremos, riscos ou adaptações climáticas explícitas.",,,,,,,,,,,,,,,,
90002543463_J0006,relevante,"O trecho menciona prevenção, monitoramento e resposta a riscos climáticos e eventos extremos, incluindo incêndios florestais e integração com Defesa Civil.",TRUE,FALSE,FALSE,FALSE,FALSE,FALSE,FALSE,TRUE,FALSE,FALSE,FALSE,FALSE,FALSE,FALSE,2,"Apresenta diretrizes de fortalecimento e articulação, sem ações concretas identificáveis."
90002543463_J0007,relevante,"O trecho menciona defesa civil e a antecipação de riscos ambientais, o que se enquadra como risco ou desastre.",TRUE,FALSE,FALSE,FALSE,FALSE,FALSE,FALSE,TRUE,FALSE,FALSE,FALSE,FALSE,FALSE,FALSE,2,"Apresenta diretrizes de cooperação e integração para antecipar riscos, sem descrever ações concretas."
90002543463_J0008,relevante,"O trecho menciona explicitamente ""eventos extremos"", indicando risco e vulnerabilidade.",TRUE,FALSE,FALSE,FALSE,FALSE,FALSE,FALSE,FALSE,FALSE,FALSE,FALSE,FALSE,FALSE,TRUE,2,"Propõe que os municípios estejam mais preparados para eventos extremos, sem indicar ação específica."
90002543463_J0009,nao_relevante,"O trecho menciona apenas a defesa civil como área de atuação conjunta sem referir eventos extremos, riscos ou adaptações climáticas.",,,,,,,,,,,,,,,,
90002543463_J0010,nao_relevante,"O trecho menciona ""defesa civil"" sem referir a eventos extremos, riscos ou ações de mitigação.",,,,,,,,,,,,,,,,
90002545476_J0001,relevante,"O trecho menciona planos de prevenção de risco de enchentes, deslizamentos e incêndios florestais.",TRUE,FALSE,FALSE,FALSE,TRUE,TRUE,FALSE,TRUE,FALSE,FALSE,FALSE,FALSE,FALSE,FALSE,0,"O trecho apenas menciona o tema de risco e desastre sem detalhar diagnóstico, diretriz ou ação específica."
90002545476_J0002,relevante,"O trecho menciona planos de risco e resposta, prevenção a incêndios e segurança hídrica, indicando ações concretas de gestão de riscos naturais.",TRUE,FALSE,FALSE,FALSE,TRUE,FALSE,FALSE,TRUE,FALSE,FALSE,FALSE,FALSE,FALSE,FALSE,2,"Apresenta compromissos gerais de infraestrutura e planos, sem detalhar ações específicas."
90002545476_J0003,relevante,"O trecho menciona explicitamente ""adaptação climática"", o que entra na lista de termos que indicam risco ou evento extremo, tornando-o relevante.",FALSE,FALSE,FALSE,FALSE,FALSE,FALSE,FALSE,FALSE,FALSE,FALSE,FALSE,FALSE,FALSE,FALSE,2,Propõe compromisso genérico de adaptação climática sem ação específica.
90002545476_J0004,relevante,"O trecho menciona gestão de riscos e prevenção de incêndios, que são eventos extremos naturais.",TRUE,FALSE,FALSE,FALSE,FALSE,FALSE,FALSE,TRUE,TRUE,FALSE,FALSE,FALSE,FALSE,FALSE,2,lista de medidas genéricas sem ação identificável
90002545476_J0005,relevante,"O trecho menciona explícita e concretamente eventos climáticos extremos (estiagem, incêndios florestais) e a necessidade de planejamento de riscos com a Defesa Civil.",TRUE,FALSE,FALSE,FALSE,FALSE,FALSE,TRUE,TRUE,FALSE,FALSE,FALSE,FALSE,FALSE,FALSE,2,Apresenta diretrizes de planejamento de riscos sem ação específica.
90002545476_J0006,relevante,"O trecho menciona explicitamente incêndios, estiagem, enchentes e outros riscos naturais/industriais, além de planos de defesa civil, mapas de risco e alertas.",TRUE,FALSE,FALSE,FALSE,TRUE,FALSE,TRUE,TRUE,FALSE,FALSE,FALSE,FALSE,TRUE,FALSE,3,"Cria um mapa de riscos e orienta ações, mas não há metas ou valores específicos."
90002545476_J0007,relevante,"O trecho menciona incêndios e planos de contingência, indicando foco em eventos extremos e gestão de risco.",TRUE,TRUE,FALSE,FALSE,FALSE,FALSE,FALSE,TRUE,FALSE,FALSE,FALSE,FALSE,FALSE,FALSE,1,"Lista de indicadores que descrevem a medição do desempenho em risco e desastre, sem propor ação específica."
90002545476_J0008,nao_relevante,"O trecho menciona apenas gestão de riscos em contexto penitenciário, não relacionado a desastres naturais ou eventos climáticos.",,,,,,,,,,,,,,,,
90002545476_J0009,relevante,O trecho menciona explicitamente a Defesa Civil e atividades de prevenção territorial.,TRUE,FALSE,FALSE,FALSE,FALSE,FALSE,FALSE,FALSE,FALSE,FALSE,FALSE,FALSE,TRUE,FALSE,2,Lista de componentes sem ação concreta
90002545476_J0010,relevante,"O trecho menciona explicitamente prevenção de incêndios, segurança hídrica e resposta a desastres, que são eventos extremos naturais ou riscos climáticos.",TRUE,TRUE,FALSE,FALSE,FALSE,FALSE,FALSE,TRUE,FALSE,FALSE,FALSE,FALSE,FALSE,FALSE,2,Lista de compromissos sem ação específica
90002545476_J0011,relevante,"O trecho menciona ""prevenção"" e ""Defesa Civil"", que são expressões de risco e desastre.",FALSE,FALSE,FALSE,FALSE,FALSE,FALSE,FALSE,FALSE,FALSE,FALSE,FALSE,FALSE,FALSE,TRUE,2,"lista genérica de temas, incluindo prevenção e Defesa Civil, sem ação específica."
90002545476_J0012,nao_relevante,"O trecho não menciona riscos, desastres ou agenda climática.",,,,,,,,,,,,,,,,
90002545476_J0013,relevante,"O trecho menciona eventos extremos, incêndios florestais e adaptação climática.",FALSE,FALSE,FALSE,FALSE,FALSE,FALSE,FALSE,TRUE,FALSE,FALSE,FALSE,FALSE,FALSE,FALSE,2,Apresenta compromisso de construir política ambiental sem detalhar ação específica.
90002545476_J0014,clima_geral,"O trecho menciona apenas a mudança climática de forma geral, sem referir eventos extremos ou riscos específicos.",,,,,,,,,,,,,,,,
90002545476_J0015,relevante,"O trecho menciona queimadas, que são eventos extremos naturais, tornando-o relevante.",TRUE,FALSE,FALSE,FALSE,FALSE,FALSE,FALSE,TRUE,FALSE,FALSE,FALSE,FALSE,FALSE,FALSE,2,Propõe uma estratégia de educação ambiental sem detalhar ações concretas.
90002545476_J0016,relevante,"O trecho menciona explicitamente riscos de enchentes e deslizamentos, planos de prevenção, gestão de risco e eventos extremos.",TRUE,TRUE,FALSE,TRUE,TRUE,TRUE,FALSE,TRUE,TRUE,FALSE,FALSE,FALSE,FALSE,FALSE,3,"Apresenta ações concretas de prevenção e resposta a riscos de enchentes, deslizamentos e eventos climáticos extremos."
90002545476_J0017,relevante,"O trecho menciona explicitamente monitoramento de enchentes e alagamentos, que são eventos extremos naturais.",TRUE,FALSE,FALSE,FALSE,TRUE,FALSE,FALSE,FALSE,FALSE,FALSE,FALSE,FALSE,FALSE,FALSE,3,"A frase descreve a instalação de um sistema de monitoramento, uma ação concreta sobre risco e desastre."
90002545476_J0018,relevante,"O trecho menciona explicitamente prevenção e combate a incêndios florestais, que são eventos extremos naturais.",TRUE,FALSE,FALSE,FALSE,FALSE,FALSE,TRUE,TRUE,FALSE,FALSE,FALSE,FALSE,FALSE,FALSE,1,Descreve o problema de queimadas e seus impactos sem propor ação específica.
90002545476_J0019,relevante,"O trecho menciona brigadas de prevenção e sistemas de alerta precoce para incêndios florestais, que são eventos extremos naturais.",TRUE,FALSE,FALSE,FALSE,FALSE,FALSE,FALSE,TRUE,FALSE,FALSE,FALSE,FALSE,FALSE,FALSE,3,Ações concretas de prevenção e alerta para incêndios florestais são descritas.
90002545476_J0020,relevante,"O trecho menciona prevenção e controle de incêndios florestais, que são desastres naturais.",TRUE,FALSE,FALSE,FALSE,FALSE,FALSE,FALSE,TRUE,FALSE,FALSE,FALSE,FALSE,FALSE,FALSE,3,Intensificar inspeções preventivas em áreas de risco é uma ação concreta sobre incêndios.
90002545476_J0021,relevante,"O trecho menciona ""emergência em situações de calamidade"", que se enquadra na lista de eventos extremos ou desastres, tornando-o relevante.",FALSE,TRUE,FALSE,FALSE,FALSE,FALSE,FALSE,FALSE,FALSE,FALSE,FALSE,FALSE,FALSE,TRUE,2,"Proposta de compromisso genérico para alimentação emergencial em situações de calamidade, sem ação específica identificável."
90002551791_J0001,relevante,"O trecho menciona ""defesa civil"", que é uma expressão vinculada à gestão de riscos e desastres.",FALSE,FALSE,FALSE,FALSE,FALSE,FALSE,FALSE,FALSE,FALSE,FALSE,FALSE,FALSE,FALSE,TRUE,0,A frase apenas menciona defesa civil sem qualquer ação ou detalhe.
90002551791_J0002,relevante,"O trecho menciona explicitamente prevenção de incêndios, enchentes e seca, além da atuação do Corpo de Bombeiros e Defesa Civil.",TRUE,FALSE,FALSE,FALSE,TRUE,FALSE,TRUE,TRUE,FALSE,FALSE,FALSE,FALSE,FALSE,FALSE,2,Proposta de compromisso geral sem ação específica.
90002551791_J0003,relevante,"O trecho menciona explicitamente riscos climáticos e desastres como seca, enchente, calor extremo e incêndio, além de exigir gestão de risco.",TRUE,FALSE,FALSE,TRUE,TRUE,FALSE,TRUE,TRUE,TRUE,FALSE,FALSE,FALSE,FALSE,FALSE,2,"Todas as frases entre »« apresentam diretrizes ou requisitos gerais sobre risco e desastre, sem descrever ações concretas nem metas quantificadas."
90002551791_J0004,relevante,"O trecho menciona explicitamente a preparação para seca e estiagem, com planos de segurança hídrica, níveis de alerta e regras de contingência.",TRUE,FALSE,FALSE,FALSE,FALSE,FALSE,TRUE,FALSE,FALSE,FALSE,FALSE,FALSE,FALSE,FALSE,2,"Propõe plano de segurança hídrica com cenários, alertas e obras prioritárias sem detalhar ações específicas."
90002551791_J0005,relevante,"O trecho menciona planos de contingência, alertas e mapeamento de risco contra incêndios, enchentes e seca, indicando gestão de desastres.",TRUE,FALSE,FALSE,FALSE,TRUE,FALSE,TRUE,TRUE,FALSE,FALSE,FALSE,FALSE,FALSE,FALSE,2,"Compromisso de apoio estadual a planos e estruturas de risco, sem ação específica detalhada."
90002551791_J0006,relevante,"O trecho menciona explicitamente eventos extremos (seca, calor, incêndio, enchente) e a necessidade de planos de contingência em áreas de risco com apoio da Defesa Civil.",TRUE,FALSE,FALSE,FALSE,TRUE,FALSE,TRUE,TRUE,TRUE,FALSE,FALSE,FALSE,FALSE,FALSE,2,"Propõe que edificações e municípios de risco tenham planos, sem detalhar ações concretas."
90002553733_J0001,nao_relevante,O trecho trata apenas de saúde pública e não menciona riscos naturais ou eventos climáticos.,,,,,,,,,,,,,,,,
