janela_id,rel,racio_rel,fase_prevencao_preparacao,fase_resposta,fase_recuperacao,fase_adaptacao,ameaca_hidro,ameaca_movimento_massa,ameaca_seca,ameaca_fogo,ameaca_calor_extremo,ameaca_tempestade,ameaca_costeira,ameaca_barragem_mineracao,ameaca_tecnologico,ameaca_generica,espec,racio_espec
100002534190_J0001,clima_geral,"O trecho menciona 'emergência climática' de forma geral, sem referir-se a eventos extremos, desastres ou ações de adaptação específicas.",,,,,,,,,,,,,,,,
100002534190_J0002,relevante,O trecho menciona explicitamente a adaptação das cidades aos impactos das mudanças climáticas.,TRUE,FALSE,FALSE,TRUE,FALSE,FALSE,FALSE,FALSE,FALSE,FALSE,FALSE,FALSE,FALSE,FALSE,3,"O texto propõe a criação de um programa estadual de recuperação ambiental e adaptação às mudanças climáticas, o que constitui uma ação de adaptação a riscos climáticos."
100002534190_J0003,relevante,"O texto menciona explicitamente eventos extremos como secas, enchentes e queimadas, além de riscos climáticos.",,,,,,,,,,,,,,,,
100002534190_J0004,relevante,O trecho menciona explicitamente a necessidade de políticas de adaptação às mudanças climáticas para grupos vulneráveis.,FALSE,FALSE,FALSE,FALSE,FALSE,FALSE,FALSE,FALSE,FALSE,FALSE,FALSE,FALSE,FALSE,FALSE,1,"O trecho identifica os grupos vulneráveis que sofrem os efeitos das mudanças climáticas, descrevendo a situação sem propor soluções."
100002534190_J0005,clima_geral,"O trecho menciona o enfrentamento da emergência climática de forma geral, sem referir eventos extremos ou ações de adaptação específicas.",,,,,,,,,,,,,,,,
100002534190_J0006,relevante,O trecho menciona explicitamente a ocorrência de queimadas como um dos problemas enfrentados pelo parque.,,,,,,,,,,,,,,,,
100002534190_J0007,clima_geral,"O texto menciona os impactos das mudanças climáticas (aquecimento e acidificação dos oceanos) de forma geral, sem referir eventos extremos ou ações de adaptação específicas.",,,,,,,,,,,,,,,,
100002534190_J0008,relevante,"O trecho menciona explicitamente o problema das queimadas, o que o enquadra na categoria de relevante conforme as regras de decisão.",,,,,,,,,,,,,,,,
100002534190_J0009,relevante,O trecho menciona explicitamente a redução da capacidade de adaptação às mudanças climáticas.,,,,,,,,,,,,,,,,
100002534190_J0010,relevante,"O texto menciona explicitamente o rompimento de barragem, deslizamento de rejeitos e a necessidade de prevenir novos desastres ambientais.",FALSE,FALSE,FALSE,FALSE,FALSE,TRUE,FALSE,FALSE,FALSE,FALSE,FALSE,TRUE,FALSE,FALSE,1,O trecho foca na descrição de eventos históricos de desastres (rompimento de barragem e deslizamento de rejeitos) sem propor soluções específicas.
100002534190_J0011,clima_geral,"O texto menciona o contexto de emergência climática de forma geral, sem referir-se a eventos extremos, desastres ou ações de adaptação específicas.",,,,,,,,,,,,,,,,
100002534190_J0012,relevante,"O trecho menciona explicitamente a ocorrência de queimadas recorrentes, o que se enquadra na definição de relevante.",,,,,,,,,,,,,,,,
100002534190_J0013,relevante,O texto menciona explicitamente o aumento dos riscos de alagamentos e enchentes devido ao manejo inadequado de resíduos.,,,,,,,,,,,,,,,,
100002534190_J0014,relevante,"O trecho menciona explicitamente o termo 'queimadas', que é um evento de risco/desastre listado na regra de decisão.",,,,,,,,,,,,,,,,
100002534190_J0015,relevante,O texto menciona explicitamente o monitoramento de queimadas e desastres ambientais.,,,,,,,,,,,,,,,,
100002534190_J0016,clima_geral,"O trecho menciona o enfrentamento da emergência climática de forma geral, sem citar eventos extremos, desastres ou ações de adaptação específicas.",,,,,,,,,,,,,,,,
100002534190_J0017,relevante,"O texto menciona explicitamente adaptação climática, prevenção de enchentes, áreas de risco, queimadas, Defesa Civil e eventos climáticos extremos.",,,,,,,,,,,,,,,,
100002534190_J0018,relevante,O trecho menciona explicitamente a prevenção e o combate a queimadas.,,,,,,,,,,,,,,,,
100002534190_J0019,relevante,O texto menciona explicitamente a existência de famílias vivendo em áreas de risco.,,,,,,,,,,,,,,,,
100002534190_J0020,relevante,O trecho menciona explicitamente famílias atingidas por enchentes e desastres.,,,,,,,,,,,,,,,,
100002534190_J0021,relevante,O trecho menciona o apoio a programas de distribuição de alimentos em situações de calamidade.,FALSE,TRUE,FALSE,FALSE,FALSE,FALSE,FALSE,FALSE,FALSE,FALSE,FALSE,FALSE,FALSE,TRUE,2,"O trecho propõe uma diretriz de apoio a programas de distribuição em situações de calamidade, sem especificar uma ação, obra ou instrumento concreto."
100002542556_J0001,relevante,O trecho menciona explicitamente a adaptação a eventos extremos como secas e enchentes.,TRUE,FALSE,FALSE,TRUE,TRUE,FALSE,TRUE,FALSE,FALSE,FALSE,FALSE,FALSE,FALSE,FALSE,2,"O texto propõe a adaptação a secas e enchentes como uma diretriz de política, mas sem detalhar uma ação, obra ou meta específica para o enfrentamento desses desastres."
100002542556_J0002,relevante,"O trecho menciona explicitamente a exposição a secas e enchentes, que são eventos climáticos extremos.",,,,,,,,,,,,,,,,
100002543869_J0002,nao_relevante,"O trecho menciona Defesa Civil apenas como título de seção, mas a ação descrita foca exclusivamente no aumento do efetivo de segurança pública.",,,,,,,,,,,,,,,,
100002543869_J0003,nao_relevante,"O trecho trata de perícia oficial e medicina legal no contexto de segurança pública, sem mencionar riscos ou desastres naturais.",,,,,,,,,,,,,,,,
100002543869_J0004,relevante,"O texto menciona explicitamente a Defesa Civil, estados de calamidade/emergência e protocolos de desastre.",,,,,,,,,,,,,,,,
100002543869_J0005,relevante,"O trecho menciona explicitamente prevenção a desastres, enchentes e Defesa Civil.",TRUE,FALSE,FALSE,FALSE,TRUE,FALSE,FALSE,FALSE,FALSE,FALSE,FALSE,FALSE,FALSE,FALSE,2,"O trecho propõe uma diretriz de atuação por meio de parcerias com órgãos, sem descrever uma ação concreta ou específica de prevenção."
100002543869_J0006,relevante,O trecho menciona explicitamente a Defesa Civil e o monitoramento preventivo de desastres naturais.,,,,,,,,,,,,,,,,
100002543869_J0007,clima_geral,"O trecho menciona a elaboração de um plano de emergência climática de forma geral, sem citar eventos extremos ou ações de adaptação específicas.",,,,,,,,,,,,,,,,
100002544073_J0001,relevante,O trecho menciona explicitamente a 'defesa civil' como uma área de atuação para o desenvolvimento da ciência e tecnologia.,,,,,,,,,,,,,,,,
100002544076_J0001,relevante,"O trecho menciona explicitamente adaptação climática, vulnerabilidade e integração com a Defesa Civil.",,,,,,,,,,,,,,,,
100002544076_J0002,relevante,"O trecho menciona explicitamente a prevenção de alagamentos e erosões, além de alerta integrado à Defesa Civil.",,,,,,,,,,,,,,,,
100002544076_J0003,relevante,"O trecho menciona explicitamente a prevenção de alagamentos e erosões, o que caracteriza gestão de riscos e desastres.",,,,,,,,,,,,,,,,
100002544076_J0004,relevante,"O trecho menciona explicitamente sistemas de alerta, Defesa Civil e medidas de gestão de canais e várzeas para controle de inundações.",,,,,,,,,,,,,,,,
100002544076_J0005,relevante,"O texto menciona explicitamente o monitoramento de queimadas, que é um evento climático/desastre listado como relevante.",,,,,,,,,,,,,,,,
100002544076_J0006,relevante,O trecho menciona explicitamente a fragmentação na resposta a riscos climáticos.,,,,,,,,,,,,,,,,
100002544076_J0007,relevante,"O trecho menciona explicitamente adaptação climática, riscos climáticos, Defesa Civil, mapas de risco e sistemas de alerta.",TRUE,FALSE,FALSE,TRUE,FALSE,FALSE,FALSE,FALSE,FALSE,FALSE,FALSE,FALSE,FALSE,TRUE,3,O texto propõe a criação de um sistema específico (Sistema Maranhense de Prevenção e Adaptação Climática) e instrumentos identificáveis como mapas de risco e sistemas de alerta.
100002544076_J0008,relevante,"O trecho menciona explicitamente 'queimadas', que é um evento de risco/desastre listado na regra de decisão para a categoria relevante.",,,,,,,,,,,,,,,,
100002544076_J0009,relevante,O texto menciona explicitamente 'adaptação climática' e 'gestão de risco climático'.,FALSE,FALSE,FALSE,FALSE,FALSE,FALSE,FALSE,FALSE,FALSE,FALSE,FALSE,FALSE,FALSE,FALSE,0,"O trecho apenas cita a 'gestão de risco climático' como uma das frentes de atuação, sem propor ações, diagnósticos ou metas específicas."
100002544076_J0010,relevante,O trecho menciona explicitamente a criação de uma Central de Gestão de Riscos integrada ao monitoramento climático.,,,,,,,,,,,,,,,,
100002544076_J0011,nao_relevante,"O termo 'áreas de risco' é utilizado no contexto de urbanismo preventivo e segurança pública, não se referindo a riscos climáticos ou desastres naturais.",,,,,,,,,,,,,,,,
100002544076_J0012,relevante,"O trecho menciona explicitamente a Defesa Civil, a prevenção e o alerta antes de desastres, além de ações de resposta como busca e salvamento.",TRUE,TRUE,FALSE,FALSE,FALSE,FALSE,FALSE,FALSE,FALSE,FALSE,FALSE,FALSE,FALSE,TRUE,3,"O trecho propõe ações identificáveis para resposta e prevenção: ampliação de bombeiros, atuação preventiva/alerta da Defesa Civil e uso de drones para busca e salvamento."
100002544076_J0013,nao_relevante,O termo 'alerta' refere-se ao monitoramento de evasão escolar e não a eventos climáticos ou desastres.,,,,,,,,,,,,,,,,
100002544076_J0014,relevante,"O texto menciona áreas críticas de drenagem e proteção costeira, que estão diretamente ligadas à gestão de riscos de inundação e eventos climáticos.",,,,,,,,,,,,,,,,
100002545679_J0001,clima_geral,"O trecho menciona a revisão de planos e políticas de mudanças climáticas de forma geral, sem citar eventos extremos, desastres ou ações de adaptação específicas.",,,,,,,,,,,,,,,,
100002552700_J0001,nao_relevante,"O trecho trata de saúde pública e infraestrutura hospitalar, o que está fora do escopo de riscos climáticos ou agenda climática.",,,,,,,,,,,,,,,,
10002532492_J0001,relevante,"O texto menciona explicitamente a redução de riscos de inundações, ações de prevenção e o reassentamento de famílias em áreas de risco.",,,,,,,,,,,,,,,,
10002532492_J0002,relevante,"O texto menciona explicitamente a prevenção de alagamentos, a prevenção de desastres e a adaptação às mudanças climáticas.",,,,,,,,,,,,,,,,
10002532492_J0003,relevante,O trecho menciona explicitamente a prevenção de alagamentos e o manejo de águas pluviais em áreas vulneráveis.,TRUE,FALSE,FALSE,FALSE,TRUE,FALSE,FALSE,FALSE,FALSE,FALSE,FALSE,FALSE,FALSE,FALSE,2,O trecho propõe uma diretriz de investimento e um critério de priorização (áreas vulneráveis) sem detalhar uma ação ou obra específica.
10002532492_J0004,relevante,"O texto menciona explicitamente o reassentamento de famílias em áreas de risco, o que se enquadra na gestão de riscos e desastres.",,,,,,,,,,,,,,,,
10002532492_J0005,relevante,O trecho menciona explicitamente áreas de risco (inundáveis) e ações de adaptação climática para habitações.,TRUE,FALSE,FALSE,TRUE,TRUE,FALSE,FALSE,FALSE,FALSE,FALSE,FALSE,FALSE,FALSE,FALSE,3,O texto propõe uma ação concreta de mitigação de risco (reassentamento de famílias em áreas de risco/inundáveis) sem apresentar metas quantificadas ou prazos específicos.
10002532492_J0006,relevante,"O trecho menciona explicitamente a redução de alagamentos, o que se enquadra na categoria de eventos climáticos/desastres.",,,,,,,,,,,,,,,,
10002532492_J0007,relevante,"O trecho menciona explicitamente cheias e secas como fatores que isolam comunidades, o que se enquadra na definição de eventos climáticos/desastres.",,,,,,,,,,,,,,,,
10002532492_J0008,relevante,"O texto menciona explicitamente emergências climáticas recorrentes, citando secas, enchentes e queimadas.",FALSE,TRUE,FALSE,FALSE,TRUE,FALSE,TRUE,TRUE,FALSE,FALSE,FALSE,FALSE,FALSE,FALSE,1,"O trecho identifica a ocorrência de emergências climáticas (secas, enchentes e queimadas) como um desafio, mas não propõe nenhuma ação ou diretriz específica."
10002532492_J0009,relevante,"O texto menciona explicitamente eventos extremos (secas, enchentes e queimadas), desastres naturais e planos de contingência.",,,,,,,,,,,,,,,,
10002532492_J0010,relevante,O trecho menciona explicitamente a prioridade para famílias em áreas de risco ou vítimas de desastres.,,,,,,,,,,,,,,,,
10002532492_J0011,relevante,"O trecho menciona explicitamente a resposta a famílias atingidas por secas, enchentes e desastres.",,,,,,,,,,,,,,,,
10002532492_J0012,relevante,"O texto menciona explicitamente Defesa Civil, resposta a desastres, incêndio florestal, queimadas, alertas, cheias e estiagens.",,,,,,,,,,,,,,,,
10002532492_J0013,relevante,"O trecho menciona explicitamente a resposta a eventos climáticos extremos como queimadas, cheias e estiagens.",,,,,,,,,,,,,,,,
10002533539_J0001,relevante,"O texto menciona explicitamente um 'Plano Antienchente', o que remete a ações de prevenção ou mitigação de enchentes/inundações.",,,,,,,,,,,,,,,,
10002533539_J0002,relevante,"O texto menciona explicitamente um 'Plano Antienchente do Rio Acre', o que remete a ações de prevenção de enchentes/inundações.",,,,,,,,,,,,,,,,
10002533539_J0003,relevante,O texto menciona explicitamente um plano para resolver enchentes (Plano Antienchente).,,,,,,,,,,,,,,,,
10002533539_J0004,nao_relevante,"O texto aborda programas de educação e inclusão social, sem qualquer menção a riscos climáticos, desastres ou agenda climática.",,,,,,,,,,,,,,,,
10002544015_J0001,nao_relevante,"O texto trata de saneamento, transporte, conectividade, saúde e segurança pública, temas que estão fora do escopo de risco e desastre.",,,,,,,,,,,,,,,,
10002544015_J0002,nao_relevante,"A menção à Defesa Civil ocorre no contexto de integração do sistema de segurança pública, sem abordar riscos, desastres ou gestão de emergências climáticas.",,,,,,,,,,,,,,,,
10002544015_J0003,relevante,O texto menciona explicitamente a criação de protocolos de resposta a desastres climáticos em coordenação com a Defesa Civil.,,,,,,,,,,,,,,,,
10002544015_J0004,clima_geral,"O trecho menciona resiliência climática de forma geral, sem referir eventos extremos, desastres ou ações de adaptação explícitas.",,,,,,,,,,,,,,,,
10002544107_J0001,relevante,"O texto menciona explicitamente os impactos provocados por enchentes, secas, queimadas e outros eventos extremos.",,,,,,,,,,,,,,,,
10002544107_J0002,relevante,O texto menciona explicitamente a Defesa Civil e a capacidade de resposta a desafios climáticos.,,,,,,,,,,,,,,,,
10002544107_J0003,relevante,"O texto menciona explicitamente a Defesa Civil, gestão de riscos, sistemas de alerta e eventos extremos como enchentes, secas e queimadas.",,,,,,,,,,,,,,,,
10002544107_J0004,relevante,"O trecho menciona explicitamente a atuação da Defesa Civil na prevenção, preparação e resposta a desastres naturais e a redução de riscos.",TRUE,TRUE,FALSE,FALSE,FALSE,FALSE,FALSE,FALSE,FALSE,FALSE,FALSE,FALSE,FALSE,TRUE,2,"O trecho propõe um compromisso de fortalecimento da Defesa Civil e cita um programa, mas sem detalhar ações concretas, metas ou orçamentos específicos."
10002544107_J0005,relevante,O trecho menciona explicitamente a preparação do Estado para responder a eventos climáticos e situações de emergência.,,,,,,,,,,,,,,,,
10002544107_J0006,relevante,"O trecho menciona explicitamente a preparação para enchentes, secas, queimadas, eventos extremos e o fortalecimento da Defesa Civil.",,,,,,,,,,,,,,,,
10002544107_J0007,nao_relevante,"O texto trata de assistência social e utiliza o termo 'risco social', que é explicitamente classificado como fora do escopo.",,,,,,,,,,,,,,,,
10002544107_J0008,relevante,"O trecho menciona explicitamente populações afetadas por eventos climáticos extremos, emergências e calamidade pública.",,,,,,,,,,,,,,,,
10002544107_J0009,relevante,"O texto menciona explicitamente ações de Defesa Civil, gestão de riscos e desastres, além de eventos extremos como enchentes, secas e queimadas.",TRUE,TRUE,FALSE,TRUE,TRUE,FALSE,TRUE,TRUE,FALSE,FALSE,FALSE,FALSE,FALSE,FALSE,3,"O texto propõe ações concretas e identificáveis, como a criação de um Centro Logístico de Ajuda Humanitária e do Programa Acre Mais Resiliente para gestão de eventos climáticos."
10002544107_J0010,relevante,O trecho menciona drenagem e resiliência urbana como estratégia para enfrentar os desafios das mudanças climáticas.,,,,,,,,,,,,,,,,
10002544107_J0011,relevante,O trecho menciona explicitamente a adaptação às mudanças climáticas no planejamento de obras de infraestrutura.,,,,,,,,,,,,,,,,
10002544107_J0012,clima_geral,"O trecho menciona a construção de cidades resilientes e preparadas para os desafios das mudanças climáticas de forma geral, sem citar eventos extremos ou desastres específicos.",,,,,,,,,,,,,,,,
10002544107_J0013,relevante,O trecho menciona explicitamente a 'adaptação climática' como um elemento a ser incorporado no planejamento de obras públicas.,,,,,,,,,,,,,,,,
10002544107_J0014,clima_geral,"O trecho menciona a promoção de cidades resilientes e preparadas para os desafios das mudanças climáticas de forma geral, sem citar eventos extremos ou desastres específicos.",,,,,,,,,,,,,,,,
10002544107_J0015,relevante,"O texto menciona infraestrutura de proteção e estabilização de margens de rio e soluções de drenagem, o que caracteriza ações de adaptação e prevenção contra eventos de inundação/enchente.",TRUE,FALSE,FALSE,FALSE,TRUE,FALSE,FALSE,FALSE,FALSE,FALSE,FALSE,FALSE,FALSE,FALSE,0,"O trecho foca apenas no nome de um programa que menciona resiliência climática, sem propor ação, diagnóstico ou diretriz concreta sobre risco e desastre."
10002544107_J0016,relevante,O trecho menciona explicitamente o fortalecimento de ações de adaptação às mudanças climáticas.,,,,,,,,,,,,,,,,
10002544107_J0017,relevante,"O trecho menciona explicitamente a adaptação de infraestrutura pública às mudanças climáticas e condições climáticas, o que caracteriza adaptação climática.",FALSE,FALSE,FALSE,TRUE,FALSE,FALSE,FALSE,FALSE,FALSE,FALSE,FALSE,FALSE,FALSE,FALSE,3,"O texto propõe a criação de instrumentos específicos (metodologias, normativos e protocolos) para adaptar a infraestrutura pública aos riscos climáticos."
10002544107_J0018,clima_geral,"O trecho menciona a preparação para impactos das mudanças climáticas e a resiliência urbana de forma geral, sem citar eventos extremos ou desastres específicos.",,,,,,,,,,,,,,,,
10002544107_J0019,clima_geral,"O trecho menciona a preparação para enfrentar os desafios das mudanças climáticas de forma genérica, sem citar eventos extremos ou ações de adaptação específicas.",,,,,,,,,,,,,,,,
10002544107_J0020,relevante,O trecho menciona explicitamente a adaptação às mudanças climáticas como um dos objetivos de investimento e gestão urbana.,,,,,,,,,,,,,,,,
10002544107_J0021,relevante,"O trecho menciona explicitamente a priorização de residentes em áreas de risco, o que se enquadra na definição de gestão de riscos e vulnerabilidade.",,,,,,,,,,,,,,,,
10002544107_J0022,relevante,"O texto menciona explicitamente enchentes, planos de adaptação e ações para redução de riscos em áreas de vulnerabilidade.",,,,,,,,,,,,,,,,
10002544107_J0023,relevante,O trecho menciona explicitamente a adaptação às mudanças climáticas e resiliência climática.,,,,,,,,,,,,,,,,
10002544107_J0024,relevante,"O texto menciona explicitamente eventos extremos como enchentes, secas e queimadas, além de áreas de risco e a necessidade de fortalecer a resiliência.",,,,,,,,,,,,,,,,
10002544107_J0025,relevante,O texto menciona explicitamente a adaptação climática como um dos pilares estratégicos para responder aos desafios do estado.,,,,,,,,,,,,,,,,
10002544107_J0026,relevante,O trecho menciona explicitamente ações de prevenção e adaptação às mudanças climáticas.,,,,,,,,,,,,,,,,
10002544107_J0027,relevante,"O texto menciona explicitamente o enfrentamento de enchentes, secas, queimadas e eventos climáticos extremos, além de capacidade de resposta.",TRUE,FALSE,FALSE,FALSE,TRUE,FALSE,TRUE,TRUE,FALSE,FALSE,FALSE,FALSE,FALSE,FALSE,0,"O trecho apresenta uma intenção vaga de preparação e resposta sem propor ações, programas ou instrumentos específicos."
10002544107_J0028,relevante,"O trecho menciona explicitamente o combate às queimadas, o que se enquadra na definição de relevante.",,,,,,,,,,,,,,,,
10002544107_J0029,relevante,O trecho menciona o combate a queimadas e a integração da Defesa Civil para uma rede de resposta rápida.,,,,,,,,,,,,,,,,
10002544107_J0030,relevante,O trecho menciona explicitamente a elaboração de um plano de prevenção e resposta a eventos climáticos extremos.,,,,,,,,,,,,,,,,
10002544107_J0031,clima_geral,"O trecho menciona o enfrentamento às mudanças climáticas e o desenvolvimento sustentável de forma geral, sem citar eventos extremos ou ações de adaptação específicas.",,,,,,,,,,,,,,,,
10002550719_J0001,clima_geral,"O trecho menciona a preparação para as mudanças climáticas de forma genérica, sem citar eventos extremos, desastres ou ações de adaptação específicas.",,,,,,,,,,,,,,,,
10002550719_J0002,nao_relevante,"O termo 'gestão de riscos' refere-se ao contexto de integridade e prevenção da corrupção, não a riscos climáticos ou desastres.",,,,,,,,,,,,,,,,
10002550719_J0003,nao_relevante,"O termo 'gestão de riscos' refere-se ao contexto de integridade e controle administrativo, não a riscos climáticos ou desastres.",,,,,,,,,,,,,,,,
10002550719_J0004,relevante,O texto menciona explicitamente 'resiliência climática' e a atuação coordenada da 'Defesa Civil' no contexto de proteção de territórios vulneráveis.,FALSE,FALSE,FALSE,TRUE,FALSE,FALSE,FALSE,FALSE,FALSE,FALSE,FALSE,FALSE,FALSE,FALSE,2,"O texto propõe a resiliência climática como diretriz para projetos e a atuação coordenada da Defesa Civil em territórios vulneráveis, sem detalhar ações específicas ou metas."
10002550719_J0005,relevante,"O trecho menciona explicitamente a 'adequação às mudanças climáticas', o que remete à adaptação climática.",,,,,,,,,,,,,,,,
10002550719_J0006,relevante,"O trecho menciona explicitamente a preparação para enchentes, secas, calor, fumaça, incêndios e outros riscos climáticos.",,,,,,,,,,,,,,,,
10002550719_J0007,relevante,"O trecho menciona explicitamente o enfrentamento de riscos ambientais, o que se enquadra na categoria de gestão de riscos e desastres.",,,,,,,,,,,,,,,,
10002550719_J0008,relevante,O trecho menciona explicitamente a Defesa Civil e eventos climáticos no contexto de preparação para emergências.,,,,,,,,,,,,,,,,
10002550719_J0009,relevante,O trecho menciona explicitamente a adequação de serviços de saúde e saneamento de acordo com os riscos climáticos.,,,,,,,,,,,,,,,,
10002550719_J0010,nao_relevante,"O trecho trata de emergências sanitárias e saúde pública, o que está explicitamente fora do escopo de risco e desastre climático.",,,,,,,,,,,,,,,,
10002550719_J0011,relevante,O texto menciona explicitamente o enfrentamento de riscos climáticos.,FALSE,FALSE,FALSE,FALSE,FALSE,FALSE,FALSE,FALSE,FALSE,FALSE,FALSE,FALSE,FALSE,TRUE,0,"O trecho apresenta o enfrentamento de riscos climáticos como uma intenção vaga dentro de um projeto de desenvolvimento, sem propor ações ou diagnósticos específicos."
10002550719_J0012,relevante,"O trecho menciona explicitamente a preparação de cidades para enchentes, secas e outros efeitos climáticos.",,,,,,,,,,,,,,,,
10002550719_J0013,relevante,O texto menciona explicitamente a prevenção de desastres e a Defesa Civil.,,,,,,,,,,,,,,,,
10002550719_J0014,relevante,"O trecho menciona explicitamente a Defesa Civil e o Corpo de Bombeiros, que fazem parte do escopo de gestão de riscos e desastres.",,,,,,,,,,,,,,,,
10002550719_J0015,relevante,"O texto menciona explicitamente a Defesa Civil, alertas, resposta a enchentes, secas, incêndios e outros desastres.",,,,,,,,,,,,,,,,
10002550719_J0016,relevante,"O texto menciona explicitamente a atualização do plano de prevenção e resposta a desastres e riscos climáticos, além de protocolos para territórios vulneráveis.",,,,,,,,,,,,,,,,
110002543953_J0001,relevante,O trecho menciona restrições de navegação em hidrovias causadas por períodos de estiagem.,,,,,,,,,,,,,,,,
110002543953_J0002,nao_relevante,"O texto trata de segurança pública, policiamento de fronteira e mão de obra prisional, temas que estão fora do escopo de análise.",,,,,,,,,,,,,,,,
110002551480_J0001,relevante,O texto menciona explicitamente a atuação da Defesa Civil e do Batalhão de Emergências Ambientais no contexto de gestão de crises e combate a desastres/emergências.,,,,,,,,,,,,,,,,
110002551480_J0002,relevante,O texto menciona explicitamente a prevenção e o combate a incêndios florestais e a estruturação de brigadas de pronta resposta.,TRUE,FALSE,FALSE,FALSE,FALSE,FALSE,FALSE,TRUE,FALSE,FALSE,FALSE,FALSE,FALSE,FALSE,3,"O texto propõe a implantação de um plano específico (Pantanal Resiliente ao Fogo) e ações estruturantes como manejo de fogo, manutenção de aceiros e brigadas."
110002551480_J0003,nao_relevante,"O termo 'Gestão de Riscos' refere-se à desburocratização e processos administrativos, não a riscos climáticos ou desastres.",,,,,,,,,,,,,,,,
110002551737_J0003,relevante,"O texto menciona explicitamente a Defesa Civil, a gestão de riscos ambientais e a resposta a emergências.",,,,,,,,,,,,,,,,
110002551737_J0004,nao_relevante,"O termo 'gestão de risco' refere-se ao risco social/pessoal de violência doméstica, não a desastres naturais ou climáticos.",,,,,,,,,,,,,,,,
110002551737_J0005,relevante,"O texto menciona explicitamente ações de drenagem, contenção de erosões e o enfrentamento de períodos de estiagem e eventos climáticos extremos.",,,,,,,,,,,,,,,,
110002551737_J0006,relevante,"O texto menciona explicitamente adaptação climática, Defesa Civil, e eventos extremos como enchentes, secas, queimadas e ondas de calor.",,,,,,,,,,,,,,,,
110002553058_J0001,nao_relevante,"O texto trata de gestão de recursos e calamidade financeira, o que se enquadra em risco fiscal e não em desastres naturais ou climáticos.",,,,,,,,,,,,,,,,
110002553058_J0002,relevante,O trecho menciona explicitamente a prevenção de desastres.,,,,,,,,,,,,,,,,
110002553058_J0003,relevante,O texto menciona explicitamente a vulnerabilidade a eventos climáticos extremos como seca e inundação.,,,,,,,,,,,,,,,,
110002553058_J0004,relevante,O texto menciona explicitamente o risco de enchente como consequência da gestão inadequada das bacias hidrográficas.,,,,,,,,,,,,,,,,
110002553058_J0005,relevante,O texto menciona explicitamente o uso de inteligência artificial para indicar áreas de risco.,,,,,,,,,,,,,,,,
110002553058_J0006,relevante,O texto menciona explicitamente a Defesa Civil como uma das funções/equipamentos atribuídos aos aeroportos regionais.,,,,,,,,,,,,,,,,
110002553058_J0007,relevante,"O trecho menciona explicitamente o uso de aeródromos para reduzir o tempo de resposta em emergências como incêndios, enchentes e Defesa Civil.",,,,,,,,,,,,,,,,
120002532257_J0001,nao_relevante,"O texto trata de políticas de habitação, urbanização e assistência social, sem mencionar riscos climáticos, desastres ou a agenda climática.",,,,,,,,,,,,,,,,
120002532257_J0002,relevante,O trecho menciona explicitamente o combate a queimadas de grande proporção e ilegais.,,,,,,,,,,,,,,,,
120002536582_J0001,relevante,O texto menciona explicitamente a prevenção e o combate a incêndios florestais.,,,,,,,,,,,,,,,,
120002536582_J0002,nao_relevante,"O texto trata de segurança pública e proteção social a mulheres vítimas de violência, temas fora do escopo de riscos climáticos.",,,,,,,,,,,,,,,,
120002536582_J0003,clima_geral,"O texto menciona a preparação para os impactos das mudanças climáticas de forma genérica, sem citar eventos extremos, desastres ou ações de adaptação específicas.",,,,,,,,,,,,,,,,
120002536582_J0004,relevante,"O trecho menciona explicitamente a adaptação às mudanças climáticas, o que o enquadra na categoria relevante conforme as regras de decisão.",,,,,,,,,,,,,,,,
120002536582_J0005,clima_geral,"O trecho menciona resiliência climática de forma geral, sem especificar eventos extremos ou ações de adaptação a desastres específicos.",,,,,,,,,,,,,,,,
120002536582_J0006,relevante,O trecho menciona explicitamente a promoção da adaptação às mudanças climáticas.,,,,,,,,,,,,,,,,
120002536582_J0007,relevante,O trecho menciona explicitamente a necessidade de fortalecer políticas de adaptação às mudanças climáticas.,,,,,,,,,,,,,,,,
120002536582_J0008,clima_geral,"O texto menciona mudanças climáticas e resiliência hídrica de forma geral, sem citar eventos extremos, desastres ou ações de adaptação a riscos específicos.",,,,,,,,,,,,,,,,
120002536582_J0009,relevante,O trecho menciona explicitamente soluções de adaptação às mudanças climáticas.,,,,,,,,,,,,,,,,
120002536582_J0010,nao_relevante,"O texto trata de política tributária e alíquotas de produtos essenciais, sem menção a riscos climáticos ou agenda climática.",,,,,,,,,,,,,,,,
120002536582_J0011,nao_relevante,"O termo 'gestão de riscos' é utilizado no contexto de integridade e administração pública, não se referindo a riscos climáticos ou desastres.",,,,,,,,,,,,,,,,
120002536582_J0012,nao_relevante,"O termo 'riscos governamentais' refere-se à gestão administrativa e de integridade, não a riscos climáticos ou desastres naturais.",,,,,,,,,,,,,,,,
120002539834_J0001,clima_geral,"O trecho menciona 'mudanças climáticas' de forma genérica como um tópico do plano, sem detalhar riscos ou eventos extremos.",,,,,,,,,,,,,,,,
120002539834_J0002,relevante,"O texto menciona danos em pontes e problemas de drenagem causados por chuvas intensas, caracterizando impactos de eventos climáticos extremos na infraestrutura.",,,,,,,,,,,,,,,,
120002539834_J0003,clima_geral,"O trecho menciona infraestrutura resiliente às mudanças climáticas de forma geral, sem citar eventos extremos ou desastres específicos.",,,,,,,,,,,,,,,,
120002539834_J0004,relevante,"O trecho menciona explicitamente ações de prevenção de enchentes, combate a erosões e infraestrutura climática.",,,,,,,,,,,,,,,,
120002539834_J0005,relevante,"O texto menciona explicitamente queimadas extremas, incêndios de grandes proporções e a necessidade de prevenção e resposta rápida.",,,,,,,,,,,,,,,,
120002539834_J0006,relevante,O trecho menciona explicitamente a necessidade de adaptação às mudanças climáticas.,,,,,,,,,,,,,,,,
120002539834_J0007,relevante,"O texto menciona explicitamente gestão de desastres, prevenção de queimadas e defesa civil climática.",TRUE,TRUE,FALSE,FALSE,FALSE,FALSE,FALSE,TRUE,FALSE,FALSE,FALSE,FALSE,FALSE,FALSE,3,O texto propõe a implantação de um sistema específico (Sistema Estadual de Prevenção Climática e Gestão de Desastres) com componentes identificáveis de resposta e monitoramento.
120002539834_J0008,relevante,O texto menciona explicitamente ações de prevenção e resposta a desastres climáticos.,TRUE,TRUE,TRUE,FALSE,FALSE,FALSE,FALSE,FALSE,FALSE,FALSE,FALSE,FALSE,FALSE,TRUE,3,O texto propõe a criação de um instrumento específico (Fundo Estadual de Emergência Climática e Proteção Ambiental) voltado para a prevenção e resposta a desastres.
120002539834_J0009,clima_geral,"O texto menciona mudanças climáticas, planejamento climático e ciência climática de forma geral, sem referir eventos extremos, desastres ou ações de adaptação a riscos específicos.",,,,,,,,,,,,,,,,
120002539834_J0010,relevante,"O texto menciona explicitamente queimadas extremas, adaptação climática e riscos ambientais.",,,,,,,,,,,,,,,,
120002549681_J0001,nao_relevante,"O trecho trata de indicadores de criminalidade e apreensão de produtos florestais (DOF), focando em segurança pública e crimes ambientais, sem mencionar eventos climáticos ou desastres.",,,,,,,,,,,,,,,,
120002549681_J0002,nao_relevante,"O trecho trata de política tributária e incentivos fiscais para a cadeia da carne, sem qualquer menção a riscos climáticos ou desastres.",,,,,,,,,,,,,,,,
120002549681_J0003,relevante,"O texto menciona explicitamente queimadas catastróficas, seca extrema e ações de prevenção e manejo de fogo.",TRUE,FALSE,FALSE,FALSE,FALSE,FALSE,TRUE,TRUE,FALSE,FALSE,FALSE,FALSE,FALSE,FALSE,3,O texto propõe a criação de uma brigada estadual permanente e o manejo integrado do fogo como ações de prevenção a desastres climáticos (queimadas).
120002549681_J0004,relevante,O trecho menciona a prevenção de áreas queimadas (incêndios florestais).,,,,,,,,,,,,,,,,
120002549681_J0005,relevante,"O trecho menciona explicitamente o tema 'queimada', que é um evento de desastre/risco listado na categoria relevante.",FALSE,FALSE,FALSE,FALSE,FALSE,FALSE,FALSE,TRUE,FALSE,FALSE,FALSE,FALSE,FALSE,FALSE,1,"O trecho foca em dados de prejuízo e uma projeção de redução de área queimada, caracterizando um diagnóstico/projeção sem propor uma ação concreta."
120002552191_J0001,relevante,O trecho menciona explicitamente a prevenção de alagamentos e erosões por meio de drenagem integrada.,TRUE,FALSE,FALSE,FALSE,TRUE,FALSE,FALSE,FALSE,FALSE,FALSE,FALSE,FALSE,FALSE,FALSE,3,O trecho propõe uma ação técnica de drenagem integrada para prevenir riscos de alagamentos e erosões.
120002552191_J0002,relevante,O trecho menciona explicitamente a redução de alagamentos e erosões por meio de drenagem integrada.,TRUE,FALSE,FALSE,FALSE,TRUE,FALSE,FALSE,FALSE,FALSE,FALSE,FALSE,FALSE,FALSE,FALSE,3,O trecho propõe uma ação de infraestrutura (drenagem integrada) com o objetivo específico de prevenir riscos de desastres como alagamentos e erosões.
120002552191_J0003,relevante,"O trecho menciona explicitamente o combate a queimadas criminosas, o que se enquadra na categoria de relevante.",,,,,,,,,,,,,,,,
120002552201_J0001,nao_relevante,"O trecho trata de saúde pública e infraestrutura hospitalar, o que está explicitamente fora do escopo.",,,,,,,,,,,,,,,,
130002539775_J0001,relevante,O trecho menciona explicitamente a Defesa Civil e a proteção diante de desastres.,,,,,,,,,,,,,,,,
130002539775_J0005,relevante,O trecho menciona explicitamente adaptação climática e a prevenção e combate a incêndios florestais.,,,,,,,,,,,,,,,,
130002539775_J0007,relevante,"O trecho menciona explicitamente a adaptação às mudanças climáticas, o que o enquadra na categoria relevante conforme as regras de decisão.",,,,,,,,,,,,,,,,
130002539775_J0008,clima_geral,"O trecho menciona mudanças climáticas e transição energética de forma geral, sem referir eventos extremos ou ações de adaptação a riscos específicos.",,,,,,,,,,,,,,,,
130002539775_J0009,clima_geral,"O trecho menciona mudanças climáticas e transição energética de forma genérica, sem referir eventos extremos ou ações de adaptação.",,,,,,,,,,,,,,,,
130002539775_J0010,relevante,"O texto menciona explicitamente a preparação para desastres ambientais, o que se enquadra na definição de gestão de riscos e desastres.",,,,,,,,,,,,,,,,
130002539775_J0011,relevante,"O trecho menciona explicitamente Defesa Civil, desastres, enchentes, deslizamentos e incêndios florestais no contexto de prevenção e resposta.",TRUE,TRUE,FALSE,FALSE,TRUE,TRUE,FALSE,TRUE,FALSE,FALSE,FALSE,FALSE,TRUE,FALSE,2,"O texto apresenta uma diretriz de fortalecimento do Corpo de Bombeiros para atuar em prevenção e resposta a desastres, sem propor uma ação concreta ou meta específica."
130002539775_J0012,relevante,"O trecho menciona explicitamente Defesa Civil, desastres, monitoramento de riscos e adaptação às mudanças climáticas.",,,,,,,,,,,,,,,,
130002539775_J0013,relevante,"O texto menciona explicitamente eventos extremos (enchentes, secas, deslizamentos), desastres, adaptação climática, redução de riscos, planos de contingência e Defesa Civil.",,,,,,,,,,,,,,,,
130002539775_J0014,relevante,O texto menciona explicitamente a necessidade de o Estado estar preparado para lidar com desastres e emergências.,,,,,,,,,,,,,,,,
130002539775_J0015,relevante,O trecho menciona explicitamente a Defesa Civil e o acompanhamento de riscos no contexto de atuação estatal.,TRUE,FALSE,FALSE,FALSE,FALSE,FALSE,FALSE,FALSE,FALSE,FALSE,FALSE,FALSE,FALSE,TRUE,2,O trecho propõe uma diretriz de articulação institucional e menção à Defesa Civil sem detalhar uma ação concreta ou meta específica.
130002539775_J0016,relevante,"O texto menciona explicitamente o desafio da escassez hídrica, que se enquadra no critério de seca/estiagem.",,,,,,,,,,,,,,,,
130002539775_J0017,relevante,O trecho menciona explicitamente eventos extremos (seca e chuvas extremas) e os riscos climáticos associados à produção rural.,,,,,,,,,,,,,,,,
130002539775_J0018,relevante,"O trecho menciona explicitamente gestão de risco, condições climáticas adversas e o uso de informações meteorológicas para lidar com a escassez.",,,,,,,,,,,,,,,,
130002539775_J0020,relevante,O trecho menciona explicitamente a expressão 'riscos climáticos'.,,,,,,,,,,,,,,,,
130002539775_J0021,relevante,O trecho menciona explicitamente as consequências de desastres e a necessidade de reconstrução no território.,,,,,,,,,,,,,,,,
130002539775_J0022,relevante,O texto menciona explicitamente a necessidade de conhecer riscos ambientais para o planejamento territorial.,,,,,,,,,,,,,,,,
130002539775_J0023,relevante,"O trecho menciona explicitamente o enfrentamento de alagamentos, o que se enquadra na categoria de eventos climáticos/desastres.",TRUE,FALSE,FALSE,FALSE,TRUE,FALSE,FALSE,FALSE,FALSE,FALSE,FALSE,FALSE,FALSE,FALSE,2,"O texto propõe uma diretriz de abordagem para enfrentar alagamentos, mas sem apresentar uma ação, programa ou obra específica."
130002539775_J0024,relevante,"O texto menciona explicitamente eventos extremos (enchentes, secas, incêndios, deslizamentos), gestão de riscos, planos de contingência e a atuação da Defesa Civil.",,,,,,,,,,,,,,,,
130002539775_J0026,relevante,"O texto menciona explicitamente eventos climáticos extremos, riscos em encostas e sistemas de drenagem, além de citar a Defesa Civil e ações preventivas.",,,,,,,,,,,,,,,,
130002539775_J0027,relevante,"O texto menciona explicitamente riscos associados a barragens, ocupação de áreas vulneráveis e eventos climáticos extremos.",FALSE,FALSE,FALSE,FALSE,FALSE,FALSE,FALSE,FALSE,FALSE,FALSE,FALSE,TRUE,FALSE,TRUE,1,"O trecho descreve a existência de riscos associados a barragens e eventos climáticos extremos, caracterizando um diagnóstico da situação atual sem propor soluções."
130002539775_J0028,relevante,"O trecho menciona explicitamente a vulnerabilidade diante de secas, o que se enquadra na definição de risco e eventos climáticos.",,,,,,,,,,,,,,,,
130002539775_J0029,relevante,"O trecho menciona explicitamente a Defesa Civil, áreas de risco e a preparação para emergências.",,,,,,,,,,,,,,,,
130002539775_J0030,relevante,"O texto menciona explicitamente eventos extremos (secas, enchentes, deslizamentos), riscos climáticos, áreas de risco, Defesa Civil e ações de adaptação e prevenção.",,,,,,,,,,,,,,,,
130002539775_J0031,relevante,"O texto menciona explicitamente adaptação à seca, barragens e adaptação climática.",,,,,,,,,,,,,,,,
130002539775_J0032,relevante,O trecho menciona explicitamente a adaptação climática com o objetivo de reduzir perdas humanas e materiais.,FALSE,FALSE,FALSE,TRUE,FALSE,FALSE,FALSE,FALSE,FALSE,FALSE,FALSE,FALSE,FALSE,TRUE,0,"A frase foca no benefício da adaptação climática de forma genérica, funcionando como um princípio ou slogan sem propor uma ação ou diagnóstico específico."
130002539775_J0033,clima_geral,"O trecho menciona 'mudanças climáticas' de forma genérica dentro de uma lista de agendas transversais, sem referir eventos extremos ou adaptação.",,,,,,,,,,,,,,,,
130002539775_J0034,relevante,"O trecho menciona explicitamente a vulnerabilidade a eventos climáticos extremos como seca, calor, incêndios e chuvas intensas.",,,,,,,,,,,,,,,,
130002539775_J0035,relevante,O trecho menciona explicitamente 'eventos climáticos' como um fator que impacta o planejamento urbano.,FALSE,FALSE,FALSE,FALSE,FALSE,FALSE,FALSE,FALSE,FALSE,FALSE,FALSE,FALSE,FALSE,FALSE,1,"O trecho identifica os eventos climáticos como um fator que poderá alterar a dinâmica urbana, descrevendo uma situação/tendência sem propor ações."
130002539775_J0036,clima_geral,"O texto menciona mudanças climáticas de forma geral, sem referir-se explicitamente a eventos extremos, desastres ou ações de adaptação a riscos.",,,,,,,,,,,,,,,,
130002539775_J0037,relevante,O trecho menciona o mapeamento de vulnerabilidades e a incorporação de critérios de resiliência e riscos futuros no planejamento de infraestruturas.,,,,,,,,,,,,,,,,
130002541911_J0001,relevante,O texto menciona explicitamente a exposição ao risco climático e a irregularidade hídrica como desafios do setor.,,,,,,,,,,,,,,,,
130002541911_J0002,relevante,O texto menciona explicitamente a exposição a eventos climáticos extremos e faz referência a desastres e segurança de barragens.,,,,,,,,,,,,,,,,
130002541911_J0003,relevante,"O texto menciona explicitamente adaptação climática, redução de vulnerabilidade a eventos extremos, segurança de barragens e enfrentamento a queimadas.",,,,,,,,,,,,,,,,
130002544411_J0001,nao_relevante,"O texto apresenta uma lista de modalidades esportivas, sem qualquer menção a riscos climáticos, desastres ou agenda climática.",,,,,,,,,,,,,,,,
130002544411_J0002,nao_relevante,O termo 'plano de contingência' refere-se à continuidade operacional de infraestrutura logística e não a eventos climáticos ou desastres naturais.,,,,,,,,,,,,,,,,
130002544411_J0003,relevante,"O trecho menciona explicitamente a 'defesa civil', que é um termo de relevância para a gestão de riscos e desastres.",,,,,,,,,,,,,,,,
130002544411_J0004,relevante,"O texto menciona 'barragens' e 'defesa civil local', que estão diretamente ligados a riscos de desastres e gestão de riscos.",,,,,,,,,,,,,,,,
130002544411_J0005,relevante,O trecho menciona explicitamente a integração com a Defesa Civil e a realização de testes de emergência para estruturas críticas.,,,,,,,,,,,,,,,,
130002544411_J0006,relevante,O trecho menciona explicitamente investimento para a Defesa Civil.,,,,,,,,,,,,,,,,
130002544411_J0007,relevante,O trecho menciona explicitamente 'defesa civil' e 'emergência' no contexto de gestão de riscos e interoperabilidade de dados.,TRUE,FALSE,FALSE,FALSE,FALSE,FALSE,FALSE,FALSE,FALSE,FALSE,FALSE,TRUE,FALSE,FALSE,3,O trecho propõe uma ação concreta de gestão de risco ao estabelecer a interoperabilidade de dados específicos para a priorização por risco.
130002544411_J0008,relevante,O trecho menciona explicitamente a Defesa Civil como um dos setores que poderão ser executados por consórcios.,,,,,,,,,,,,,,,,
130002544411_J0009,relevante,O trecho menciona explicitamente a Defesa Civil como parte de uma integração de órgãos.,,,,,,,,,,,,,,,,
130002544411_J0010,relevante,"O trecho menciona explicitamente 'defesa civil' e 'emergência', termos que integram a regra de classificação para relevante.",,,,,,,,,,,,,,,,
130002544411_J0011,relevante,O trecho menciona explicitamente a gestão de riscos climáticos.,,,,,,,,,,,,,,,,
130002546802_J0001,relevante,O trecho menciona explicitamente a garantia de abastecimento durante períodos de estiagem hídrica.,,,,,,,,,,,,,,,,
130002546802_J0002,relevante,O texto menciona explicitamente a necessidade de alternativas de moradia para a população localizada em áreas de risco.,TRUE,FALSE,FALSE,FALSE,FALSE,FALSE,FALSE,FALSE,FALSE,FALSE,FALSE,FALSE,FALSE,TRUE,2,"O trecho propõe uma diretriz de política habitacional para populações em áreas de risco, sem detalhar uma ação, obra ou programa específico."
130002546802_J0003,relevante,O trecho menciona explicitamente a remoção de famílias em áreas de risco.,TRUE,FALSE,FALSE,FALSE,FALSE,FALSE,FALSE,FALSE,FALSE,FALSE,FALSE,FALSE,FALSE,TRUE,3,O trecho propõe uma ação específica de resposta a desastres (remoção emergencial) em áreas de risco.
130002547874_J0001,relevante,O texto menciona explicitamente desastre ambiental e o rompimento de barragem.,,,,,,,,,,,,,,,,
130002547874_J0002,relevante,O trecho menciona explicitamente o abastecimento de populações atingidas por desastres ambientais.,,,,,,,,,,,,,,,,
130002547874_J0003,relevante,O trecho menciona reparação e reassentamento de comunidades atingidas por desastres e o risco associado a barragens de rejeitos.,,,,,,,,,,,,,,,,
130002549557_J0001,relevante,"O trecho menciona explicitamente áreas secas, o que integra a lista de termos para classificação como relevante.",,,,,,,,,,,,,,,,
130002549557_J0002,relevante,O trecho menciona explicitamente a 'adaptação climática' como uma área de atuação da Epamig.,,,,,,,,,,,,,,,,
130002549557_J0003,relevante,"O trecho menciona a concentração de barragens de rejeitos no estado, o que remete ao risco de rompimento de barragem.",,,,,,,,,,,,,,,,
130002549557_J0004,relevante,"O trecho menciona a desativação de barragens de rejeitos, o que se relaciona diretamente à gestão de riscos e prevenção de desastres tecnológicos.",,,,,,,,,,,,,,,,
130002549557_J0005,relevante,"O texto menciona explicitamente o monitoramento de queimadas e barragens, que são eventos de risco e desastres.",,,,,,,,,,,,,,,,
130002549557_J0006,relevante,"O texto menciona explicitamente o monitoramento de riscos em barragens, planos de emergência, prevenção de desastres e resposta a eventos extremos.",,,,,,,,,,,,,,,,
130002549557_J0007,relevante,O trecho menciona explicitamente a atuação em situações de desastres e rompimentos.,FALSE,TRUE,FALSE,FALSE,FALSE,FALSE,FALSE,FALSE,FALSE,FALSE,FALSE,FALSE,FALSE,TRUE,3,O texto propõe a criação de uma equipe técnica e permanente para reforçar municípios em situações de desastres e rompimentos.
130002549557_J0008,nao_relevante,"O texto trata de risco fiscal e déficit orçamentário, não mencionando eventos climáticos ou desastres naturais.",,,,,,,,,,,,,,,,
130002549557_J0009,relevante,O texto menciona explicitamente a 'adaptação climática' como uma das áreas prioritárias para aplicação de recursos.,,,,,,,,,,,,,,,,
130002550464_J0001,clima_geral,"O trecho menciona a falta de planejamento para enfrentar a emergência climática de forma geral, sem citar eventos extremos ou ações de adaptação específicas.",,,,,,,,,,,,,,,,
130002550464_J0002,clima_geral,"O trecho menciona o enfrentamento das mudanças climáticas e a transição energética de forma geral, sem citar eventos extremos ou desastres específicos.",,,,,,,,,,,,,,,,
130002550464_J0003,clima_geral,"O trecho menciona o enfrentamento à crise climática e a governança climática de forma geral, sem citar eventos extremos ou ações de adaptação específicas.",,,,,,,,,,,,,,,,
130002550464_J0004,relevante,"O texto menciona explicitamente eventos extremos (enchentes, secas, queimadas, deslizamentos), gestão de riscos, Defesa Civil e ações de prevenção, monitoramento e resposta a desastres.",,,,,,,,,,,,,,,,
130002550464_J0005,relevante,"O trecho menciona explicitamente a prevenção a secas e crises de abastecimento, que são eventos climáticos/desastres.",,,,,,,,,,,,,,,,
130002550464_J0006,relevante,O trecho menciona explicitamente a integração da proteção animal a políticas de prevenção e resposta a desastres e mudanças climáticas.,FALSE,FALSE,FALSE,FALSE,FALSE,FALSE,FALSE,FALSE,FALSE,FALSE,FALSE,FALSE,FALSE,TRUE,2,"O trecho propõe uma diretriz de integração de políticas sem especificar uma ação concreta, programa ou meta para o tema de risco e desastre."
130002550464_J0007,clima_geral,"O texto menciona mudanças climáticas e transição energética de forma geral, sem referir eventos extremos ou ações de adaptação a desastres.",,,,,,,,,,,,,,,,
130002550464_J0008,relevante,O texto menciona explicitamente a adaptação às mudanças climáticas como uma prioridade de investimento.,FALSE,FALSE,FALSE,TRUE,FALSE,FALSE,FALSE,FALSE,FALSE,FALSE,FALSE,FALSE,FALSE,FALSE,2,"O trecho estabelece uma diretriz de priorização de investimentos que inclui a adaptação às mudanças climáticas, sem propor uma ação específica ou meta quantificada."
130002550464_J0009,relevante,"O texto menciona a estabilidade de encostas e a resposta a eventos climáticos, o que se enquadra em gestão de riscos e eventos extremos.",,,,,,,,,,,,,,,,
130002550464_J0010,relevante,O texto menciona explicitamente a prevenção de riscos climáticos no contexto da proteção do patrimônio cultural.,TRUE,FALSE,FALSE,FALSE,FALSE,FALSE,FALSE,FALSE,FALSE,FALSE,FALSE,FALSE,FALSE,FALSE,2,"O trecho propõe a prevenção de riscos climáticos como uma diretriz dentro de um objetivo mais amplo de fortalecimento de instituições culturais, sem detalhar uma ação específica."
130002550834_J0001,nao_relevante,O texto trata de segurança pública (sistema prisional e combate à violência) e não menciona eventos climáticos ou riscos de desastres.,,,,,,,,,,,,,,,,
130002552296_J0001,nao_relevante,"O trecho trata de segurança pública e a menção à Defesa Civil ocorre apenas como órgão para integração de dados de inteligência, sem abordar gestão de riscos ou desastres.",,,,,,,,,,,,,,,,
130002552296_J0002,relevante,"O trecho menciona explicitamente a Defesa Civil, o mapeamento de áreas de risco e a elaboração de planos de contingência.",,,,,,,,,,,,,,,,
130002552296_J0003,relevante,"O texto menciona explicitamente prevenção de desastres, adaptação climática, enfrentamento de enchentes e secas, além de mapeamento de risco e redes de alerta.",,,,,,,,,,,,,,,,
140002542386_J0001,relevante,"O texto menciona explicitamente enchentes, eventos climáticos extremos e adaptação urbana.",,,,,,,,,,,,,,,,
140002542386_J0002,relevante,O texto menciona explicitamente a integração com a Defesa Civil e a necessidade de análises de risco climático em obras públicas.,,,,,,,,,,,,,,,,
140002542386_J0003,relevante,O trecho menciona explicitamente a prevenção de desastres e a necessidade de adaptação urbana.,TRUE,FALSE,FALSE,TRUE,FALSE,FALSE,FALSE,FALSE,FALSE,FALSE,FALSE,FALSE,FALSE,TRUE,3,"O texto propõe a elaboração e execução de Planos Locais de Ação Climática com foco em prevenção de desastres, o que caracteriza um instrumento identificável de adaptação."
140002542386_J0004,relevante,"O texto menciona explicitamente a contenção de riscos em áreas de encostas e baixadas, além de medidas de adaptação para lidar com inundações (parques inundáveis e pavimentos permeáveis).",,,,,,,,,,,,,,,,
140002542386_J0005,relevante,O trecho menciona explicitamente cenários de secas extremas e inundações no contexto de segurança hídrica.,,,,,,,,,,,,,,,,
140002549930_J0001,nao_relevante,"O termo 'gestão de riscos' é utilizado no contexto de controle administrativo e integridade pública, não se referindo a riscos climáticos ou desastres.",,,,,,,,,,,,,,,,
140002549930_J0002,clima_geral,"O trecho menciona mudanças climáticas de forma genérica como uma área de pesquisa, sem citar eventos extremos, riscos ou adaptação.",,,,,,,,,,,,,,,,
140002549930_J0003,clima_geral,"O trecho menciona mudanças climáticas de forma geral como uma área prioritária para a pesquisa científica, sem citar eventos extremos ou adaptação.",,,,,,,,,,,,,,,,
140002549930_J0004,nao_relevante,"O termo 'gestão de riscos' é utilizado no contexto de controle administrativo e integridade pública, não se referindo a riscos climáticos ou desastres.",,,,,,,,,,,,,,,,
140002551598_J0001,relevante,O trecho menciona explicitamente o enfrentamento de desastres climáticos.,TRUE,FALSE,FALSE,FALSE,FALSE,FALSE,FALSE,FALSE,FALSE,FALSE,FALSE,FALSE,FALSE,TRUE,2,"O trecho propõe uma diretriz de capacitação e vistorias, mas sem detalhar uma ação, programa ou meta específica e quantificável."
140002551598_J0002,relevante,"O trecho menciona explicitamente a redução de alagamentos, que é um evento de risco/desastre natural.",TRUE,FALSE,FALSE,FALSE,TRUE,FALSE,FALSE,FALSE,FALSE,FALSE,FALSE,FALSE,FALSE,FALSE,2,"O trecho propõe a implementação de um programa de apoio, o que caracteriza uma diretriz de política sem detalhar a ação técnica ou o instrumento específico."
140002551598_J0003,relevante,O trecho menciona explicitamente a redução de alagamentos e o fortalecimento da adaptação das cidades às mudanças climáticas.,,,,,,,,,,,,,,,,
140002551598_J0004,clima_geral,"O trecho menciona mudanças climáticas de forma genérica, sem referir eventos extremos, desastres ou ações de adaptação específicas.",,,,,,,,,,,,,,,,
140002551598_J0005,clima_geral,"O texto menciona mudanças climáticas e agenda climática de forma genérica, sem citar eventos extremos, desastres ou ações de adaptação.",,,,,,,,,,,,,,,,
140002551598_J0006,relevante,"O trecho menciona explicitamente políticas de adaptação às mudanças climáticas, o que o enquadra na categoria relevante.",,,,,,,,,,,,,,,,
140002551598_J0007,relevante,"O texto menciona explicitamente a prevenção e o combate a queimadas e incêndios florestais, que são eventos de risco/desastre.",,,,,,,,,,,,,,,,
140002551598_J0008,relevante,"O texto menciona explicitamente o combate a queimadas e incêndios florestais, áreas de risco, adaptação climática e os efeitos de seca e cheia.",,,,,,,,,,,,,,,,
140002551598_J0009,relevante,O texto menciona explicitamente a prevenção e resposta a eventos climáticos extremos para proteger vidas e serviços.,,,,,,,,,,,,,,,,
140002551943_J0001,relevante,O texto menciona explicitamente a priorização de moradores de áreas de risco no programa de habitação.,,,,,,,,,,,,,,,,
140002551943_J0002,relevante,O trecho menciona explicitamente obras de contenção em áreas de risco e a adaptação das cidades às mudanças climáticas.,TRUE,FALSE,FALSE,TRUE,TRUE,TRUE,FALSE,FALSE,TRUE,FALSE,FALSE,FALSE,FALSE,FALSE,3,"O trecho foca na realização de obras de contenção de áreas de risco, o que caracteriza uma ação concreta de prevenção de desastres."
140002551943_J0003,relevante,"O trecho menciona explicitamente enchentes, incêndios e desabamentos como eventos que geram a necessidade de auxílio emergencial.",FALSE,TRUE,FALSE,FALSE,TRUE,TRUE,FALSE,TRUE,FALSE,FALSE,FALSE,FALSE,FALSE,FALSE,3,O texto propõe uma ação concreta de resposta/recuperação (garantir auxílio temporário/aluguel social) para famílias atingidas por desastres.
140002551943_J0004,relevante,"O trecho menciona explicitamente o termo 'queimadas', que faz parte da lista de eventos de risco e desastres para classificação relevante.",FALSE,FALSE,FALSE,FALSE,FALSE,FALSE,FALSE,TRUE,FALSE,FALSE,FALSE,FALSE,FALSE,FALSE,1,"O trecho descreve um cenário histórico de problemas ambientais e conflitos, sem propor soluções ou ações específicas."
140002551943_J0005,relevante,"O trecho menciona explicitamente queimadas, que são classificadas como eventos de risco ou desastre.",,,,,,,,,,,,,,,,
140002551943_J0006,relevante,"O texto menciona explicitamente eventos extremos (secas, enchentes, incêndios florestais) e a exposição de populações a desastres climáticos.",,,,,,,,,,,,,,,,
140002551943_J0007,relevante,"O trecho menciona explicitamente o combate a queimadas criminosas, o que se enquadra na categoria de relevante.",FALSE,FALSE,FALSE,FALSE,FALSE,FALSE,FALSE,TRUE,FALSE,FALSE,FALSE,FALSE,FALSE,FALSE,0,"O trecho trata de combate ao desmatamento e crimes ambientais, temas que não se enquadram na definição de risco e desastre estabelecida."
140002551943_J0008,relevante,"O texto menciona explicitamente a prevenção de queimadas, planos de adaptação para eventos extremos (secas, enchentes, ondas de calor), Defesa Civil e sistemas de alerta.",,,,,,,,,,,,,,,,
140002551943_J0009,relevante,"O trecho menciona 'queimadas' em uma lista de dados para transparência ambiental, o que se enquadra na regra de relevância.",,,,,,,,,,,,,,,,
140002554108_J0001,relevante,O trecho menciona explicitamente a expansão de áreas de risco.,,,,,,,,,,,,,,,,
140002554108_J0002,nao_relevante,"O termo 'áreas de risco' é utilizado no contexto de vulnerabilidade social e habitação, não se referindo a riscos climáticos ou desastres naturais.",,,,,,,,,,,,,,,,
140002554108_J0003,clima_geral,"O texto menciona a crise climática e o colapso ambiental de forma geral, sem citar eventos extremos, desastres específicos ou ações de adaptação.",,,,,,,,,,,,,,,,
140002554108_J0004,relevante,"O texto menciona impactos de barragens de rejeitos e riscos associados à exploração de recursos, o que se enquadra em riscos tecnológicos e ambientais.",,,,,,,,,,,,,,,,
150002538692_J0001,nao_relevante,"O trecho apresenta apenas títulos de seções e uma introdução genérica, sem descrever ações ou menções a riscos e desastres.",,,,,,,,,,,,,,,,
150002538692_J0002,relevante,O trecho menciona explicitamente a Defesa Civil como parte da estrutura de proteção do Estado.,,,,,,,,,,,,,,,,
150002538692_J0003,relevante,O texto menciona explicitamente a seca como um evento que destrói investimentos no campo.,TRUE,FALSE,FALSE,FALSE,FALSE,FALSE,TRUE,FALSE,FALSE,FALSE,FALSE,FALSE,FALSE,FALSE,1,"O trecho descreve o impacto negativo da seca e da incerteza climática sobre os investimentos no campo, caracterizando um diagnóstico do problema sem propor uma solução específica."
150002538692_J0004,relevante,O texto menciona explicitamente a seca recorrente no semiárido como um desafio.,,,,,,,,,,,,,,,,
150002538692_J0005,relevante,O trecho menciona explicitamente a gestão de períodos de estiagem prolongada.,TRUE,FALSE,FALSE,FALSE,FALSE,FALSE,TRUE,FALSE,FALSE,FALSE,FALSE,FALSE,FALSE,FALSE,2,"O trecho propõe uma diretriz de governança para lidar com o risco de estiagem, sem detalhar uma ação concreta ou meta específica."
150002538692_J0006,relevante,"O texto menciona explicitamente a existência de famílias vivendo em áreas de risco, o que remete à vulnerabilidade a desastres naturais.",,,,,,,,,,,,,,,,
150002538692_J0007,relevante,"O texto menciona explicitamente a adaptação às mudanças climáticas, o que o enquadra na categoria relevante.",,,,,,,,,,,,,,,,
150002538692_J0008,clima_geral,"O trecho menciona transição energética e resiliência climática de forma geral, sem citar eventos extremos ou desastres específicos.",,,,,,,,,,,,,,,,
150002538692_J0009,clima_geral,"O trecho menciona 'emergência climática' de forma geral, sem referir eventos extremos, desastres ou ações de adaptação específicas.",,,,,,,,,,,,,,,,
150002538692_J0010,relevante,"O trecho menciona explicitamente a prevenção de desastres naturais, como secas extremas e inundações, e a atuação da Defesa Civil.",,,,,,,,,,,,,,,,
150002538692_J0011,relevante,O trecho menciona explicitamente a estruturação da Defesa Civil para prevenir e responder a desastres.,,,,,,,,,,,,,,,,
150002538692_J0012,relevante,"O texto menciona explicitamente a Defesa Civil, alertas, prevenção, áreas de risco e eventos climáticos.",TRUE,TRUE,FALSE,FALSE,FALSE,FALSE,FALSE,FALSE,FALSE,FALSE,FALSE,FALSE,FALSE,TRUE,3,O texto propõe a implantação de uma rede estadual de defesa civil com bases regionais e sistema de alerta antecipado.
150002544133_J0001,relevante,O trecho menciona explicitamente a estiagem e seus impactos na vida das pessoas e na agricultura.,,,,,,,,,,,,,,,,
150002544133_J0002,relevante,"O trecho menciona explicitamente a convivência com a seca, que é um evento climático/desastre natural listado nas regras de relevância.",TRUE,FALSE,FALSE,FALSE,FALSE,FALSE,TRUE,FALSE,FALSE,FALSE,FALSE,FALSE,FALSE,FALSE,2,"O trecho propõe a ampliação de programas e projetos para lidar com a seca, o que constitui uma diretriz de política sem detalhar uma ação, obra ou instrumento específico."
150002544133_J0003,nao_relevante,"O trecho trata exclusivamente de infraestrutura de transportes e duplicação de rodovias, sem menção a riscos climáticos ou agenda climática.",,,,,,,,,,,,,,,,
150002544133_J0004,relevante,O trecho menciona explicitamente a Defesa Civil e a atuação em desastres e busca e salvamento.,FALSE,TRUE,FALSE,FALSE,FALSE,FALSE,FALSE,FALSE,FALSE,FALSE,FALSE,FALSE,FALSE,TRUE,3,"O texto propõe a criação de um instrumento identificável (protocolo único de acionamento) para busca, salvamento e desastres."
150002544133_J0005,relevante,"O trecho menciona o combate à escassez hídrica, que está diretamente relacionada a eventos de seca e estiagem.",,,,,,,,,,,,,,,,
150002544133_J0006,relevante,"O texto menciona apoio a produtores durante épocas de estiagem, o que se enquadra na categoria de gestão de eventos climáticos/seca.",,,,,,,,,,,,,,,,
150002544133_J0007,relevante,O trecho menciona o oferecimento de aluguel social para famílias desabrigadas ou desalojadas por desastres e situações de risco.,,,,,,,,,,,,,,,,
150002544133_J0008,nao_relevante,O texto trata de manutenção e duplicação de rodovias (infraestrutura de transporte) sem mencionar riscos climáticos ou desastres.,,,,,,,,,,,,,,,,
150002544133_J0009,nao_relevante,"O termo 'risco' refere-se à segurança viária e geométrica em serras, não a riscos climáticos ou desastres naturais.",,,,,,,,,,,,,,,,
150002544133_J0010,nao_relevante,"O texto trata de educação para o trânsito, habilitação social e regularização de veículos, sem menção a riscos climáticos ou agenda climática.",,,,,,,,,,,,,,,,
150002544133_J0011,relevante,"O texto menciona explicitamente ações de adaptação climática, sistemas de monitoramento e alerta, e proteção contra eventos como ressacas e avanço do nível do mar.",,,,,,,,,,,,,,,,
150002551789_J0001,relevante,O texto menciona explicitamente a Defesa Civil no contexto de articulação para a proteção da vida e resposta a emergências.,,,,,,,,,,,,,,,,
150002551789_J0002,relevante,O trecho menciona explicitamente a Defesa Civil e a ampliação da capacidade de resposta a emergências.,,,,,,,,,,,,,,,,
150002551789_J0003,relevante,O trecho menciona explicitamente o foco em populações residentes em áreas de risco.,,,,,,,,,,,,,,,,
150002551789_J0004,relevante,O trecho menciona explicitamente a redução de vulnerabilidades diante de eventos climáticos extremos como estiagens e enchentes.,,,,,,,,,,,,,,,,
150002551789_J0005,clima_geral,"O texto menciona mudanças climáticas e resiliência de forma genérica, sem citar eventos extremos ou desastres específicos.",,,,,,,,,,,,,,,,
150002552603_J0001,nao_relevante,"O trecho trata de saúde pública e infraestrutura hospitalar, o que está explicitamente fora do escopo.",,,,,,,,,,,,,,,,
160002540833_J0001,relevante,O trecho menciona explicitamente a Defesa Civil em uma lista de temáticas.,,,,,,,,,,,,,,,,
160002540833_J0002,relevante,"O texto menciona explicitamente enchentes, eventos climáticos extremos, desastres e a atuação da Defesa Civil.",,,,,,,,,,,,,,,,
160002540833_J0003,clima_geral,"O trecho menciona a ampliação da resiliência climática de forma geral no contexto da agricultura, sem citar eventos extremos ou desastres específicos.",,,,,,,,,,,,,,,,
160002540833_J0004,nao_relevante,"O trecho trata de segurança alimentar e programas de assistência social, sem menção a riscos climáticos ou mudanças climáticas.",,,,,,,,,,,,,,,,
160002540833_J0005,relevante,O texto menciona explicitamente o enfrentamento da seca e ações de infraestrutura para tornar a produção mais resistente às mudanças do clima.,TRUE,FALSE,FALSE,TRUE,FALSE,FALSE,TRUE,FALSE,FALSE,FALSE,FALSE,FALSE,FALSE,FALSE,0,"O trecho focado apresenta apenas um slogan/nome de programa para enfrentar a seca, sem propor uma ação concreta ou diagnóstico específico."
160002540833_J0006,relevante,O texto menciona explicitamente adaptação climática e drenagem urbana no contexto de infraestrutura.,,,,,,,,,,,,,,,,
160002540833_J0007,relevante,"O texto menciona a substituição de moradias em áreas de risco, especificamente em margens de rio e encostas.",,,,,,,,,,,,,,,,
160002540833_J0008,relevante,O texto menciona explicitamente o combate a enchentes e alagamentos por meio de planos de drenagem urbana.,,,,,,,,,,,,,,,,
160002540833_J0009,relevante,O trecho menciona explicitamente a mitigação dos riscos de enchentes.,,,,,,,,,,,,,,,,
160002540833_J0010,nao_relevante,"O termo 'gestão de riscos' refere-se à governança e integridade administrativa, não a riscos climáticos ou desastres naturais.",,,,,,,,,,,,,,,,
160002540833_J0011,nao_relevante,"O termo 'gestão de riscos' refere-se ao contexto de governança e administração pública, não a riscos climáticos ou desastres naturais.",,,,,,,,,,,,,,,,
160002540833_J0012,relevante,O trecho menciona explicitamente a Defesa Civil como parte das ações para promover um estado protegido.,,,,,,,,,,,,,,,,
160002540833_J0013,relevante,"O texto menciona explicitamente Defesa Civil, desastres, eventos climáticos extremos e gestão de riscos.",,,,,,,,,,,,,,,,
160002540833_J0014,relevante,O trecho menciona explicitamente a Defesa Civil e ações de prevenção e resposta a desastres e emergências.,TRUE,TRUE,FALSE,FALSE,FALSE,FALSE,FALSE,FALSE,FALSE,FALSE,FALSE,FALSE,FALSE,TRUE,2,"O trecho propõe uma diretriz de ampliação de capacidade de prevenção e resposta, mas sem detalhar uma ação ou instrumento específico."
160002540833_J0015,relevante,"O texto menciona explicitamente Defesa Civil, mapeamento de riscos, eventos extremos, enchentes, deslizamentos e ações de prevenção e resposta a desastres.",,,,,,,,,,,,,,,,
160002547666_J0001,relevante,O texto menciona explicitamente a preparação de planos de continuidade diante de crises e desastres.,,,,,,,,,,,,,,,,
160002547666_J0002,relevante,O trecho menciona explicitamente a Defesa Civil como parte de soluções compartilhadas entre municípios.,TRUE,FALSE,FALSE,FALSE,FALSE,FALSE,FALSE,FALSE,FALSE,FALSE,FALSE,FALSE,FALSE,FALSE,2,"O trecho cita a Defesa Civil dentro de uma lista genérica de serviços a serem apoiados via consórcios, sem propor uma ação específica de risco e desastre."
160002547666_J0003,nao_relevante,"O trecho aborda a Defesa Civil apenas como título de seção, mas o conteúdo foca exclusivamente em segurança pública e policiamento.",,,,,,,,,,,,,,,,
160002547666_J0004,relevante,"O trecho menciona explicitamente a Defesa Civil, o mapeamento de riscos, alertas e a resposta a desastres.",,,,,,,,,,,,,,,,
160002547666_J0005,relevante,"O trecho menciona explicitamente adaptação climática, alertas e orientação para eventos extremos.",,,,,,,,,,,,,,,,
160002547666_J0006,relevante,O trecho menciona explicitamente a proteção de famílias que vivem em áreas de risco.,TRUE,FALSE,FALSE,FALSE,FALSE,FALSE,FALSE,FALSE,FALSE,FALSE,FALSE,FALSE,FALSE,TRUE,2,"O trecho estabelece um compromisso de proteção para famílias em áreas de risco, mas sem propor uma ação concreta ou específica para isso."
160002547666_J0007,relevante,"O trecho menciona explicitamente áreas de risco, drenagem e contenção para a proteção de famílias.",,,,,,,,,,,,,,,,
160002547666_J0008,clima_geral,"O trecho menciona crise climática e transição ecológica de forma geral, sem citar eventos extremos ou ações de adaptação a desastres específicos.",,,,,,,,,,,,,,,,
160002547666_J0009,relevante,"O texto menciona explicitamente eventos extremos como secas, enchentes, ondas de calor e deslizamentos, além de protocolos para desastres.",TRUE,FALSE,FALSE,TRUE,TRUE,TRUE,TRUE,FALSE,TRUE,FALSE,FALSE,TRUE,FALSE,FALSE,2,"O trecho propõe um compromisso de preparação para eventos climáticos, mas não detalha uma ação, obra ou instrumento específico."
160002548010_J0001,relevante,"O texto menciona explicitamente eventos extremos como secas, enchentes e deslizamentos, além de tragédias ambientais.",,,,,,,,,,,,,,,,
160002548010_J0002,relevante,"O texto menciona explicitamente prevenção de desastres, Defesa Civil, enchentes, deslizamentos, áreas de risco e sistemas de alerta.",TRUE,FALSE,FALSE,FALSE,TRUE,TRUE,FALSE,FALSE,FALSE,FALSE,FALSE,FALSE,FALSE,FALSE,3,"O texto propõe ações concretas e identificáveis, como a elaboração de planos de prevenção e a organização de comitês populares com sistemas de alerta e rotas de fuga."
160002549553_J0001,clima_geral,"O trecho menciona mudanças climáticas e transição energética de forma genérica, sem citar eventos extremos ou ações de adaptação.",,,,,,,,,,,,,,,,
160002549553_J0002,relevante,O trecho menciona explicitamente o 'risco climático' como um dos critérios para a definição de estratégias diferenciadas.,FALSE,FALSE,FALSE,FALSE,FALSE,FALSE,FALSE,FALSE,FALSE,FALSE,FALSE,FALSE,FALSE,TRUE,2,"O texto propõe que as políticas sejam diferenciadas conforme o risco climático, estabelecendo um critério de direcionamento sem detalhar uma ação específica."
160002549553_J0003,relevante,"O texto menciona explicitamente a necessidade de adaptação, preparação da defesa civil e enfrentamento de eventos climáticos cada vez mais intensos.",,,,,,,,,,,,,,,,
160002549553_J0004,clima_geral,"O trecho menciona 'resiliência climática' de forma geral, sem referir-se a eventos extremos, desastres ou ações de adaptação específicas.",,,,,,,,,,,,,,,,
160002549553_J0005,relevante,O texto menciona explicitamente a estruturação de uma rede para enfrentar eventos climáticos extremos.,,,,,,,,,,,,,,,,
160002549553_J0006,nao_relevante,"O trecho trata de preparação para emergências em saúde pública e estrutura do SUS, o que está explicitamente fora do escopo.",,,,,,,,,,,,,,,,
160002549553_J0007,relevante,"O trecho menciona a proteção reforçada durante eventos climáticos, o que se enquadra na categoria de resposta ou preparação a eventos climáticos.",FALSE,FALSE,FALSE,FALSE,FALSE,FALSE,FALSE,FALSE,FALSE,FALSE,FALSE,FALSE,FALSE,TRUE,2,"O trecho propõe uma diretriz de proteção durante eventos climáticos, mas sem especificar uma ação concreta ou instrumento de mitigação."
160002549553_J0008,relevante,O texto menciona explicitamente a Defesa Civil e o uso de alertas preventivos.,TRUE,FALSE,FALSE,FALSE,FALSE,FALSE,FALSE,FALSE,FALSE,FALSE,FALSE,FALSE,FALSE,FALSE,2,"O trecho propõe uma diretriz de articulação e integração entre órgãos, o que se enquadra como compromisso ou direção de política sem uma ação específica identificável."
160002549553_J0009,relevante,O trecho menciona explicitamente a capacidade de resposta a emergências e desastres e a Defesa Civil.,TRUE,TRUE,FALSE,FALSE,FALSE,FALSE,FALSE,FALSE,FALSE,FALSE,FALSE,FALSE,FALSE,TRUE,2,"O texto propõe o aprimoramento da capacidade de resposta a emergências e desastres como uma diretriz de integração estratégica, sem detalhar uma ação concreta ou meta específica."
160002549553_J0010,relevante,O texto menciona explicitamente a integração de serviços de Defesa Civil e resposta a emergências.,,,,,,,,,,,,,,,,
160002549553_J0011,relevante,"O texto menciona explicitamente ações de prevenção, preparação e resposta a emergências, Defesa Civil, incêndios florestais, enchentes e deslizamentos.",,,,,,,,,,,,,,,,
160002549553_J0012,relevante,O trecho menciona explicitamente a resposta especializada a eventos climáticos.,,,,,,,,,,,,,,,,
160002549553_J0013,relevante,O texto menciona explicitamente 'resiliência climática' como um dos eixos de pesquisa e projetos-piloto.,,,,,,,,,,,,,,,,
160002549553_J0014,relevante,"O texto menciona explicitamente enchentes, secas, desastres e a Defesa Civil no contexto de resposta a emergências.",TRUE,FALSE,FALSE,FALSE,TRUE,FALSE,TRUE,FALSE,FALSE,FALSE,FALSE,FALSE,FALSE,TRUE,3,O texto propõe uma ação concreta e identificável (elaboração de protocolos de resposta alimentar) para lidar com situações de emergência e desastres.
160002549553_J0015,relevante,"O trecho menciona explicitamente alertas, evacuação, abrigos e situações de desastre.",,,,,,,,,,,,,,,,
160002549553_J0016,relevante,O trecho menciona explicitamente o termo 'adaptação climática' em uma lista de prioridades de financiamento.,,,,,,,,,,,,,,,,
160002549553_J0017,nao_relevante,"O trecho trata de emergências sanitárias e vigilância de doenças (saúde pública/sanitária), o que está explicitamente fora do escopo.",,,,,,,,,,,,,,,,
160002549553_J0018,relevante,O trecho menciona explicitamente a prevenção de incêndios e a adaptação climática.,,,,,,,,,,,,,,,,
160002549553_J0019,clima_geral,"O trecho menciona resiliência climática de forma geral como critério para priorização de investimentos, sem citar eventos extremos ou desastres específicos.",,,,,,,,,,,,,,,,
160002549553_J0020,clima_geral,"O trecho menciona resiliência climática e transição para matriz de baixo carbono de forma geral, sem citar eventos extremos ou desastres específicos.",,,,,,,,,,,,,,,,
160002549553_J0021,clima_geral,"O trecho menciona resiliência climática de forma geral, sem referir eventos extremos, desastres ou ações de adaptação específicas.",,,,,,,,,,,,,,,,
160002549553_J0022,relevante,O trecho menciona explicitamente a adaptação às mudanças climáticas.,,,,,,,,,,,,,,,,
160002549553_J0023,relevante,O texto menciona explicitamente a necessidade de obras dimensionadas para resistir a chuvas intensas e eventos climáticos extremos.,,,,,,,,,,,,,,,,
160002549553_J0024,relevante,O trecho menciona explicitamente a resiliência a eventos climáticos como um indicador de habitabilidade.,,,,,,,,,,,,,,,,
160002549553_J0025,relevante,O texto menciona explicitamente a 'adaptação climática' como um dos elementos a serem integrados na política de governança metropolitana.,TRUE,FALSE,FALSE,TRUE,FALSE,FALSE,FALSE,FALSE,FALSE,FALSE,FALSE,FALSE,FALSE,FALSE,2,"O texto propõe a integração da adaptação climática em modelos regionais, mas sem detalhar uma ação específica de risco e desastre."
160002549553_J0026,relevante,O texto menciona explicitamente riscos climáticos e ações de contenção de cheias.,,,,,,,,,,,,,,,,
160002549553_J0027,relevante,"O trecho menciona explicitamente a redução da exposição a eventos extremos (enchentes, deslizamentos, calor extremo), ações de adaptação e a atuação da Defesa Civil.",,,,,,,,,,,,,,,,
160002549553_J0028,relevante,"O texto menciona explicitamente a gestão de áreas de risco, contenção de encostas, drenagem e ações para reduzir riscos habitacionais.",TRUE,FALSE,FALSE,FALSE,TRUE,TRUE,FALSE,FALSE,FALSE,FALSE,FALSE,FALSE,FALSE,FALSE,3,"O texto descreve ações concretas e identificáveis para redução de riscos, como execução de drenagem, contenção de encostas e reassentamento de famílias."
160002549553_J0029,relevante,"O trecho menciona explicitamente enchentes, deslizamentos, riscos climáticos e a preparação para eventos extremos.",FALSE,FALSE,FALSE,TRUE,TRUE,TRUE,FALSE,FALSE,FALSE,FALSE,FALSE,FALSE,FALSE,FALSE,0,"O trecho apresenta apenas objetivos e resultados desejados (o que se pretende alcançar), sem descrever ações concretas ou diagnósticos específicos."
160002549553_J0030,relevante,O trecho menciona explicitamente o monitoramento de riscos climáticos.,,,,,,,,,,,,,,,,
160002549553_J0031,relevante,O trecho menciona explicitamente a promoção de ações de adaptação frente às mudanças climáticas.,FALSE,FALSE,FALSE,TRUE,FALSE,FALSE,FALSE,FALSE,FALSE,FALSE,FALSE,FALSE,FALSE,FALSE,0,O trecho apresenta objetivos estratégicos genéricos de proteção e resiliência sem propor ações concretas ou diagnósticos específicos de risco.
160002549553_J0032,relevante,"O texto menciona explicitamente ações de adaptação climática, mapeamento de riscos e a mitigação de eventos extremos como enchentes, deslizamentos e secas, além de citar a Defesa Civil.",TRUE,FALSE,FALSE,TRUE,TRUE,TRUE,TRUE,FALSE,TRUE,TRUE,FALSE,FALSE,FALSE,TRUE,2,"O trecho propõe diretrizes de apoio técnico e integração de ações de adaptação para reduzir riscos, sem detalhar uma obra ou instrumento específico de intervenção direta."
160002549553_J0033,relevante,"O texto menciona explicitamente ações de adaptação, prevenção de eventos extremos (incêndios e deslizamentos), gestão de riscos, sistemas de alerta e integração com a Defesa Civil.",,,,,,,,,,,,,,,,
160002549553_J0034,relevante,"O trecho menciona explicitamente adaptação, eventos extremos (secas, enchentes, ondas de calor) e capacidade de resposta e recuperação.",,,,,,,,,,,,,,,,
160002549553_J0035,relevante,O texto menciona explicitamente a antecipação dos efeitos das mudanças climáticas e a ampliação da capacidade de adaptação dos territórios.,,,,,,,,,,,,,,,,
160002549553_J0036,relevante,"O texto menciona explicitamente a antecipação de secas e cheias, além de estratégias de adaptação climática para eventos extremos.",TRUE,FALSE,FALSE,TRUE,TRUE,FALSE,TRUE,FALSE,FALSE,FALSE,FALSE,FALSE,FALSE,FALSE,3,"O texto propõe o uso de sensores, modelagem e sistemas preditivos para antecipar eventos como secas e cheias, caracterizando uma ação/instrumento de monitoramento de riscos."
160002549553_J0037,relevante,"O texto menciona explicitamente adaptação climática, monitoramento de elevação do nível do mar, ressacas, inundações e áreas de risco.",,,,,,,,,,,,,,,,
160002549553_J0038,relevante,O trecho menciona explicitamente a proteção contra inundações e eventos extremos.,FALSE,FALSE,FALSE,FALSE,TRUE,FALSE,FALSE,FALSE,FALSE,FALSE,TRUE,FALSE,FALSE,FALSE,0,"O trecho apresenta um objetivo de resultado (litoral mais protegido) sem indicar uma ação concreta ou um método para alcançá-lo, funcionando como uma intenção vaga."
160002549553_J0039,clima_geral,"O texto menciona os impactos das mudanças climáticas e riscos de forma geral, sem especificar eventos extremos, desastres ou ações de adaptação a vulnerabilidades climáticas.",,,,,,,,,,,,,,,,
160002549553_J0040,relevante,O texto menciona a conectividade para territórios prioritários da Defesa Civil.,,,,,,,,,,,,,,,,
160002549553_J0041,nao_relevante,"O termo 'gestão de riscos' refere-se ao controle interno e governança administrativa, não a riscos climáticos ou desastres.",,,,,,,,,,,,,,,,
160002549553_J0042,nao_relevante,"O termo 'gestão de riscos' é utilizado no contexto de gestão de investimentos e viabilidade econômica, não se referindo a riscos climáticos ou desastres naturais.",,,,,,,,,,,,,,,,
160002549553_J0043,nao_relevante,"O termo 'gestão de riscos' refere-se ao contexto de gestão administrativa e monitoramento de metas, não a riscos climáticos ou desastres.",,,,,,,,,,,,,,,,
160002549553_J0044,clima_geral,"O trecho menciona resiliência climática de forma geral aplicada a critérios de sustentabilidade e construção, sem citar eventos extremos ou desastres específicos.",,,,,,,,,,,,,,,,
160002549553_J0045,nao_relevante,"O termo 'gestão de riscos' é utilizado no contexto de governança e administração pública estratégica, sem menção a riscos climáticos ou desastres.",,,,,,,,,,,,,,,,
160002549553_J0046,nao_relevante,"O termo 'gestão de riscos' refere-se à gestão administrativa e de liderança pública, não a riscos climáticos ou desastres.",,,,,,,,,,,,,,,,
160002549553_J0047,relevante,O trecho menciona explicitamente a 'adaptação climática' como parte das ações de manutenção dos ativos estaduais.,,,,,,,,,,,,,,,,
160002549553_J0048,clima_geral,"O trecho menciona mudanças climáticas de forma genérica como um desafio futuro, sem citar eventos extremos, desastres ou ações de adaptação específicas.",,,,,,,,,,,,,,,,
160002549553_J0049,relevante,"O texto menciona explicitamente secas, enchentes, eventos extremos e desastres climáticos, além de ações de resposta a desastres.",,,,,,,,,,,,,,,,
160002549553_J0050,clima_geral,"O texto menciona mudanças climáticas e transição energética de forma genérica, sem referir eventos extremos, desastres ou ações de adaptação.",,,,,,,,,,,,,,,,
160002551353_J0001,relevante,O trecho menciona explicitamente a 'defesa civil' como uma das áreas de atuação para as unidades regionais compartilhadas.,TRUE,FALSE,FALSE,FALSE,FALSE,FALSE,FALSE,FALSE,FALSE,FALSE,FALSE,FALSE,FALSE,FALSE,2,"O trecho propõe a criação de unidades regionais compartilhadas e cita a Defesa Civil como uma das áreas contempladas, sem detalhar uma ação específica de gestão de risco."
160002551353_J0002,relevante,"O trecho menciona explicitamente defesa civil, enchentes, secas e desastres.",FALSE,FALSE,FALSE,FALSE,TRUE,FALSE,TRUE,FALSE,FALSE,FALSE,FALSE,FALSE,FALSE,TRUE,1,O trecho descreve uma característica do problema (a natureza transfronteiriça dos desastres) sem propor qualquer solução ou ação.
160002551353_J0003,relevante,O trecho menciona explicitamente a resiliência diante de enchentes e deslizamentos.,,,,,,,,,,,,,,,,
160002551353_J0004,relevante,O texto menciona explicitamente ações de prevenção de desastres e prevenção de incêndios.,,,,,,,,,,,,,,,,
160002551353_J0005,relevante,O trecho menciona explicitamente a Defesa Civil e drenagem no contexto de organização de políticas urbanas e territoriais.,,,,,,,,,,,,,,,,
160002551353_J0006,relevante,O texto menciona explicitamente a inclusão de 'áreas de risco' no mapeamento estadual de necessidades habitacionais e territoriais.,TRUE,FALSE,FALSE,FALSE,FALSE,FALSE,FALSE,FALSE,FALSE,FALSE,FALSE,FALSE,FALSE,TRUE,2,"O texto propõe a integração de informações (incluindo áreas de risco) em um mapa estadual, o que caracteriza uma diretriz de gestão de dados sem uma ação específica de mitigação ou resposta."
160002551353_J0007,relevante,O texto menciona explicitamente a retirada de famílias de áreas de risco e a implantação de drenagem.,,,,,,,,,,,,,,,,
170002536575_J0001,relevante,"O texto menciona explicitamente prevenção contra enchentes, deslizamentos em áreas de risco, planos de emergência, Defesa Civil e alertas.",,,,,,,,,,,,,,,,
170002537227_J0001,relevante,O trecho menciona explicitamente a prevenção de desastres e soluções para contenção de encostas.,,,,,,,,,,,,,,,,
170002537227_J0002,relevante,O trecho menciona explicitamente a contenção de erosões e a requalificação de áreas de risco.,TRUE,FALSE,FALSE,FALSE,FALSE,TRUE,FALSE,FALSE,FALSE,FALSE,FALSE,FALSE,FALSE,FALSE,3,"O texto propõe ações concretas de contenção de erosões e requalificação de áreas de risco, sem apresentar metas quantificadas ou prazos."
170002537227_J0003,clima_geral,"O trecho menciona resiliência climática de forma geral, sem citar eventos extremos, desastres ou ações de adaptação específicas.",FALSE,FALSE,FALSE,TRUE,FALSE,FALSE,FALSE,FALSE,FALSE,FALSE,FALSE,FALSE,FALSE,TRUE,0,O trecho apresenta uma intenção vaga de ampliar a resiliência climática sem propor ações concretas ou diagnósticos específicos.
170002537227_J0004,clima_geral,"O trecho menciona resiliência climática de forma geral, sem referir-se a eventos extremos, desastres ou ações de adaptação a riscos específicos.",,,,,,,,,,,,,,,,
170002537227_J0005,clima_geral,"O trecho menciona mudanças climáticas e resiliência de forma genérica, sem citar eventos extremos ou desastres específicos.",,,,,,,,,,,,,,,,
170002537227_J0006,relevante,O texto menciona explicitamente obras de contenção de enchentes e a proteção de famílias contra cheias de rios.,TRUE,FALSE,FALSE,FALSE,TRUE,FALSE,FALSE,FALSE,FALSE,FALSE,FALSE,FALSE,FALSE,FALSE,3,O texto descreve a retomada de obras específicas de contenção de enchentes e construção de barragens para proteção contra cheias.
170002537227_J0007,relevante,"O trecho menciona explicitamente a proteção contra desastres climáticos, enchentes, inundações e cheias.",TRUE,FALSE,FALSE,FALSE,TRUE,FALSE,FALSE,FALSE,FALSE,FALSE,FALSE,FALSE,FALSE,FALSE,3,O texto propõe ações concretas e identificáveis (conclusão de sistemas de controle de enchentes e barragens) para prevenir inundações e proteger contra desastres.
170002537227_J0008,relevante,O trecho menciona explicitamente os efeitos extremos das mudanças climáticas.,FALSE,FALSE,FALSE,FALSE,FALSE,FALSE,FALSE,FALSE,FALSE,FALSE,FALSE,FALSE,FALSE,FALSE,1,O trecho descreve o histórico de convivência com efeitos extremos das mudanças climáticas sem propor soluções.
170002537227_J0009,relevante,"O texto menciona explicitamente intervenções em áreas de risco, obras de contenção e adaptação, além de proteção contra alagamentos.",,,,,,,,,,,,,,,,
170002537227_J0010,relevante,O texto menciona explicitamente a adaptação climática como forma de gerar renda e qualidade de vida.,,,,,,,,,,,,,,,,
170002537227_J0011,relevante,"O texto menciona explicitamente adaptação climática, planos de contingência, resposta a desastres e riscos climáticos.",TRUE,FALSE,FALSE,TRUE,FALSE,FALSE,FALSE,FALSE,FALSE,FALSE,FALSE,FALSE,FALSE,TRUE,3,O texto propõe ações identificáveis como a conclusão de um plano específico (PEAR-PE) e a instalação de sensores meteorológicos para resposta a riscos climáticos.
170002537227_J0012,clima_geral,"O trecho menciona resiliência climática de forma geral, sem especificar eventos extremos, desastres ou ações de adaptação a riscos específicos.",,,,,,,,,,,,,,,,
170002537227_J0013,relevante,O trecho menciona explicitamente o termo adaptação climática.,,,,,,,,,,,,,,,,
170002537227_J0014,clima_geral,"O texto menciona a crise climática e a vulnerabilidade de forma geral, sem citar eventos extremos específicos ou ações de adaptação direta a desastres.",,,,,,,,,,,,,,,,
170002537227_J0015,relevante,O trecho menciona explicitamente a prevenção de desastres e a mitigação do risco de deslizamentos.,,,,,,,,,,,,,,,,
170002537227_J0016,relevante,O texto menciona explicitamente a mitigação de enchentes e obras de macrodrenagem para preparar as cidades para as mudanças climáticas.,,,,,,,,,,,,,,,,
170002537227_J0017,relevante,"O trecho menciona explicitamente obras de drenagem e estabilização de encostas em áreas de risco, o que se refere à prevenção de desastres e gestão de riscos.",TRUE,FALSE,FALSE,FALSE,TRUE,TRUE,FALSE,FALSE,FALSE,FALSE,FALSE,FALSE,FALSE,FALSE,3,O texto propõe ações concretas de infraestrutura (obras de macrodrenagem e estabilização de encostas) para mitigar riscos em áreas vulneráveis.
170002537227_J0018,relevante,"O texto menciona explicitamente contenção de encostas, áreas de risco, Defesa Civil e eventos climáticos extremos.",TRUE,FALSE,FALSE,FALSE,FALSE,TRUE,FALSE,FALSE,FALSE,FALSE,FALSE,FALSE,FALSE,FALSE,3,"O texto propõe ações concretas e identificáveis de mitigação de risco, como obras de contenção de encostas e urbanização em áreas de risco."
170002537227_J0019,relevante,"O trecho menciona explicitamente a Defesa Civil, o controle de enchentes e a resposta a desastres climáticos.",,,,,,,,,,,,,,,,
170002537227_J0020,relevante,O texto menciona explicitamente a realização de uma conferência sobre adaptação climática.,,,,,,,,,,,,,,,,
170002537227_J0021,clima_geral,"O texto menciona resiliência e mudanças climáticas de forma genérica, sem citar eventos extremos ou ações de adaptação específicas.",,,,,,,,,,,,,,,,
170002537230_J0001,clima_geral,"O trecho menciona a crise climática e a transição energética de forma genérica, sem referir eventos extremos ou ações de adaptação.",,,,,,,,,,,,,,,,
170002537230_J0002,relevante,O texto menciona explicitamente a integração da Defesa Civil e da gestão de riscos em um Centro de Operações Metropolitano.,,,,,,,,,,,,,,,,
170002537230_J0003,clima_geral,"O trecho menciona a necessidade de preparação para os desafios da mudança climática de forma geral, sem citar eventos extremos ou ações de adaptação a desastres específicos.",,,,,,,,,,,,,,,,
170002537230_J0004,relevante,O texto menciona explicitamente a redução dos impactos de secas e a proteção de áreas urbanas contra enchentes.,TRUE,FALSE,FALSE,FALSE,TRUE,FALSE,TRUE,FALSE,FALSE,FALSE,FALSE,FALSE,FALSE,FALSE,3,O trecho propõe a execução de obras hídricas específicas (barragens e adutora) com o objetivo de mitigar riscos de secas e enchentes.
170002537230_J0005,relevante,O texto menciona explicitamente a necessidade de ampliar a capacidade de adaptação climática e o reassentamento seguro em áreas de risco.,,,,,,,,,,,,,,,,
170002537230_J0006,relevante,O trecho menciona explicitamente ações de drenagem e redução de riscos em territórios precários.,,,,,,,,,,,,,,,,
170002537230_J0007,relevante,"O texto menciona explicitamente a redução de riscos associados a mudanças climáticas, citando eventos extremos como deslizamentos e alagamentos.",,,,,,,,,,,,,,,,
170002537230_J0008,relevante,O texto menciona explicitamente a integração com a Defesa Civil e a necessidade de prevenção para enfrentar desafios ambientais.,,,,,,,,,,,,,,,,
170002537230_J0009,relevante,"O trecho menciona explicitamente gestão de riscos, prevenção de desastres e ações de mitigação, preparação, resposta e recuperação.",FALSE,FALSE,FALSE,TRUE,FALSE,FALSE,FALSE,FALSE,FALSE,FALSE,FALSE,FALSE,FALSE,TRUE,2,"O texto propõe a implementação de uma política e a criação de condições para um plano, o que caracteriza uma diretriz de gestão sem detalhar uma ação concreta ou meta específica."
170002537230_J0010,relevante,"O texto menciona explicitamente eventos extremos, populações vulneráveis e estratégias de adaptação climática para conter a erosão costeira.",,,,,,,,,,,,,,,,
170002537320_J0001,relevante,"O trecho menciona explicitamente o combate à seca, que é um evento climático/desastre listado na regra de relevância.",,,,,,,,,,,,,,,,
170002537320_J0002,relevante,O trecho menciona explicitamente o risco de deslizamentos em encostas.,,,,,,,,,,,,,,,,
170002538097_J0001,nao_relevante,"O texto trata de saúde pública, redução de danos e riscos sociais, o que está explicitamente fora do escopo.",,,,,,,,,,,,,,,,
170002538097_J0002,nao_relevante,"O trecho trata de recuperação ambiental, gestão de recursos hídricos e reforma agrária, sem mencionar riscos, desastres ou a agenda climática de forma explícita.",,,,,,,,,,,,,,,,
170002538097_J0003,relevante,O texto menciona explicitamente a necessidade de adaptação das escolas às mudanças climáticas para mitigar vulnerabilidades térmicas e hídricas.,,,,,,,,,,,,,,,,
170002538097_J0004,relevante,"O texto menciona explicitamente planos de adaptação e resposta às mudanças climáticas, riscos de alagamentos, deslizamentos, calor extremo e atuação com a Defesa Civil.",TRUE,TRUE,FALSE,TRUE,TRUE,TRUE,TRUE,FALSE,TRUE,FALSE,FALSE,FALSE,FALSE,FALSE,3,"O texto propõe ações identificáveis de prevenção e resposta, como a elaboração de planos de adaptação climática e o estabelecimento de protocolos de emergência."
170002538097_J0005,relevante,O trecho menciona famílias atingidas por emergências e calamidades e a atuação integrada com a Defesa Civil.,FALSE,FALSE,FALSE,FALSE,FALSE,FALSE,FALSE,FALSE,FALSE,FALSE,FALSE,FALSE,FALSE,TRUE,0,"O trecho foca em ampliar a capacidade de atendimento a diversos grupos, tratando o tema de emergências e calamidades de forma genérica e sem propor uma ação específica de risco."
170002538097_J0006,relevante,"O texto menciona explicitamente enchentes, deslizamentos e calamidade como contextos que demandam resposta da assistência social.",,,,,,,,,,,,,,,,
170002538097_J0007,relevante,"O trecho menciona explicitamente a necessidade de proteção contra eventos climáticos extremos e calor intenso, caracterizando uma ação de adaptação climática.",,,,,,,,,,,,,,,,
170002538097_J0008,relevante,"O texto menciona explicitamente áreas de risco, encostas, alagamentos, desastres socioambientais, obras de mitigação, adaptação climática e Defesa Civil.",,,,,,,,,,,,,,,,
170002538097_J0009,relevante,"O texto menciona explicitamente áreas de risco, mitigação de riscos, adaptação climática, Defesa Civil e situações de emergência.",,,,,,,,,,,,,,,,
170002538097_J0010,relevante,"O texto menciona explicitamente diversos eventos extremos e riscos, como enchentes, deslizamentos, secas, elevação do nível do mar e áreas de risco, além de ações de prevenção e sistemas de alerta.",,,,,,,,,,,,,,,,
170002538097_J0011,clima_geral,"O trecho menciona a emergência climática e a transformação ecológica de forma geral, sem citar eventos extremos ou ações de adaptação a riscos específicos.",,,,,,,,,,,,,,,,
170002538097_J0012,relevante,"O texto menciona explicitamente a prevenção de desastres, adaptação climática, contenção de encostas, redução do risco de inundações e a Defesa Civil.",TRUE,FALSE,FALSE,TRUE,TRUE,TRUE,FALSE,FALSE,FALSE,FALSE,FALSE,FALSE,FALSE,TRUE,2,"O texto propõe a instituição de políticas e programas (Justiça Climática, Pernambuco Resiliente, Rio Tejipió Vivo) e estabelece diretrizes como o fortalecimento da prevenção de desastres e a priorização de áreas vulneráveis, sem detalhar ações concretas ou metas quantificadas."
170002538097_J0013,relevante,"O texto menciona a escassez hídrica, que é um evento de seca/estiagem, um dos critérios para a categoria relevante.",,,,,,,,,,,,,,,,
170002540337_J0001,relevante,"O texto menciona atividades agrícolas adaptadas à seca, o que remete à adaptação climática frente a um evento climático (seca).",,,,,,,,,,,,,,,,
170002540337_J0002,relevante,"O texto menciona explicitamente a seca, tecnologias adaptadas à seca e a necessidade de agir de forma preventiva contra as secas.",TRUE,FALSE,FALSE,TRUE,FALSE,FALSE,TRUE,FALSE,FALSE,FALSE,FALSE,FALSE,FALSE,FALSE,1,"O trecho descreve a urgência causada pelas mudanças climáticas e o risco de perdas de safra, mas não propõe uma ação concreta de gestão de risco."
170002540337_J0003,relevante,O trecho menciona explicitamente 'Adaptação Climática' e a preparação para os efeitos das mudanças climáticas.,FALSE,FALSE,FALSE,TRUE,FALSE,FALSE,FALSE,FALSE,FALSE,FALSE,FALSE,FALSE,FALSE,FALSE,0,"O trecho foca na ampliação da assistência técnica e preparação para mudanças climáticas, o que constitui uma intenção vaga sem uma ação concreta ou diagnóstico específico."
170002540337_J0004,relevante,"O trecho menciona a redução da vulnerabilidade hídrica e o enfrentamento de regiões secas, o que se enquadra em gestão de riscos e vulnerabilidade a eventos climáticos (seca/estiagem).",,,,,,,,,,,,,,,,
170002540337_J0005,relevante,O texto menciona explicitamente a criação de seguro para seca e eventos climáticos extremos.,,,,,,,,,,,,,,,,
170002540337_J0006,relevante,"O trecho menciona o avanço do mar e a erosão costeira, que são processos de risco e danos ao território.",FALSE,FALSE,FALSE,FALSE,FALSE,FALSE,FALSE,FALSE,FALSE,FALSE,TRUE,FALSE,FALSE,FALSE,1,O trecho descreve o problema da erosão costeira e do avanço do mar sem propor uma solução ou ação.
170002540337_J0007,relevante,"O texto menciona o enfrentamento da erosão costeira por meio de obras preventivas e planejamento, o que caracteriza gestão de risco e adaptação.",TRUE,FALSE,FALSE,FALSE,FALSE,FALSE,FALSE,FALSE,FALSE,FALSE,TRUE,FALSE,FALSE,FALSE,2,"O trecho propõe diretrizes de enfrentamento à erosão costeira por meio de planejamento e obras preventivas, mas sem especificar uma ação, programa ou meta concreta."
170002540337_J0008,relevante,"O texto propõe medidas de adaptação e prevenção (engordamento de praias e monitoramento) contra a erosão costeira, que é um risco/evento de impacto ambiental e patrimonial.",TRUE,FALSE,FALSE,FALSE,FALSE,FALSE,FALSE,FALSE,FALSE,FALSE,TRUE,FALSE,FALSE,FALSE,3,"O texto propõe um programa específico (Plano estadual de engordamento de praias) para responder à erosão costeira, que é um risco/desastre."
170002540337_J0009,relevante,"O texto menciona explicitamente a retomada de barragens de contenção de cheias, o que se enquadra em ações de mitigação de eventos extremos (enchentes/cheias).",TRUE,FALSE,FALSE,FALSE,TRUE,FALSE,FALSE,FALSE,FALSE,FALSE,FALSE,FALSE,FALSE,FALSE,2,"O trecho estabelece um critério de priorização para obras de contenção de cheias, sem detalhar uma ação concreta, prazo ou orçamento específico para o risco."
170002540337_J0010,relevante,O trecho menciona a restauração de ecossistemas como defesa natural contra enchentes.,,,,,,,,,,,,,,,,
170002540337_J0011,relevante,"O trecho menciona explicitamente o atendimento a eventos de desastres como incêndios, enchentes e desabamentos.",FALSE,FALSE,FALSE,FALSE,TRUE,TRUE,FALSE,TRUE,FALSE,FALSE,FALSE,FALSE,TRUE,FALSE,1,O trecho descreve a situação atual de déficit de efetivo para o atendimento de desastres sem propor uma solução.
170002540337_J0012,relevante,"O texto menciona explicitamente riscos de deslizamento, alagamentos e enchentes, além de respostas emergenciais a esses eventos.",,,,,,,,,,,,,,,,
170002540337_J0013,relevante,"O texto menciona explicitamente enchentes, deslizamentos e a atuação da Defesa Civil no contexto de gestão de riscos e emergências.",,,,,,,,,,,,,,,,
170002540337_J0014,relevante,O trecho menciona explicitamente a identificação de famílias em áreas de risco e obras de contenção e drenagem.,TRUE,FALSE,FALSE,FALSE,TRUE,TRUE,FALSE,FALSE,FALSE,FALSE,FALSE,FALSE,FALSE,FALSE,2,"O trecho propõe um critério de decisão (identificação técnica para obras ou reassentamento) sem detalhar uma ação, programa ou meta específica."
170002540337_J0015,relevante,O trecho menciona explicitamente o enfrentamento de alagamentos recorrentes e o mapeamento de pontos críticos de drenagem.,TRUE,FALSE,FALSE,FALSE,TRUE,FALSE,FALSE,FALSE,FALSE,FALSE,FALSE,FALSE,FALSE,FALSE,3,O texto propõe uma ação concreta e identificável (atualização de cadastro georreferenciado e modelagem de bacias) para o enfrentamento de alagamentos.
170002540337_J0016,relevante,"O trecho menciona explicitamente a Defesa Civil e protocolos de operação para chuva e maré, que se referem à gestão de riscos de inundação/enchentes.",TRUE,FALSE,FALSE,FALSE,TRUE,FALSE,FALSE,FALSE,FALSE,FALSE,TRUE,FALSE,FALSE,FALSE,2,"O trecho propõe uma diretriz de governança e cita órgãos e convênios de forma genérica, sem detalhar uma ação específica de risco ou meta quantificada."
170002540337_J0017,relevante,"O trecho menciona explicitamente Defesa Civil, previsão de chuva, monitoramento de canais e protocolos de alerta e prevenção.",TRUE,FALSE,FALSE,FALSE,TRUE,FALSE,FALSE,FALSE,FALSE,FALSE,TRUE,FALSE,FALSE,FALSE,3,"O texto descreve ações concretas e identificáveis de monitoramento e resposta, como o cadastro de equipamentos e protocolos de acionamento preventivo."
170002540337_J0018,relevante,"O trecho menciona explicitamente riscos de alagamento, deslizamento, áreas de risco e a atuação da Defesa Civil.",TRUE,FALSE,FALSE,FALSE,TRUE,TRUE,FALSE,FALSE,FALSE,FALSE,FALSE,FALSE,FALSE,FALSE,3,"O texto propõe ações identificáveis como monitoramento comunitário, criação de painel de execução e um programa de redução de risco de deslizamento."
170002540337_J0019,relevante,O texto menciona explicitamente o uso de mapas de risco e a integração de dados da Defesa Civil para identificar populações vulneráveis.,TRUE,FALSE,FALSE,FALSE,FALSE,FALSE,FALSE,FALSE,FALSE,FALSE,FALSE,FALSE,FALSE,TRUE,3,O texto propõe a criação de instrumentos identificáveis (cadastro único e mapa georreferenciado) para a gestão de riscos.
170002552776_J0001,nao_relevante,"O trecho trata de saúde pública e infraestrutura hospitalar, o que está explicitamente fora do escopo.",,,,,,,,,,,,,,,,
180002532987_J0001,relevante,"O trecho menciona explicitamente a prevenção de incêndios florestais e queimadas, além de capacitação de brigadistas.",TRUE,FALSE,FALSE,FALSE,FALSE,FALSE,FALSE,TRUE,FALSE,FALSE,FALSE,FALSE,FALSE,FALSE,1,"O trecho descreve ações já realizadas e resultados obtidos no passado (fortalecimento de fiscalização e redução de queimadas), funcionando como um diagnóstico do que já foi feito."
180002532987_J0002,relevante,"O texto menciona explicitamente adaptação climática, prevenção de desastres naturais, eventos climáticos extremos, queimadas e planos de contingência.",,,,,,,,,,,,,,,,
180002532987_J0003,relevante,"O trecho menciona explicitamente o combate a incêndios florestais, que é um evento de risco/desastre listado nas regras.",,,,,,,,,,,,,,,,
180002532987_J0004,relevante,"O texto menciona explicitamente gestão de riscos e desastres, planos de contingência e a estruturação da Defesa Civil.",,,,,,,,,,,,,,,,
180002532987_J0005,relevante,"O trecho menciona explicitamente a gestão de riscos, desastres e a mitigação de riscos climáticos.",,,,,,,,,,,,,,,,
180002532987_J0006,relevante,O trecho menciona explicitamente a adaptação às mudanças climáticas e a resiliência urbana.,,,,,,,,,,,,,,,,
180002538530_J0001,nao_relevante,"O termo 'gestão de riscos' é utilizado no contexto de integridade pública e conformidade administrativa, não se referindo a riscos climáticos ou desastres.",,,,,,,,,,,,,,,,
180002538530_J0002,nao_relevante,"O trecho trata de vigilância epidemiológica e saúde pública, utilizando termos como 'defesa civil' e 'mapas de risco' no contexto de prevenção de doenças e surtos, o que é explicitamente classificado como fora do escopo.",,,,,,,,,,,,,,,,
180002538530_J0003,relevante,"O texto menciona explicitamente a resposta a secas, enchentes, eventos climáticos e emergências climáticas.",,,,,,,,,,,,,,,,
180002538530_J0004,nao_relevante,"O termo 'gestão de risco' refere-se à segurança pública e proteção da mulher, não a riscos climáticos ou desastres naturais.",,,,,,,,,,,,,,,,
180002538530_J0005,nao_relevante,"O texto trata de risco social e segurança pública (proteção a mulheres em situação de risco), o que está fora do escopo de riscos climáticos ou desastres naturais.",,,,,,,,,,,,,,,,
180002538530_J0006,relevante,"O trecho menciona explicitamente a gestão antecipada de secas, que é um evento climático/desastre listado na regra de decisão.",,,,,,,,,,,,,,,,
180002538530_J0007,relevante,"O texto menciona explicitamente a gestão de seca, estiagens e medidas de contingência para enfrentar esses eventos.",,,,,,,,,,,,,,,,
180002538530_J0008,relevante,O trecho menciona explicitamente a redução da exposição da população a alagamentos.,FALSE,FALSE,FALSE,FALSE,TRUE,FALSE,FALSE,FALSE,FALSE,FALSE,FALSE,FALSE,FALSE,FALSE,1,"O trecho identifica o problema de exposição da população à poeira, lama e alagamentos, mas não propõe uma ação de mitigação ou resposta a desastres."
180002538530_J0009,relevante,O trecho menciona explicitamente o mapeamento de áreas de risco.,TRUE,FALSE,FALSE,FALSE,FALSE,FALSE,FALSE,FALSE,FALSE,FALSE,FALSE,FALSE,FALSE,TRUE,3,"O trecho propõe a ação de mapear áreas de risco, o que constitui um instrumento de identificação para a gestão de riscos e desastres."
180002538530_J0010,nao_relevante,"O texto trata de gestão de saneamento e menciona 'risco ambiental' e 'vulnerabilidade' de forma genérica, sem referir-se a eventos climáticos extremos, desastres ou adaptação climática específica.",,,,,,,,,,,,,,,,
180002538530_J0011,relevante,"O trecho menciona explicitamente a prevenção de alagamentos, que é um evento de risco/desastre.",,,,,,,,,,,,,,,,
180002538530_J0012,relevante,O texto menciona explicitamente a prevenção de riscos e a adaptação climática como frentes estratégicas.,FALSE,FALSE,FALSE,TRUE,FALSE,FALSE,FALSE,FALSE,FALSE,FALSE,FALSE,FALSE,FALSE,FALSE,2,"O trecho apresenta uma lista de frentes estratégicas que incluem prevenção de riscos e adaptação climática, configurando uma diretriz de política sem ações específicas."
180002538530_J0013,relevante,O texto menciona explicitamente 'adaptação climática' e 'redução de riscos' no contexto de proteção da vida e segurança hídrica.,FALSE,FALSE,FALSE,TRUE,FALSE,FALSE,FALSE,FALSE,FALSE,FALSE,FALSE,FALSE,FALSE,TRUE,2,"O texto estabelece a redução de riscos como uma prioridade e diretriz estratégica, sem propor uma ação concreta ou específica para o tema."
180002538530_J0014,relevante,"O trecho menciona explicitamente o combate a queimadas, o que se enquadra na definição de relevante.",,,,,,,,,,,,,,,,
180002538530_J0015,relevante,O texto menciona explicitamente o monitoramento de queimadas e o uso de alertas de risco para fiscalização.,TRUE,FALSE,FALSE,FALSE,FALSE,FALSE,FALSE,TRUE,FALSE,FALSE,FALSE,FALSE,FALSE,FALSE,3,"O texto propõe a criação de uma central estadual de fiscalização para integrar alertas de queimadas e desmatamento, o que constitui uma ação de monitoramento para prevenir desastres climáticos."
180002538530_J0016,relevante,"O texto trata explicitamente de gestão de riscos, segurança de barragens, planos de ação de emergência, sistemas de alerta e atuação da Defesa Civil.",,,,,,,,,,,,,,,,
180002538530_J0017,relevante,O texto menciona explicitamente a gestão de riscos de seca (escassez hídrica) e medidas de contingência para enfrentar esse evento extremo.,,,,,,,,,,,,,,,,
180002538530_J0018,relevante,"O texto menciona explicitamente o risco de contaminação do solo e da água, além de ações de controle de incêndios e remediação de áreas degradadas.",,,,,,,,,,,,,,,,
180002538530_J0019,relevante,"O trecho menciona explicitamente prevenção de riscos, adaptação climática e a transformação de monitoramento em alertas e respostas.",TRUE,FALSE,FALSE,TRUE,FALSE,FALSE,FALSE,FALSE,FALSE,FALSE,FALSE,FALSE,FALSE,TRUE,2,"O trecho propõe uma orientação programática de execução de planejamento, o que caracteriza uma diretriz sem detalhamento de ação específica."
180002538530_J0020,relevante,O trecho menciona explicitamente a incorporação de risco climático e a vulnerabilidade dos municípios.,,,,,,,,,,,,,,,,
180002538530_J0021,relevante,"O texto menciona explicitamente ações de adaptação, prevenção de queimadas e incêndios, além de protocolos de alerta para eventos como secas, cheias e riscos climáticos.",TRUE,TRUE,FALSE,TRUE,TRUE,FALSE,TRUE,TRUE,TRUE,TRUE,FALSE,FALSE,FALSE,FALSE,3,"O texto descreve ações concretas e identificáveis para prevenir e responder a incêndios, como a consolidação de um pacto, operação de brigadas e monitoramento de focos."
180002538530_J0022,nao_relevante,"O trecho trata de acessibilidade comunicacional (Libras) em serviços de emergência e saúde, não abordando riscos ou desastres climáticos/naturais.",,,,,,,,,,,,,,,,
180002549970_J0001,relevante,"O trecho menciona explicitamente adaptação climática, manejo de águas pluviais, contenção de encostas, Defesa Civil e planos de contingência.",,,,,,,,,,,,,,,,
180002549970_J0002,relevante,O texto menciona explicitamente áreas de risco geotécnico e a organização de núcleos de defesa civil.,,,,,,,,,,,,,,,,
180002549970_J0003,relevante,"O trecho menciona explicitamente o combate a queimadas, o que se enquadra na categoria de eventos extremos/desastres.",FALSE,FALSE,FALSE,FALSE,FALSE,FALSE,FALSE,TRUE,FALSE,FALSE,FALSE,FALSE,FALSE,FALSE,0,O trecho foca em causas ambientais e crimes ambientais sem propor ações específicas de gestão de risco ou desastres.
190002536162_J0003,relevante,O trecho menciona explicitamente a prevenção e mitigação de desastres socioambientais como um tema transversal.,,,,,,,,,,,,,,,,
190002536162_J0004,relevante,O trecho menciona explicitamente a Defesa Civil e a prevenção e gestão de crises no âmbito do Centro Integrado de Comando e Controle.,FALSE,FALSE,FALSE,FALSE,FALSE,FALSE,FALSE,FALSE,FALSE,FALSE,FALSE,FALSE,FALSE,TRUE,2,"O trecho propõe uma diretriz de estruturação administrativa para o CICC, mencionando a Defesa Civil como parte do escopo de atuação, mas sem detalhar uma ação concreta de risco ou desastre."
190002536162_J0005,relevante,"O trecho menciona explicitamente ações de drenagem e contenção de encostas, que são medidas de prevenção a desastres e riscos climáticos.",,,,,,,,,,,,,,,,
190002536162_J0006,relevante,"O texto menciona explicitamente Defesa Civil, prevenção de desastres, sistemas de alerta, enchentes, deslizamentos em encostas e planos de adaptação para reduzir a vulnerabilidade a eventos climáticos extremos.",,,,,,,,,,,,,,,,
190002536162_J0007,relevante,O texto menciona explicitamente a 'adaptação climática' como parte de um plano de gestão integrada da zona costeira.,FALSE,FALSE,FALSE,TRUE,FALSE,FALSE,FALSE,FALSE,FALSE,FALSE,TRUE,FALSE,FALSE,FALSE,2,"O trecho foca na elaboração de um plano de gestão que inclui a 'adaptação climática', mas o faz de forma genérica, sem propor uma ação específica ou meta para o risco."
190002536162_J0008,relevante,"O trecho menciona explicitamente a identificação de queimadas, o que se enquadra na categoria de risco/evento extremo.",,,,,,,,,,,,,,,,
190002536162_J0009,relevante,"O texto menciona explicitamente o combate a incêndios, o uso de dados da Defesa Civil e ações preventivas contra focos de incêndio.",TRUE,FALSE,FALSE,FALSE,FALSE,FALSE,FALSE,TRUE,FALSE,FALSE,FALSE,FALSE,FALSE,FALSE,3,O texto propõe a criação de um Plano Estadual de Combate a Incêndios com o uso de tecnologias específicas para identificação de focos de incêndio.
190002536162_J0010,clima_geral,"O texto aborda mudanças climáticas e educação climática de forma geral e educativa, sem mencionar eventos extremos, desastres ou ações de adaptação a riscos específicos.",,,,,,,,,,,,,,,,
190002536162_J0011,relevante,O texto menciona explicitamente a contenção de encostas e a diminuição de enchentes como estratégias de manejo.,,,,,,,,,,,,,,,,
190002536162_J0012,relevante,"O texto detalha ações de prevenção, mitigação e gestão de riscos de desastres (geológicos, hidrológicos, etc.), além de mencionar Defesa Civil, enchentes, deslizamentos e planos de contingência.",TRUE,FALSE,FALSE,TRUE,TRUE,FALSE,FALSE,FALSE,FALSE,FALSE,FALSE,FALSE,FALSE,FALSE,3,"O texto propõe diversas ações concretas e identificáveis, como instituir sistemas, conselhos, planos, cartografias de riscos e planos de ação para desastres."
190002536162_J0013,relevante,"O texto menciona explicitamente o monitoramento de áreas de risco hidrológico, desastres, enchentes e inundações.",,,,,,,,,,,,,,,,
190002536162_J0014,relevante,"O texto menciona explicitamente ações de monitoramento de áreas de risco, prevenção de inundações, enchentes, alagamentos e desastres geológicos/hidrológicos.",,,,,,,,,,,,,,,,
190002536162_J0015,relevante,"O texto detalha ações de monitoramento de encostas, gestão de riscos geológicos e hidrológicos, planos de contingência da Defesa Civil e sistemas de alerta para eventos como inundações e deslizamentos.",,,,,,,,,,,,,,,,
190002536162_J0016,relevante,"O texto detalha ações de gestão de riscos, monitoramento de deslizamentos e inundações, sistemas de alerta e preparação para desastres naturais.",,,,,,,,,,,,,,,,
190002536162_J0017,clima_geral,"O trecho menciona o fortalecimento do abastecimento diante das mudanças climáticas, mas não cita eventos extremos, desastres ou ações de adaptação climática específica.",,,,,,,,,,,,,,,,
190002536162_J0018,relevante,O texto menciona explicitamente o mapeamento de áreas de inundação e a cartografia de riscos hidrológicos e áreas de risco.,,,,,,,,,,,,,,,,
190002536162_J0019,relevante,"O texto menciona o auxílio habitacional para situações de calamidade pública, o que se enquadra na categoria de resposta a desastres/calamidades.",,,,,,,,,,,,,,,,
190002536162_J0020,nao_relevante,"O texto trata exclusivamente de políticas de integração e tarifas do sistema de transporte público, sem menção a riscos climáticos ou agenda climática.",,,,,,,,,,,,,,,,
190002536162_J0021,relevante,O trecho menciona a Defesa Civil em uma lista de secretarias para articulação técnica.,,,,,,,,,,,,,,,,
190002536162_J0022,relevante,"O trecho menciona explicitamente doenças causadas por desastres, o que o enquadra na categoria de relevância conforme as definições fornecidas.",FALSE,FALSE,FALSE,FALSE,FALSE,FALSE,FALSE,FALSE,FALSE,FALSE,FALSE,FALSE,FALSE,FALSE,1,O trecho descreve consequências de desastres (doenças como leptospirose) sem propor qualquer ação ou diretriz de mitigação.
190002536162_J0023,relevante,"O texto menciona explicitamente a prevenção e resposta a eventos climáticos extremos, áreas de risco e sistemas de alerta.",TRUE,TRUE,FALSE,FALSE,FALSE,FALSE,FALSE,FALSE,FALSE,FALSE,FALSE,FALSE,FALSE,TRUE,3,"O trecho propõe ações identificáveis de preparação e resposta, como o cadastramento de residentes em áreas de risco e a implantação de sistemas de alerta e evacuação."
190002536162_J0024,relevante,O trecho menciona explicitamente o uso de equipamentos de acolhimento em situações de emergência e desastres climáticos.,,,,,,,,,,,,,,,,
190002536162_J0025,nao_relevante,"A menção à Defesa Civil ocorre no contexto de inclusão de direitos das pessoas com deficiência, e não no contexto de gestão de riscos ou desastres.",,,,,,,,,,,,,,,,
190002537524_J0001,relevante,"O texto menciona explicitamente tragédias, drenagem, contenção de encostas e sistemas de alerta para prevenção de desastres.",,,,,,,,,,,,,,,,
190002537524_J0002,relevante,O trecho menciona explicitamente a redução de risco e a prevenção de desastres no contexto de respeito ao ambiente.,,,,,,,,,,,,,,,,
190002537524_J0003,relevante,O trecho menciona explicitamente a redução do risco de deslizamento e a estabilização de encostas.,,,,,,,,,,,,,,,,
190002537524_J0004,relevante,"O texto menciona explicitamente a ocupação de áreas de risco que resulta em tragédias, o que se refere a desastres e riscos geológicos/climáticos.",,,,,,,,,,,,,,,,
190002537524_J0005,relevante,"O texto menciona explicitamente desastres naturais, contenção de encosta e sistemas de alerta.",,,,,,,,,,,,,,,,
190002537524_J0006,nao_relevante,"O texto é incoerente e trata de temas relacionados à segurança pública/crime, sem menção a riscos climáticos ou agenda climática.",,,,,,,,,,,,,,,,
190002537524_J0007,nao_relevante,"O texto aborda segurança pública e o combate à extorsão criminosa, temas que estão fora do escopo de riscos e desastres climáticos.",,,,,,,,,,,,,,,,
190002537524_J0008,nao_relevante,"O trecho aborda estratégias de segurança pública e combate ao crime, temas fora do escopo de risco e clima.",,,,,,,,,,,,,,,,
190002537524_J0009,nao_relevante,"O texto trata de transparência e gestão de erros administrativos, utilizando o termo 'catástrofe' de forma metafórica, sem relação com desastres ou riscos climáticos.",,,,,,,,,,,,,,,,
190002537524_J0010,relevante,"O texto menciona explicitamente riscos de deslizamentos (encostas), enchentes (drenagem) e a importância de sistemas de alerta e contenção para evitar desastres.",TRUE,FALSE,FALSE,FALSE,FALSE,TRUE,FALSE,TRUE,FALSE,FALSE,FALSE,FALSE,FALSE,FALSE,1,"As frases focadas descrevem a situação de risco (moradia em áreas de risco, falta de contenção e falha no alerta) sem propor uma ação concreta de mitigação ou resposta."
190002537524_J0011,relevante,"O trecho menciona explicitamente 'alerta', 'contenção de encostas' e 'resiliência climática' para evitar a repetição de eventos passados.",,,,,,,,,,,,,,,,
190002537524_J0012,relevante,"O texto menciona explicitamente a eliminação de pontos de risco de deslizamento e enchente, além da proteção de encostas.",,,,,,,,,,,,,,,,
190002537524_J0013,relevante,"O texto menciona explicitamente eventos extremos (enchente, seca, deslizamento, queimada), desastres, áreas de risco e a integração com a Defesa Civil para prevenir tragédias.",,,,,,,,,,,,,,,,
190002537524_J0014,relevante,O trecho menciona explicitamente a drenagem como medida para evitar enchentes.,TRUE,FALSE,FALSE,FALSE,TRUE,FALSE,FALSE,FALSE,FALSE,FALSE,FALSE,FALSE,FALSE,FALSE,3,"O trecho propõe ações concretas de desassoreamento e reflorestamento para drenagem e prevenção de enchentes, que é um desastre/risco climático."
190002537524_J0015,relevante,O texto menciona explicitamente a 'enchente' como um evento agravado pelo saneamento precário.,FALSE,FALSE,FALSE,FALSE,TRUE,FALSE,FALSE,FALSE,FALSE,FALSE,FALSE,FALSE,FALSE,FALSE,1,"O trecho foca na relação entre esgoto e enchente para descrever um problema existente, sem propor soluções."
190002537524_J0016,relevante,"O texto menciona explicitamente gestão de risco, sistema de alerta, obras de contenção, drenagem e prevenção de desastres.",,,,,,,,,,,,,,,,
190002537524_J0017,nao_relevante,"O texto trata de maus-tratos a animais e zoonoses (saúde pública), não mencionando riscos climáticos ou desastres naturais.",,,,,,,,,,,,,,,,
190002537524_J0018,relevante,"O texto menciona explicitamente o mapeamento de riscos de deslizamento e enchente, obras de contenção e sistemas de alerta.",TRUE,FALSE,FALSE,FALSE,TRUE,TRUE,FALSE,FALSE,FALSE,FALSE,FALSE,FALSE,FALSE,FALSE,3,"O trecho foca na publicação de mapa georreferenciado, obras de contenção e implementação de sistema de alerta para deslizamentos e enchentes."
190002537524_J0019,relevante,"O texto menciona explicitamente desastres naturais, contenção de encostas, sistemas de alerta, drenagem e ações de prevenção em áreas de risco.",,,,,,,,,,,,,,,,
190002537524_J0020,relevante,"O trecho menciona explicitamente 'seca', que é um evento climático listado como critério para relevância.",,,,,,,,,,,,,,,,
190002537524_J0021,relevante,"O trecho menciona explicitamente contenção de encostas, alertas e pontos de risco, que são ações de gestão de riscos e prevenção de desastres.",TRUE,FALSE,FALSE,TRUE,FALSE,TRUE,FALSE,FALSE,FALSE,FALSE,FALSE,FALSE,FALSE,FALSE,3,"O trecho propõe ações específicas de prevenção e resposta a riscos (drenagem, contenção de encostas e alertas em pontos de risco)."
190002542887_J0001,nao_relevante,"O texto trata de segurança pública e combate ao crime organizado, temas que estão fora do escopo de análise.",,,,,,,,,,,,,,,,
190002542887_J0002,relevante,"O trecho menciona a falta de prevenção em encostas ocupadas, o que remete diretamente ao risco de desastres (deslizamentos) e à necessidade de gestão de riscos.",,,,,,,,,,,,,,,,
190002542887_J0003,nao_relevante,"O termo 'risco' no texto refere-se ao risco de evasão escolar (contexto social/educacional), não possuindo relação com eventos climáticos ou desastres.",,,,,,,,,,,,,,,,
190002542887_J0004,relevante,"O texto menciona explicitamente a prevenção de riscos geológicos, monitoramento, resposta e contenção de encostas.",,,,,,,,,,,,,,,,
190002542887_J0005,relevante,O trecho menciona explicitamente a prevenção de desastres e a proteção contra enchentes e deslizamentos.,,,,,,,,,,,,,,,,
190002542887_J0006,relevante,O texto menciona explicitamente a prevenção de desastres e o enfrentamento de eventos climáticos frequentes.,,,,,,,,,,,,,,,,
190002542887_J0007,relevante,"O trecho menciona explicitamente soluções em drenagem e encostas, que são medidas de prevenção a eventos climáticos extremos como enchentes e deslizamentos.",,,,,,,,,,,,,,,,
190002542887_J0008,relevante,"O texto menciona explicitamente enchentes, deslizamentos, eventos extremos, Defesa Civil, gestão de riscos e ações de prevenção e resposta a desastres.",TRUE,TRUE,FALSE,TRUE,TRUE,TRUE,FALSE,FALSE,FALSE,FALSE,FALSE,FALSE,FALSE,FALSE,2,"O trecho apresenta diretrizes de política e compromissos de direção, como mudar a lógica da reação para a prevenção, sem detalhar uma ação única ou meta quantificada."
190002543380_J0001,relevante,"O texto menciona explicitamente o combate a enchentes e a prevenção de deslizamentos, que são eventos climáticos/desastres.",,,,,,,,,,,,,,,,
190002544120_J0001,relevante,O trecho menciona explicitamente 'Defesa Civil' e 'Resiliência Climática' no contexto de gestão territorial.,,,,,,,,,,,,,,,,
190002544120_J0002,relevante,"O texto menciona explicitamente áreas de risco (encostas e alagáveis), prevenção a desastres, sistemas de alerta, Defesa Civil e eventos extremos.",,,,,,,,,,,,,,,,
190002544120_J0003,relevante,"O texto menciona explicitamente riscos de desastres, áreas de risco, áreas alagáveis, Defesa Civil, eventos extremos e ações de prevenção e resposta a tragédias.",,,,,,,,,,,,,,,,
190002544120_J0004,relevante,O texto menciona explicitamente riscos de deslizamento e alagamento decorrentes da ocupação de encostas e margens de corpos d'água.,FALSE,FALSE,FALSE,FALSE,TRUE,TRUE,FALSE,FALSE,FALSE,FALSE,FALSE,FALSE,FALSE,FALSE,1,"O trecho identifica a ocupação de encostas e margens de corpos d'água como causas de riscos de deslizamento e alagamento, descrevendo o problema sem propor soluções."
190002544120_J0005,relevante,"O texto menciona explicitamente a atuação da CEHAB-RJ para obras de contenção de encostas, o que se refere à prevenção de deslizamentos.",TRUE,FALSE,FALSE,FALSE,FALSE,TRUE,FALSE,FALSE,FALSE,FALSE,FALSE,FALSE,FALSE,FALSE,2,"O texto propõe uma atuação integrada entre órgãos para realizar obras de contenção de encostas, mas sem especificar uma ação, meta ou instrumento concreto de gestão de risco."
190002544120_J0006,relevante,O texto menciona explicitamente a realocação de famílias restrita a áreas de risco real.,,,,,,,,,,,,,,,,
190002544120_J0007,relevante,O trecho menciona explicitamente a realocação de famílias de áreas de risco mapeadas pela Defesa Civil.,,,,,,,,,,,,,,,,
190002547272_J0001,nao_relevante,"O texto aborda ocupação de encostas e periferias sob uma perspectiva histórica e social, sem mencionar riscos, desastres ou eventos climáticos.",,,,,,,,,,,,,,,,
190002552513_J0001,nao_relevante,"O trecho trata de saúde pública e infraestrutura hospitalar, o que está explicitamente fora do escopo.",,,,,,,,,,,,,,,,
200002534001_J0001,relevante,"O trecho menciona explicitamente a 'adaptação climática', o que o enquadra na categoria relevante conforme as regras de decisão.",FALSE,FALSE,FALSE,TRUE,FALSE,FALSE,FALSE,FALSE,FALSE,FALSE,FALSE,FALSE,FALSE,FALSE,0,"O trecho cita 'adaptação climática' de forma genérica dentro de uma lista de temas, sem propor uma ação, diagnóstico ou diretriz específica para risco e desastre."
200002534001_J0002,nao_relevante,"O termo 'gestão de riscos' é utilizado de forma genérica no contexto de governança e administração pública, sem referência a desastres ou eventos climáticos.",,,,,,,,,,,,,,,,
200002534001_J0003,relevante,"O trecho menciona explicitamente riscos associados a secas, enchentes e emergências.",,,,,,,,,,,,,,,,
200002534001_J0004,clima_geral,"O texto menciona os efeitos das mudanças climáticas de forma genérica dentro de um contexto de saúde pública, sem citar eventos extremos ou adaptação específica.",,,,,,,,,,,,,,,,
200002534001_J0005,relevante,O trecho menciona explicitamente que desigualdades no saneamento e drenagem são agravadas por secas e chuvas intensas.,,,,,,,,,,,,,,,,
200002534001_J0006,relevante,"O trecho menciona explicitamente adaptação climática, resposta a secas e preparação para eventos extremos.",,,,,,,,,,,,,,,,
200002534001_J0007,relevante,"O trecho menciona explicitamente a preparação para secas, chuvas intensas e a redução de vulnerabilidades a eventos climáticos.",TRUE,FALSE,FALSE,TRUE,TRUE,FALSE,TRUE,FALSE,FALSE,FALSE,FALSE,FALSE,FALSE,FALSE,2,"O trecho estabelece uma diretriz de preparação e proteção contra eventos climáticos, mas não detalha uma ação, obra ou programa específico."
200002534001_J0008,clima_geral,"O texto aborda temas como transição energética, economia verde, mudanças climáticas e resiliência climática de forma geral, sem mencionar eventos extremos ou desastres específicos.",,,,,,,,,,,,,,,,
200002534001_J0009,relevante,"O trecho menciona explicitamente adaptação climática e eventos extremos como secas, calor extremo e chuvas intensas.",,,,,,,,,,,,,,,,
200002534001_J0010,relevante,O trecho menciona explicitamente a preparação de cidades para eventos extremos.,,,,,,,,,,,,,,,,
200002534001_J0011,relevante,O texto menciona explicitamente a 'adaptação climática' como uma das oportunidades de desenvolvimento do estado.,,,,,,,,,,,,,,,,
200002534001_J0012,relevante,"O texto menciona explicitamente secas, calor extremo, chuvas intensas e a necessidade de adaptação climática frente aos riscos.",,,,,,,,,,,,,,,,
200002534001_J0013,relevante,"O trecho menciona explicitamente adaptação climática, prevenção de desastres, riscos e a vulnerabilidade a eventos extremos.",TRUE,FALSE,FALSE,TRUE,FALSE,FALSE,TRUE,FALSE,FALSE,FALSE,FALSE,FALSE,FALSE,TRUE,2,"O trecho propõe que o planejamento climático deve conhecer riscos e prevenir desastres, estabelecendo uma diretriz de atuação sem detalhar ações específicas."
200002534001_J0014,relevante,"O texto menciona explicitamente a proteção contra eventos climáticos extremos como secas, calor extremo e chuvas intensas.",,,,,,,,,,,,,,,,
200002534442_J0001,clima_geral,"O trecho menciona 'resiliência climática' de forma geral, sem referir eventos extremos, desastres ou ações de adaptação específicas.",,,,,,,,,,,,,,,,
200002534442_J0002,relevante,O trecho menciona explicitamente a adaptação às mudanças climáticas como parte de uma diretriz de participação em redes de desenvolvimento.,,,,,,,,,,,,,,,,
200002534442_J0003,nao_relevante,"O termo 'risco' refere-se ao risco regulatório/administrativo de atividades econômicas, não a riscos climáticos ou desastres.",,,,,,,,,,,,,,,,
200002534442_J0004,nao_relevante,"O termo 'gestão de riscos' refere-se à governança e segurança jurídica de contratos, não a riscos climáticos ou desastres.",,,,,,,,,,,,,,,,
200002534442_J0005,relevante,"O trecho menciona explicitamente prevenção de desastres, adaptação às mudanças climáticas, contenção de encostas e redução de áreas de risco.",,,,,,,,,,,,,,,,
200002534442_J0006,relevante,O trecho menciona explicitamente a adaptação às mudanças climáticas no contexto da gestão de recursos hídricos e segurança hídrica.,,,,,,,,,,,,,,,,
200002534442_J0007,relevante,"O texto menciona explicitamente planos de contingência, resposta a emergências, seca, segurança de barragens e articulação com a Defesa Civil.",TRUE,FALSE,FALSE,FALSE,FALSE,FALSE,TRUE,FALSE,FALSE,FALSE,FALSE,TRUE,FALSE,FALSE,3,"O texto propõe ações identificáveis de preparação e resposta, como a implantação de planos de contingência, protocolos de resposta e inspeções de segurança de barragens."
200002534442_J0008,relevante,O trecho menciona explicitamente a adaptação às mudanças climáticas no contexto de soluções construtivas habitacionais.,FALSE,FALSE,FALSE,TRUE,FALSE,FALSE,FALSE,FALSE,FALSE,FALSE,FALSE,FALSE,FALSE,FALSE,2,"O trecho propõe o incentivo à adaptação às mudanças climáticas como uma diretriz de política para habitação, sem detalhar uma ação específica de gestão de risco ou desastre."
200002534442_J0009,nao_relevante,"O texto trata de saúde pública (zoonoses e emergências sanitárias) e gestão de riscos clínicos/assistenciais, temas explicitamente fora do escopo.",,,,,,,,,,,,,,,,
200002534442_J0010,relevante,O trecho menciona explicitamente a resposta a desastres e a atuação integrada com a Defesa Civil.,,,,,,,,,,,,,,,,
200002534442_J0011,relevante,"O texto menciona a garantia de respostas a situações de emergência e calamidade, o que se enquadra na gestão de desastres e resposta a eventos extremos.",,,,,,,,,,,,,,,,
200002534442_J0012,relevante,O trecho menciona articulação com a Defesa Civil e atuação em situações de emergência e calamidade para resposta a famílias atingidas.,,,,,,,,,,,,,,,,
200002534442_J0013,relevante,"O texto menciona explicitamente a convivência com estiagens e desertificação, que são eventos climáticos/desastres naturais.",FALSE,FALSE,FALSE,TRUE,FALSE,FALSE,TRUE,FALSE,FALSE,FALSE,FALSE,FALSE,FALSE,FALSE,0,As frases marcadas apresentam intenções vagas como 'garantir que o desenvolvimento seja preparado' e 'enfrentar os efeitos das mudanças climáticas' sem propor ações concretas.
200002534442_J0014,relevante,O trecho menciona explicitamente a necessidade de apoio para projetos de adaptação climática e drenagem.,FALSE,FALSE,FALSE,TRUE,FALSE,FALSE,FALSE,FALSE,FALSE,FALSE,FALSE,FALSE,FALSE,FALSE,1,"O trecho foca na carência de equipes e recursos nos municípios para elaborar projetos de adaptação climática e drenagem, descrevendo um problema sem propor solução."
200002534442_J0015,relevante,"O texto menciona explicitamente o enfrentamento de eventos extremos como secas, enchentes e ondas de calor, além de propor planos de adaptação climática.",TRUE,FALSE,FALSE,TRUE,TRUE,FALSE,TRUE,FALSE,TRUE,FALSE,TRUE,FALSE,FALSE,FALSE,3,O texto propõe a elaboração e implementação de um Plano Estadual de Adaptação e Mitigação focado no enfrentamento de eventos climáticos extremos.
200002534442_J0016,relevante,O texto menciona explicitamente a prevenção de queimadas e a adaptação às mudanças climáticas.,,,,,,,,,,,,,,,,
200002534442_J0017,relevante,"O texto menciona explicitamente protocolos para situações de desastres, enchentes, secas, incêndios e a atuação da Defesa Civil.",FALSE,TRUE,FALSE,FALSE,TRUE,FALSE,TRUE,TRUE,FALSE,FALSE,FALSE,FALSE,FALSE,FALSE,3,"O texto propõe a instituição de protocolos específicos para o atendimento de animais em situações de desastres, o que caracteriza uma ação/instrumento de resposta a riscos."
200002534442_J0018,relevante,O trecho menciona explicitamente a criação de um Plano Estadual de Adaptação às Mudanças Climáticas.,,,,,,,,,,,,,,,,
200002535255_J0001,nao_relevante,"O texto trata de políticas de educação e inclusão social, não mencionando riscos climáticos, desastres ou agenda climática.",,,,,,,,,,,,,,,,
200002535255_J0002,relevante,"O trecho menciona explicitamente Defesa Civil, combate a incêndios, resposta a emergências, mapas de risco, alertas e planos de contingência.",,,,,,,,,,,,,,,,
200002535255_J0003,relevante,"O trecho menciona explicitamente a prevenção de enchentes, erosão e outros riscos climáticos, além de recuperação de áreas vulneráveis.",,,,,,,,,,,,,,,,
200002535255_J0004,relevante,O trecho menciona explicitamente a resiliência e a redução de riscos diante de secas.,,,,,,,,,,,,,,,,
200002542481_J0001,relevante,"O texto menciona explicitamente o enfrentamento à seca, que é um evento climático listado como relevante.",,,,,,,,,,,,,,,,
200002546757_J0001,clima_geral,"O texto menciona 'mudanças climáticas' como um tema de formação pedagógica de forma geral, sem abordar riscos, desastres ou adaptação.",,,,,,,,,,,,,,,,
200002546757_J0002,relevante,O trecho menciona explicitamente áreas de risco e o perigo de desabamento.,TRUE,FALSE,FALSE,FALSE,FALSE,TRUE,FALSE,FALSE,FALSE,FALSE,FALSE,FALSE,FALSE,FALSE,2,"O trecho estabelece um critério de priorização (moradores em áreas de risco) para uma ação de habitação, sem propor uma ação específica de gestão de risco e desastre."
200002547826_J0001,relevante,"O trecho menciona explicitamente o combate à seca, que é um evento climático/desastre listado na regra de decisão.",,,,,,,,,,,,,,,,
20002539642_J0001,relevante,O texto menciona explicitamente a redução de enchentes e o mapeamento de áreas de risco.,,,,,,,,,,,,,,,,
20002539642_J0002,relevante,"O trecho menciona explicitamente o enfrentamento de eventos climáticos extremos, sistemas de alerta e a atuação da Defesa Civil.",,,,,,,,,,,,,,,,
20002539642_J0003,relevante,"O texto menciona a distribuição de cestas básicas em situações de calamidade pública, o que remete a estados de emergência/desastre.",,,,,,,,,,,,,,,,
20002553350_J0001,relevante,"O texto menciona explicitamente riscos climáticos e eventos extremos como enchentes, inundações, deslizamentos e seca.",FALSE,FALSE,FALSE,FALSE,TRUE,TRUE,TRUE,FALSE,FALSE,FALSE,TRUE,FALSE,FALSE,FALSE,1,"O trecho descreve o impacto de enchentes em municípios específicos e lista os riscos climáticos presentes no estado, sem propor soluções."
20002553350_J0002,relevante,"O texto menciona explicitamente a exposição de famílias a enchentes, secas e outros eventos extremos.",,,,,,,,,,,,,,,,
20002553350_J0003,relevante,O trecho menciona explicitamente eventos extremos (enchentes e secas) e ações de adaptação climática para cidades e comunidades.,,,,,,,,,,,,,,,,
20002553350_J0004,clima_geral,"O trecho foca em recuperação ambiental e economia verde, sem mencionar eventos extremos, desastres ou adaptação a riscos climáticos específicos.",,,,,,,,,,,,,,,,
20002553350_J0005,relevante,"O texto menciona explicitamente enchentes, secas, ondas de calor, planos de adaptação, mapas de risco, sistemas de alerta e Defesa Civil.",,,,,,,,,,,,,,,,
20002553350_J0006,relevante,"O trecho menciona explicitamente ações de convivência com a seca, que é um evento climático listado como relevante.",TRUE,FALSE,FALSE,FALSE,FALSE,FALSE,TRUE,FALSE,FALSE,FALSE,FALSE,FALSE,FALSE,FALSE,0,"O trecho foca em gestão de recursos hídricos e convivência com a seca, sem propor ações específicas de mitigação ou resposta a desastres."
20002553350_J0007,relevante,O texto menciona explicitamente enchentes e a existência de moradia em áreas de risco.,,,,,,,,,,,,,,,,
20002553350_J0008,relevante,"O trecho menciona explicitamente prevenção de riscos, drenagem, contenção de encostas e áreas de risco.",,,,,,,,,,,,,,,,
20002553350_J0009,relevante,"O texto menciona explicitamente ações de contenção de encostas, drenagem, mapeamento de áreas de risco e preparação para enchentes e alagamentos.",TRUE,FALSE,FALSE,TRUE,TRUE,TRUE,FALSE,FALSE,FALSE,FALSE,FALSE,FALSE,FALSE,FALSE,2,"O trecho propõe uma estratégia de apoio aos municípios para lidar com riscos, o que caracteriza uma diretriz de política sem detalhar uma ação técnica específica."
20002553745_J0001,relevante,"O trecho menciona o preparo de cidades e comunidades para as mudanças climáticas, o que remete à adaptação climática.",,,,,,,,,,,,,,,,
20002553745_J0002,relevante,O trecho menciona explicitamente a criação de uma rede para emergências e desastres e o atendimento a famílias atingidas.,,,,,,,,,,,,,,,,
20002553745_J0003,nao_relevante,"A menção à Defesa Civil ocorre no contexto de integração para o enfrentamento ao crime organizado e segurança pública, não para gestão de riscos ou desastres.",,,,,,,,,,,,,,,,
20002553745_J0004,relevante,O trecho menciona explicitamente a contenção de encostas e áreas de risco.,,,,,,,,,,,,,,,,
20002553745_J0005,relevante,"O texto menciona explicitamente adaptação, prevenção de desastres, chuvas intensas, calor extremo e seca.",,,,,,,,,,,,,,,,
20002553745_J0006,relevante,O texto menciona explicitamente adaptação climática e preparação para riscos climáticos.,,,,,,,,,,,,,,,,
20002553745_J0007,relevante,"O texto menciona explicitamente adaptação climática, sistemas de alerta, Defesa Civil, convivência com a seca, contenção de encostas e prevenção de desastres.",,,,,,,,,,,,,,,,
20002553745_J0008,relevante,O trecho menciona explicitamente o termo 'adaptação climática'.,,,,,,,,,,,,,,,,
20002553745_J0009,clima_geral,"O trecho menciona a preparação para as mudanças climáticas de forma geral, sem citar eventos extremos ou desastres específicos.",,,,,,,,,,,,,,,,
210002533355_J0001,relevante,"O texto menciona explicitamente enchentes, desastres naturais, a possibilidade de novas enchentes e os impactos de eventos extremos.",,,,,,,,,,,,,,,,
210002533355_J0002,relevante,"O texto menciona explicitamente ações de defesa, reconstrução e resposta a enchentes, cheias e inundações.",,,,,,,,,,,,,,,,
210002535802_J0001,clima_geral,"O trecho menciona 'resiliência climática' de forma genérica como parte de um eixo temático, sem detalhar eventos extremos ou ações de adaptação.",,,,,,,,,,,,,,,,
210002535802_J0002,relevante,"O trecho menciona explicitamente a 'proteção contra cheias', o que se enquadra como medida de prevenção a eventos extremos e gestão de riscos.",FALSE,FALSE,FALSE,FALSE,TRUE,FALSE,FALSE,FALSE,FALSE,FALSE,FALSE,FALSE,FALSE,FALSE,0,"O trecho apenas cita o tema 'proteção contra cheias' como um tópico de eixo, sem propor ação, diagnóstico ou diretriz específica."
210002535802_J0003,relevante,"O trecho menciona explicitamente a Defesa Civil, o que o enquadra na categoria relevante conforme as regras de decisão.",,,,,,,,,,,,,,,,
210002535802_J0004,relevante,"O texto menciona explicitamente a vulnerabilidade a eventos climáticos extremos, como estiagens e enchentes.",,,,,,,,,,,,,,,,
210002535802_J0005,relevante,O texto menciona o medo de eventos climáticos como chuva e seca.,,,,,,,,,,,,,,,,
210002535802_J0006,clima_geral,"O trecho menciona resiliência climática de forma geral, sem especificar eventos extremos, desastres ou ações de adaptação detalhadas.",,,,,,,,,,,,,,,,
210002535802_J0007,relevante,"O texto menciona explicitamente a prevenção de tragédias, a proteção contra enchentes e a resiliência climática como política estruturante.",FALSE,FALSE,FALSE,TRUE,TRUE,FALSE,FALSE,FALSE,FALSE,FALSE,FALSE,FALSE,FALSE,FALSE,2,"O texto estabelece a resiliência climática como política estruturante e a proteção contra enchentes como condição para outras políticas, o que caracteriza diretrizes e compromissos sem ações específicas."
210002535802_J0008,relevante,"O trecho menciona explicitamente a 'adaptação climática', o que o enquadra na categoria relevante conforme as regras de decisão.",FALSE,FALSE,FALSE,TRUE,FALSE,FALSE,FALSE,FALSE,FALSE,FALSE,FALSE,FALSE,FALSE,FALSE,2,"O trecho propõe uma direção de política (criação de linhas de financiamento) para a adaptação climática, mas de forma genérica, sem especificar o instrumento ou a ação concreta."
210002535802_J0009,relevante,O trecho menciona explicitamente o impacto de eventos climáticos e a necessidade de resposta (crédito emergencial) para os atingidos.,,,,,,,,,,,,,,,,
210002535802_J0010,relevante,"O texto menciona explicitamente a proteção contra cheias, que é um evento de inundação/enchente listado como relevante.",,,,,,,,,,,,,,,,
210002535802_J0011,relevante,"O trecho menciona explicitamente o enfrentamento às secas, que é um evento climático listado como relevante.",,,,,,,,,,,,,,,,
210002535802_J0012,relevante,O trecho menciona explicitamente a busca por recursos para a proteção contra enchentes.,,,,,,,,,,,,,,,,
210002535802_J0013,relevante,O trecho menciona explicitamente a proteção das pessoas contra enchentes e secas.,,,,,,,,,,,,,,,,
210002535802_J0014,relevante,O trecho menciona explicitamente a reconstrução de territórios e infraestrutura atingidos por eventos climáticos.,FALSE,FALSE,TRUE,FALSE,FALSE,FALSE,FALSE,FALSE,FALSE,FALSE,FALSE,FALSE,FALSE,TRUE,1,"O trecho descreve a situação de necessidade de reconstrução de territórios atingidos por eventos climáticos, caracterizando um diagnóstico do cenário atual."
210002535802_J0015,relevante,"O texto menciona explicitamente a busca por um estado mais seguro diante de eventos climáticos, o que remete à gestão de riscos e redução de vulnerabilidades.",FALSE,FALSE,FALSE,FALSE,FALSE,FALSE,FALSE,FALSE,FALSE,FALSE,FALSE,FALSE,FALSE,TRUE,0,"O trecho apresenta uma visão de futuro vaga sobre ser 'mais seguro diante de eventos climáticos', sem propor ações, diagnósticos ou diretrizes específicas."
210002535802_J0016,relevante,"O trecho menciona explicitamente a proteção contra cheias, que é um evento de risco/desastre natural.",,,,,,,,,,,,,,,,
210002535802_J0017,relevante,O trecho menciona explicitamente a necessidade de considerar riscos climáticos na ação estadual.,,,,,,,,,,,,,,,,
210002535802_J0018,clima_geral,"O trecho menciona 'resiliência climática' de forma genérica dentro de um eixo de temas, sem especificar eventos extremos ou ações de adaptação.",,,,,,,,,,,,,,,,
210002535802_J0019,relevante,O trecho menciona explicitamente a necessidade de considerar riscos climáticos na ação estadual.,,,,,,,,,,,,,,,,
210002535802_J0020,clima_geral,"O trecho menciona resiliência climática de forma genérica como um dos eixos de atuação, sem detalhar eventos extremos ou ações de adaptação.",,,,,,,,,,,,,,,,
210002535802_J0021,relevante,O trecho menciona explicitamente a necessidade de considerar os riscos climáticos na ação estadual.,FALSE,FALSE,FALSE,FALSE,FALSE,FALSE,FALSE,FALSE,FALSE,FALSE,FALSE,FALSE,FALSE,TRUE,2,"O trecho estabelece que a ação estadual deve considerar os riscos climáticos como um critério, sem propor uma ação específica de mitigação ou resposta."
210002535802_J0022,clima_geral,"O trecho menciona resiliência climática de forma genérica em uma lista de temas, sem detalhar eventos extremos ou ações de adaptação.",,,,,,,,,,,,,,,,
210002535802_J0023,relevante,O trecho menciona explicitamente a necessidade de considerar os riscos climáticos na ação estadual.,,,,,,,,,,,,,,,,
210002535802_J0024,clima_geral,"O trecho menciona 'resiliência climática' de forma genérica, sem referir eventos extremos, desastres ou ações de adaptação específicas.",,,,,,,,,,,,,,,,
210002535802_J0025,relevante,O trecho menciona explicitamente a necessidade de considerar riscos climáticos na ação estadual.,FALSE,FALSE,FALSE,FALSE,FALSE,FALSE,FALSE,FALSE,FALSE,FALSE,FALSE,FALSE,FALSE,FALSE,2,O trecho estabelece um critério de diretriz ao determinar que a ação estadual deve considerar os riscos climáticos.
210002535802_J0026,clima_geral,"O trecho menciona resiliência climática de forma genérica dentro de uma lista de eixos temáticos, sem detalhar eventos extremos ou ações de adaptação.",,,,,,,,,,,,,,,,
210002535802_J0027,relevante,O texto menciona explicitamente a existência de riscos climáticos distintos entre as regiões do Estado.,,,,,,,,,,,,,,,,
210002535802_J0028,clima_geral,"O trecho menciona resiliência climática de forma genérica, sem referir eventos extremos, desastres ou ações de adaptação específicas.",,,,,,,,,,,,,,,,
210002535802_J0029,relevante,O trecho menciona explicitamente a necessidade de considerar 'riscos climáticos' em uma lista de fatores para a ação estadual.,,,,,,,,,,,,,,,,
210002535802_J0030,clima_geral,"O trecho menciona resiliência climática de forma genérica como um eixo temático, sem detalhar eventos extremos ou ações de adaptação.",,,,,,,,,,,,,,,,
210002535802_J0031,relevante,O trecho menciona explicitamente a necessidade de considerar os riscos climáticos na ação estadual.,,,,,,,,,,,,,,,,
210002535802_J0032,clima_geral,"O trecho menciona resiliência climática de forma genérica como um pilar de gestão, sem detalhar riscos ou eventos extremos.",,,,,,,,,,,,,,,,
210002535802_J0033,relevante,O trecho menciona explicitamente o financiamento de adaptação climática.,,,,,,,,,,,,,,,,
210002535802_J0034,relevante,O trecho menciona explicitamente a 'adaptação climática' como uma das áreas para linhas de financiamento.,FALSE,FALSE,FALSE,TRUE,FALSE,FALSE,FALSE,FALSE,FALSE,FALSE,FALSE,FALSE,FALSE,FALSE,2,"O texto propõe a criação de linhas de financiamento que incluem a adaptação climática em uma lista genérica de investimentos, sem detalhar uma ação específica de risco e desastre."
210002535802_J0035,relevante,"O texto menciona o impacto de eventos climáticos em empresas, o que remete a eventos extremos ou desastres.",,,,,,,,,,,,,,,,
210002535802_J0036,nao_relevante,"O termo 'gestão de riscos' refere-se ao contexto de governança corporativa e sistema financeiro, não a riscos climáticos ou desastres.",,,,,,,,,,,,,,,,
210002535802_J0037,relevante,O trecho menciona explicitamente operações destinadas à adaptação climática.,,,,,,,,,,,,,,,,
210002535802_J0038,relevante,O texto menciona explicitamente a necessidade de considerar os riscos climáticos na estratégia de desenvolvimento estadual.,,,,,,,,,,,,,,,,
210002535802_J0039,clima_geral,"O trecho menciona resiliência climática como um eixo temático geral, sem detalhar eventos extremos ou ações de adaptação específicas.",,,,,,,,,,,,,,,,
210002535802_J0040,relevante,O trecho menciona explicitamente a necessidade de considerar os riscos climáticos na ação estadual.,,,,,,,,,,,,,,,,
210002535802_J0041,clima_geral,"O trecho menciona resiliência climática de forma genérica, sem detalhar eventos extremos ou ações de adaptação específicas.",,,,,,,,,,,,,,,,
210002535802_J0042,relevante,"O trecho menciona a expansão de seguro rural e instrumentos de gestão de risco, que são ferramentas de mitigação de riscos climáticos e desastres na agricultura.",FALSE,FALSE,FALSE,FALSE,FALSE,FALSE,FALSE,FALSE,FALSE,FALSE,FALSE,FALSE,FALSE,TRUE,2,O trecho propõe uma diretriz de política (expansão de seguro e instrumentos de gestão) sem detalhar a ação concreta ou metas específicas no texto apresentado.
210002535802_J0043,relevante,O trecho menciona explicitamente a necessidade de considerar os riscos climáticos na ação estadual.,,,,,,,,,,,,,,,,
210002535802_J0044,clima_geral,"O trecho menciona 'resiliência climática' de forma genérica como um eixo temático, sem referir eventos extremos, desastres ou ações de adaptação específicas.",,,,,,,,,,,,,,,,
210002535802_J0045,relevante,O trecho menciona explicitamente a necessidade de considerar a resiliência climática e os riscos climáticos na infraestrutura.,,,,,,,,,,,,,,,,
210002535802_J0046,clima_geral,"O trecho menciona resiliência climática de forma genérica como um eixo temático, sem detalhar eventos extremos ou ações de adaptação.",,,,,,,,,,,,,,,,
210002535802_J0047,relevante,O trecho menciona explicitamente a necessidade de considerar riscos climáticos na ação estadual.,,,,,,,,,,,,,,,,
210002535802_J0048,clima_geral,"O trecho menciona resiliência climática de forma genérica como um dos pilares, sem detalhar eventos extremos ou ações de adaptação.",,,,,,,,,,,,,,,,
210002535802_J0049,relevante,O trecho menciona explicitamente a resiliência a eventos extremos.,,,,,,,,,,,,,,,,
210002535802_J0050,relevante,O trecho menciona explicitamente a necessidade de considerar os riscos climáticos na ação estadual.,FALSE,FALSE,FALSE,FALSE,FALSE,FALSE,FALSE,FALSE,FALSE,FALSE,FALSE,FALSE,FALSE,TRUE,2,O trecho estabelece um critério de diretriz para a ação estadual ao mencionar a necessidade de considerar os riscos climáticos.
210002535802_J0051,clima_geral,"O trecho menciona resiliência climática de forma genérica, sem referir eventos extremos, desastres ou ações de adaptação específicas.",,,,,,,,,,,,,,,,
210002535802_J0052,relevante,O texto menciona explicitamente a necessidade de considerar os riscos climáticos na ação estadual.,,,,,,,,,,,,,,,,
210002535802_J0053,clima_geral,"O trecho menciona resiliência climática de forma genérica como um eixo temático, sem detalhar eventos extremos ou ações de adaptação.",,,,,,,,,,,,,,,,
210002535802_J0054,relevante,O trecho menciona explicitamente a necessidade de considerar os riscos climáticos na ação estadual.,,,,,,,,,,,,,,,,
210002535802_J0055,clima_geral,"O trecho menciona resiliência climática de forma genérica como parte de um eixo temático, sem detalhar eventos extremos ou ações de adaptação.",,,,,,,,,,,,,,,,
210002535802_J0056,relevante,O trecho menciona explicitamente a necessidade de considerar riscos climáticos na ação estadual.,,,,,,,,,,,,,,,,
210002535802_J0057,clima_geral,"O trecho menciona resiliência climática de forma genérica dentro de um eixo temático, sem citar eventos extremos ou ações de adaptação específicas.",,,,,,,,,,,,,,,,
210002535802_J0058,nao_relevante,"O texto trata de políticas de permanência escolar e combate ao abandono estudantil, sem menção a riscos climáticos ou agenda climática.",,,,,,,,,,,,,,,,
210002535802_J0059,relevante,"O texto menciona explicitamente adaptação climática, gestão de riscos e eventos extremos como enchentes, deslizamentos e estiagens.",,,,,,,,,,,,,,,,
210002535802_J0060,relevante,O trecho menciona explicitamente a 'gestão de riscos climáticos' como uma das áreas prioritárias para a educação profissional.,,,,,,,,,,,,,,,,
210002535802_J0061,relevante,O texto menciona explicitamente a 'adaptação climática' como uma das áreas de apoio do Estado aos municípios.,,,,,,,,,,,,,,,,
210002535802_J0062,relevante,O trecho menciona explicitamente o termo 'risco climático' como um dos critérios para a distribuição de recursos.,,,,,,,,,,,,,,,,
210002535802_J0063,relevante,"O texto menciona explicitamente planos de contingência para emergências e calamidades, além de deslocamento de estudantes por eventos climáticos.",,,,,,,,,,,,,,,,
210002535802_J0064,relevante,"O trecho menciona explicitamente a retomada de atividades após eventos extremos, o que se enquadra em ações de resposta ou recuperação a eventos climáticos.",FALSE,FALSE,TRUE,FALSE,FALSE,FALSE,FALSE,FALSE,FALSE,FALSE,FALSE,FALSE,FALSE,TRUE,1,"O trecho foca no tempo de retomada após eventos extremos, o que descreve uma situação/necessidade sem propor uma ação concreta ou diretriz de política."
210002535802_J0065,relevante,O trecho menciona explicitamente a necessidade de considerar os riscos climáticos.,,,,,,,,,,,,,,,,
210002535802_J0066,clima_geral,"O trecho menciona resiliência climática de forma genérica como um dos eixos de atuação, sem referir eventos extremos ou ações de adaptação específicas.",,,,,,,,,,,,,,,,
210002535802_J0067,relevante,O trecho menciona explicitamente a necessidade de considerar riscos climáticos na ação estadual.,FALSE,FALSE,FALSE,FALSE,FALSE,FALSE,FALSE,FALSE,FALSE,FALSE,FALSE,FALSE,FALSE,FALSE,2,O trecho estabelece um critério de diretriz ao determinar que a ação estadual deve considerar os riscos climáticos.
210002535802_J0068,clima_geral,"O trecho menciona resiliência climática de forma genérica como um eixo temático, sem detalhar eventos extremos ou ações de adaptação.",,,,,,,,,,,,,,,,
210002535802_J0069,relevante,O trecho menciona explicitamente a necessidade de considerar riscos climáticos na ação estadual.,,,,,,,,,,,,,,,,
210002535802_J0070,clima_geral,"O trecho menciona resiliência climática de forma genérica, sem referir a eventos extremos ou ações de adaptação específicas.",,,,,,,,,,,,,,,,
210002535802_J0071,relevante,"O texto menciona explicitamente Defesa Civil, enchentes, adaptação climática e riscos climáticos.",,,,,,,,,,,,,,,,
210002535802_J0072,clima_geral,"O trecho menciona resiliência climática de forma genérica, sem detalhar eventos extremos ou ações de adaptação específicas.",,,,,,,,,,,,,,,,
210002535802_J0073,relevante,O trecho menciona explicitamente o fortalecimento da Defesa Civil.,,,,,,,,,,,,,,,,
210002535802_J0074,relevante,"O trecho menciona explicitamente a recuperação de sistemas de proteção contra cheias, o que se enquadra em ações de mitigação de desastres naturais.",,,,,,,,,,,,,,,,
210002535802_J0075,relevante,"O texto menciona explicitamente a proteção contra cheias, que é um evento extremo/desastre natural.",,,,,,,,,,,,,,,,
210002535802_J0076,relevante,"O trecho menciona explicitamente o enfrentamento às secas, que é um evento climático listado na regra de relevância.",,,,,,,,,,,,,,,,
210002535802_J0077,relevante,O trecho menciona explicitamente a necessidade de considerar os riscos climáticos na ação estadual.,FALSE,FALSE,FALSE,FALSE,FALSE,FALSE,FALSE,FALSE,FALSE,FALSE,FALSE,FALSE,FALSE,TRUE,2,O trecho estabelece critérios de planejamento e diretrizes para a ação estadual ao mencionar a necessidade de considerar riscos climáticos.
210002535802_J0078,clima_geral,"O trecho menciona resiliência climática de forma genérica, sem referir eventos extremos, desastres ou ações de adaptação específicas.",,,,,,,,,,,,,,,,
210002535802_J0079,relevante,O trecho menciona explicitamente o combate à ocupação de áreas de risco.,TRUE,FALSE,FALSE,FALSE,FALSE,FALSE,FALSE,FALSE,FALSE,FALSE,FALSE,FALSE,FALSE,TRUE,2,"O trecho propõe o combate à ocupação de áreas de risco como uma diretriz de política, sem detalhar uma ação técnica ou instrumento específico de mitigação."
210002535802_J0080,relevante,O trecho menciona explicitamente a integração da adaptação climática ao zoneamento e aos investimentos.,,,,,,,,,,,,,,,,
210002535802_J0081,relevante,O trecho menciona explicitamente a necessidade de considerar riscos climáticos na ação estadual.,,,,,,,,,,,,,,,,
210002535802_J0082,clima_geral,"O trecho menciona resiliência climática de forma genérica, sem referir-se a eventos extremos ou ações de adaptação específicas.",,,,,,,,,,,,,,,,
210002535802_J0083,relevante,"O trecho menciona explicitamente a exposição a riscos, planejamento urbano adaptado ao clima e riscos climáticos.",TRUE,FALSE,FALSE,TRUE,FALSE,FALSE,FALSE,FALSE,FALSE,FALSE,FALSE,FALSE,FALSE,TRUE,2,"O trecho estabelece critérios de direcionamento para a ação estadual ao mencionar a necessidade de considerar riscos climáticos, sem propor uma ação concreta ou meta específica."
210002535802_J0084,clima_geral,"O trecho menciona 'resiliência climática' de forma genérica como um dos eixos de atuação, sem detalhar eventos extremos ou ações de adaptação.",,,,,,,,,,,,,,,,
210002535802_J0085,relevante,O trecho menciona explicitamente a necessidade de considerar os riscos climáticos na ação estadual.,,,,,,,,,,,,,,,,
210002535802_J0086,clima_geral,"O trecho menciona 'resiliência climática' de forma genérica como um eixo temático, sem detalhar eventos extremos, riscos ou ações de adaptação.",,,,,,,,,,,,,,,,
210002535802_J0087,relevante,O trecho menciona explicitamente a necessidade de considerar os riscos climáticos na ação estadual.,,,,,,,,,,,,,,,,
210002535802_J0088,clima_geral,"O trecho menciona 'resiliência climática' de forma genérica, sem referir eventos extremos, desastres ou ações de adaptação específicas.",,,,,,,,,,,,,,,,
210002535802_J0089,relevante,O trecho menciona explicitamente a necessidade de considerar os riscos climáticos na ação estadual.,,,,,,,,,,,,,,,,
210002535802_J0090,clima_geral,"O trecho menciona resiliência climática de forma genérica como um eixo temático, sem citar eventos extremos ou ações de adaptação específicas.",,,,,,,,,,,,,,,,
210002535802_J0091,relevante,O trecho menciona explicitamente a necessidade de considerar riscos climáticos na ação estadual.,FALSE,FALSE,FALSE,FALSE,FALSE,FALSE,FALSE,FALSE,FALSE,FALSE,FALSE,FALSE,FALSE,TRUE,2,"O trecho estabelece que a ação estadual deve considerar os riscos climáticos como um critério de planejamento, o que caracteriza uma diretriz de política sem ação específica."
210002535802_J0092,clima_geral,"O trecho menciona resiliência climática de forma genérica, sem referir eventos extremos, desastres ou ações de adaptação específicas.",,,,,,,,,,,,,,,,
210002535802_J0093,relevante,"O trecho menciona explicitamente a preservação de patrimônio afetado por eventos climáticos, o que remete a impactos de eventos extremos ou desastres.",,,,,,,,,,,,,,,,
210002535802_J0094,relevante,O trecho menciona explicitamente a necessidade de considerar os riscos climáticos na ação estadual.,,,,,,,,,,,,,,,,
210002535802_J0095,clima_geral,"O trecho menciona resiliência climática de forma genérica dentro de um eixo temático, sem citar eventos extremos ou ações de adaptação específicas.",,,,,,,,,,,,,,,,
210002535802_J0096,relevante,O trecho menciona explicitamente a necessidade de considerar riscos climáticos na ação estadual.,FALSE,FALSE,FALSE,FALSE,FALSE,FALSE,FALSE,FALSE,FALSE,FALSE,FALSE,FALSE,FALSE,FALSE,2,"O trecho estabelece que a ação estadual deve considerar os riscos climáticos como um critério de planejamento, sem propor uma ação concreta ou meta específica."
210002535802_J0097,clima_geral,"O trecho menciona resiliência climática de forma genérica dentro de um eixo temático, sem detalhar eventos extremos ou ações de adaptação.",,,,,,,,,,,,,,,,
210002535802_J0098,relevante,O trecho menciona explicitamente a recuperação de equipamentos afetados por enchentes.,,,,,,,,,,,,,,,,
210002535802_J0099,relevante,O trecho menciona explicitamente a necessidade de considerar os riscos climáticos na ação estadual.,FALSE,FALSE,FALSE,FALSE,FALSE,FALSE,FALSE,FALSE,FALSE,FALSE,FALSE,FALSE,FALSE,FALSE,2,O trecho estabelece um critério de planejamento ao propor que as ações estaduais considerem os riscos climáticos.
210002535802_J0100,clima_geral,"O trecho menciona resiliência climática de forma genérica como um eixo temático, sem detalhar eventos extremos ou ações de adaptação.",,,,,,,,,,,,,,,,
210002541367_J0001,nao_relevante,O termo 'enchente' é usado apenas como marcador temporal para uma situação de risco fiscal (bola de neve/dívida).,,,,,,,,,,,,,,,,
210002541367_J0004,relevante,O texto menciona explicitamente eventos climáticos extremos e a existência de pessoas vivendo em áreas de risco.,,,,,,,,,,,,,,,,
210002541367_J0005,relevante,O trecho menciona explicitamente obras de drenagem urbana para enfrentar enchentes.,TRUE,FALSE,FALSE,FALSE,TRUE,FALSE,FALSE,FALSE,FALSE,FALSE,FALSE,FALSE,FALSE,FALSE,3,"O trecho propõe a realização de obras de drenagem urbana para mitigar o risco de enchentes, o que caracteriza uma ação de prevenção de desastres."
210002541367_J0006,relevante,"O trecho menciona pessoas atingidas pela enchente, o que remete a desastres e eventos extremos.",,,,,,,,,,,,,,,,
210002541367_J0007,relevante,"O texto menciona explicitamente enchentes, sistemas antienchente, áreas de risco e reparação para vítimas de desastres naturais.",,,,,,,,,,,,,,,,
210002541367_J0008,relevante,O trecho menciona uma enchente como fator que possivelmente aumentou o número de pessoas em situação de pobreza.,,,,,,,,,,,,,,,,
210002541367_J0009,relevante,O trecho menciona explicitamente o impacto de uma enchente.,,,,,,,,,,,,,,,,
210002541367_J0010,clima_geral,"O texto menciona a reversão da crise climática de forma genérica, sem referir-se a eventos extremos, desastres ou medidas de adaptação.",,,,,,,,,,,,,,,,
210002541367_J0011,clima_geral,"O trecho menciona a necessidade de enfrentar os impactos das mudanças climáticas de forma genérica, sem citar eventos extremos ou ações de adaptação específicas.",,,,,,,,,,,,,,,,
210002541367_J0012,relevante,O texto menciona explicitamente 'eventos climáticos' como causa de perdas financeiras.,,,,,,,,,,,,,,,,
210002541367_J0013,relevante,O texto menciona a 'enchente' como o evento que causou a suspensão do pagamento da dívida estadual.,FALSE,FALSE,FALSE,FALSE,FALSE,FALSE,FALSE,FALSE,FALSE,FALSE,FALSE,FALSE,FALSE,FALSE,0,"O trecho foca no aumento da dívida pública e menciona a enchente apenas como contexto causal, sem propor ou diagnosticar o risco/desastre em si."
210002541367_J0014,relevante,O texto menciona explicitamente as enchentes de 2024 como causa para a perda de malha ferroviária.,,,,,,,,,,,,,,,,
210002541367_J0015,relevante,O texto menciona explicitamente 'enchente' como um exemplo de imprevisto/evento extremo.,,,,,,,,,,,,,,,,
210002541367_J0016,relevante,O texto menciona a necessidade de infraestrutura (galerias subterrâneas) para enfrentar eventos climáticos constantes.,,,,,,,,,,,,,,,,
210002541367_J0017,relevante,"O texto menciona explicitamente eventos climáticos extremos, vulnerabilidade, sistemas de drenagem e alertas.",,,,,,,,,,,,,,,,
210002541367_J0018,clima_geral,"O texto menciona a crise climática de forma genérica e sistêmica, sem citar eventos extremos, desastres ou ações de adaptação.",,,,,,,,,,,,,,,,
210002541367_J0019,relevante,"O trecho menciona eventos climáticos extremos (tornados, tempestades) e falhas em sistemas de alerta.",,,,,,,,,,,,,,,,
210002541367_J0020,relevante,O texto menciona explicitamente inundação e a atuação da Defesa Civil no contexto de monitoramento de riscos e eventos extremos.,,,,,,,,,,,,,,,,
210002541367_J0021,relevante,"O texto menciona explicitamente deslizamentos, sistemas de alerta, Defesa Civil, áreas de risco, enchentes e inundações.",,,,,,,,,,,,,,,,
210002541367_J0022,relevante,"O texto menciona explicitamente a recuperação pós-enchente, que se refere a um evento extremo/desastre.",,,,,,,,,,,,,,,,
210002541367_J0023,relevante,"O texto menciona enchentes, sistemas de alertas e ações de prevenção e proteção contra desastres.",,,,,,,,,,,,,,,,
210002541367_J0024,relevante,"O texto menciona explicitamente os danos causados por enchentes e inundações, além de citar o contexto de calamidade.",FALSE,FALSE,TRUE,FALSE,TRUE,FALSE,FALSE,FALSE,FALSE,FALSE,FALSE,FALSE,FALSE,FALSE,1,O trecho descreve o cenário de danos causados por enchentes (escolas/saúde destruídas e moradias danificadas) sem propor uma ação de mitigação ou resposta.
210002541367_J0025,relevante,"O texto menciona explicitamente áreas de risco, eventos climáticos extremos, contenção de encostas e planos de enfrentamento a desastres.",TRUE,FALSE,TRUE,TRUE,TRUE,TRUE,FALSE,FALSE,FALSE,FALSE,FALSE,FALSE,FALSE,FALSE,3,O texto propõe ações identificáveis como a constituição de conselhos de trabalhadores e a execução de obras de macrodrenagem e contenção de encostas para enfrentar eventos climáticos.
210002541367_J0026,relevante,"O texto menciona explicitamente adaptação climática, sistemas de alertas, eventos climáticos extremos, inundações, enchentes e secas.",TRUE,FALSE,TRUE,TRUE,TRUE,FALSE,TRUE,FALSE,TRUE,FALSE,FALSE,FALSE,FALSE,FALSE,3,"O texto propõe ações concretas de resposta e adaptação, como a indenização por perdas em inundações e a criação de um plano estadual de adaptação climática com sistemas de alerta e abrigos."
210002541367_J0027,nao_relevante,"O termo 'catástrofe' é utilizado em sentido metafórico/político e não faz menção a eventos climáticos, desastres naturais ou agenda climática.",,,,,,,,,,,,,,,,
210002541367_J0028,relevante,"O texto menciona explicitamente enchentes, cheias e enxurradas como eventos que afetaram o estado e a população.",FALSE,FALSE,FALSE,FALSE,TRUE,FALSE,FALSE,FALSE,FALSE,FALSE,FALSE,FALSE,FALSE,FALSE,1,"O trecho descreve as consequências de alterações legislativas nas enchentes de 2024 e a vulnerabilidade da população, sem propor soluções."
210002541367_J0029,relevante,"O texto menciona explicitamente uma barragem de rejeitos e faz uma comparação com o desastre de Brumadinho, o que remete ao risco de rompimento de barragem (desastre tecnológico).",,,,,,,,,,,,,,,,
210002541367_J0030,relevante,O trecho menciona explicitamente as enchentes de 2024 como um evento de impacto na região de Eldorado do Sul.,,,,,,,,,,,,,,,,
210002541367_J0031,relevante,O texto menciona o impacto das enchentes de 2024 como um fator de migração na região.,FALSE,FALSE,FALSE,FALSE,TRUE,FALSE,FALSE,FALSE,FALSE,FALSE,FALSE,FALSE,FALSE,FALSE,1,"O trecho descreve o impacto das enchentes de 2024 como um fator de mudança demográfica na região, caracterizando um diagnóstico da situação sem propor soluções."
210002541367_J0032,nao_relevante,"O texto trata de questões de saneamento, licenciamento ambiental e planejamento urbano, sem mencionar eventos climáticos extremos, desastres naturais ou adaptação climática.",,,,,,,,,,,,,,,,
210002541367_J0033,clima_geral,"O trecho menciona a prevenção dos efeitos das mudanças climáticas de forma genérica, sem especificar eventos extremos ou desastres.",,,,,,,,,,,,,,,,
210002541367_J0034,relevante,O trecho menciona explicitamente a requalificação de escolas atingidas por enchentes.,,,,,,,,,,,,,,,,
210002541367_J0035,relevante,O texto menciona explicitamente enchentes e os riscos de eventos climáticos extremos.,,,,,,,,,,,,,,,,
210002541367_J0036,relevante,"O trecho menciona explicitamente a prevenção de catástrofes ambientais, o que se enquadra na categoria de gestão de riscos e desastres.",,,,,,,,,,,,,,,,
210002541367_J0037,relevante,O texto menciona explicitamente o impacto de enchentes em bairros específicos.,FALSE,FALSE,FALSE,FALSE,TRUE,FALSE,FALSE,FALSE,FALSE,FALSE,FALSE,FALSE,FALSE,FALSE,1,"O trecho descreve uma situação/dado sobre a relação entre enchentes e demografia, sem propor soluções."
210002541367_J0038,relevante,O texto menciona explicitamente enchentes e alagamentos como eventos que impactam comunidades vulneráveis.,,,,,,,,,,,,,,,,
210002542892_J0001,relevante,"O trecho menciona explicitamente adaptação climática, gestão de riscos e Defesa Civil.",,,,,,,,,,,,,,,,
210002542892_J0002,clima_geral,"O trecho menciona mudanças climáticas de forma genérica como um dos desafios para a gestão pública, sem citar eventos extremos ou adaptação.",,,,,,,,,,,,,,,,
210002542892_J0003,relevante,O trecho menciona explicitamente a gestão de riscos climáticos.,,,,,,,,,,,,,,,,
210002542892_J0004,relevante,O texto menciona explicitamente enchentes e estiagens severas como eventos que afetaram a economia do Estado.,,,,,,,,,,,,,,,,
210002542892_J0005,relevante,O trecho menciona explicitamente a necessidade de investimentos em reconstrução e adaptação às mudanças climáticas.,,,,,,,,,,,,,,,,
210002542892_J0006,relevante,O texto menciona explicitamente 'riscos climáticos' como um dos desafios da administração pública.,,,,,,,,,,,,,,,,
210002542892_J0007,relevante,"O texto menciona explicitamente enchentes, catástrofe climática e a necessidade de resposta a situações de emergência.",TRUE,TRUE,TRUE,TRUE,TRUE,FALSE,FALSE,FALSE,FALSE,FALSE,FALSE,FALSE,FALSE,FALSE,1,O trecho descreve o impacto histórico das enchentes de 2024 sem propor uma solução ou ação específica para o risco.
210002542892_J0008,relevante,"O texto menciona explicitamente enchentes, protocolos de resposta a emergências e situações de desastre.",,,,,,,,,,,,,,,,
210002542892_J0009,clima_geral,"O trecho menciona a resiliência às mudanças climáticas de forma geral, sem especificar eventos extremos ou ações de adaptação a desastres específicos.",FALSE,FALSE,FALSE,TRUE,FALSE,FALSE,FALSE,FALSE,FALSE,FALSE,FALSE,FALSE,FALSE,FALSE,2,"O texto propõe a incorporação de critérios de resiliência climática como uma diretriz para a modernização da infraestrutura escolar, sem detalhar uma ação específica de gestão de riscos."
210002542892_J0010,clima_geral,"O trecho menciona mudanças climáticas de forma geral como um fator de complexidade para a saúde, sem citar eventos extremos ou adaptação específica.",,,,,,,,,,,,,,,,
210002542892_J0011,relevante,O trecho menciona explicitamente mudanças climáticas e eventos extremos como desafios que exigem preparação e resposta a crises.,,,,,,,,,,,,,,,,
210002542892_J0012,relevante,O trecho menciona explicitamente a ocorrência de eventos climáticos extremos.,,,,,,,,,,,,,,,,
210002542892_J0013,relevante,"O trecho menciona explicitamente enchentes, eventos climáticos extremos e a redução de vulnerabilidades decorrentes desses eventos.",,,,,,,,,,,,,,,,
210002542892_J0014,clima_geral,"O trecho menciona resiliência climática de forma geral como um princípio da política habitacional, sem citar eventos extremos ou ações de adaptação específicas.",,,,,,,,,,,,,,,,
210002542892_J0015,relevante,"O texto menciona explicitamente eventos climáticos extremos, enchentes, áreas de risco, Defesa Civil e adaptação às mudanças climáticas para reduzir vulnerabilidades.",TRUE,FALSE,TRUE,TRUE,TRUE,FALSE,FALSE,FALSE,FALSE,FALSE,FALSE,FALSE,FALSE,FALSE,1,"O trecho descreve o impacto de eventos climáticos e enchentes na vulnerabilidade habitacional, sem propor ações concretas de mitigação ou resposta."
210002542892_J0016,relevante,"O texto menciona explicitamente eventos climáticos extremos, enchentes, deslizamentos, redução de riscos e adaptação climática.",,,,,,,,,,,,,,,,
210002542892_J0017,relevante,O trecho menciona explicitamente eventos extremos e a vulnerabilidade de grupos específicos diante das mudanças climáticas.,,,,,,,,,,,,,,,,
210002542892_J0018,relevante,"O texto menciona explicitamente estratégias de prevenção, resposta e reconstrução diante de eventos climáticos extremos e a redução de vulnerabilidades.",,,,,,,,,,,,,,,,
210002542892_J0019,relevante,"O texto menciona explicitamente a reconstrução pós-enchentes, o que remete à recuperação de desastres naturais.",FALSE,FALSE,TRUE,TRUE,TRUE,FALSE,FALSE,FALSE,FALSE,FALSE,FALSE,FALSE,FALSE,FALSE,1,"O trecho foca na menção ao processo de reconstrução pós-enchentes como um fato ocorrido, sem propor ações de prevenção ou resposta."
210002542892_J0020,relevante,O trecho menciona explicitamente adaptação climática e a redução de riscos de eventos climáticos extremos.,,,,,,,,,,,,,,,,
210002542892_J0021,relevante,O trecho menciona explicitamente a adaptação aos eventos climáticos extremos.,,,,,,,,,,,,,,,,
210002542892_J0022,relevante,"O texto menciona explicitamente a ocorrência de estiagens, enchentes e eventos climáticos extremos.",,,,,,,,,,,,,,,,
210002542892_J0023,relevante,O texto menciona explicitamente a adaptação climática e a redução de impactos de eventos extremos.,FALSE,FALSE,FALSE,TRUE,FALSE,FALSE,FALSE,FALSE,FALSE,FALSE,FALSE,FALSE,FALSE,TRUE,2,"O texto propõe a estruturação de políticas de adaptação climática para reduzir impactos de eventos extremos, o que caracteriza uma diretriz de política sem ação específica identificável."
210002542892_J0024,relevante,O texto menciona explicitamente a adaptação às mudanças climáticas e a preparação para eventos climáticos extremos.,FALSE,FALSE,TRUE,TRUE,FALSE,FALSE,FALSE,FALSE,FALSE,FALSE,FALSE,FALSE,FALSE,TRUE,2,"O texto propõe diretrizes de adaptação e mecanismos de proteção/apoio a eventos climáticos extremos, mas sem detalhar uma ação, obra ou instrumento técnico específico de prevenção ou resposta."
210002542892_J0025,clima_geral,"O trecho menciona mudanças climáticas e resiliência climática de forma genérica, sem referir-se a eventos extremos ou desastres específicos.",,,,,,,,,,,,,,,,
210002542892_J0026,relevante,O texto menciona explicitamente os impactos provocados por eventos climáticos extremos.,FALSE,FALSE,FALSE,FALSE,FALSE,FALSE,FALSE,FALSE,FALSE,FALSE,FALSE,FALSE,FALSE,TRUE,1,"O trecho foca nos impactos causados por eventos climáticos extremos como um fato ocorrido, sem propor ações ou diretrizes."
210002542892_J0027,clima_geral,"O trecho menciona a incorporação de critérios de resiliência climática na infraestrutura de forma geral, sem citar eventos extremos ou desastres específicos.",,,,,,,,,,,,,,,,
210002542892_J0028,relevante,O trecho menciona explicitamente adaptação climática e a capacidade de resposta a eventos extremos.,,,,,,,,,,,,,,,,
210002542892_J0029,relevante,O trecho menciona explicitamente a integração com a Defesa Civil.,,,,,,,,,,,,,,,,
210002542892_J0030,relevante,O trecho menciona explicitamente enchentes como um desafio que atingiu a infraestrutura do Estado.,,,,,,,,,,,,,,,,
210002542892_J0031,relevante,"O texto menciona explicitamente a necessidade de prevenção, adaptação e recuperação diante de eventos climáticos para aumentar a resiliência.",FALSE,FALSE,FALSE,FALSE,FALSE,FALSE,FALSE,FALSE,FALSE,FALSE,FALSE,FALSE,FALSE,TRUE,2,"O trecho estabelece uma diretriz de política ao afirmar que a competitividade depende da capacidade de prevenção, adaptação e recuperação diante de eventos climáticos, sem propor uma ação específica."
210002542892_J0032,relevante,O trecho menciona explicitamente a redução da vulnerabilidade a eventos climáticos extremos e o fortalecimento da resiliência climática.,,,,,,,,,,,,,,,,
210002542892_J0033,relevante,O trecho menciona explicitamente a ocorrência de eventos climáticos extremos.,FALSE,FALSE,FALSE,FALSE,FALSE,FALSE,FALSE,FALSE,FALSE,FALSE,FALSE,FALSE,FALSE,TRUE,1,"O trecho descreve a tendência de aumento na frequência e intensidade de eventos climáticos extremos, caracterizando um diagnóstico do problema sem propor soluções."
210002542892_J0034,relevante,O texto menciona explicitamente adaptação climática e gestão de riscos.,TRUE,FALSE,FALSE,TRUE,FALSE,FALSE,FALSE,FALSE,FALSE,FALSE,FALSE,FALSE,FALSE,TRUE,2,"O trecho propõe a incorporação da prevenção e gestão de riscos como princípios de planejamento, o que caracteriza uma diretriz de política sem ação específica identificável."
210002542892_J0035,relevante,O trecho menciona explicitamente a capacidade de adaptação às mudanças climáticas e a resposta a eventos extremos.,,,,,,,,,,,,,,,,
210002542892_J0036,clima_geral,"O trecho menciona mudanças climáticas e um plano de ação climática de forma geral, sem citar eventos extremos, desastres ou adaptação específica.",,,,,,,,,,,,,,,,
210002542892_J0037,relevante,"O texto menciona explicitamente adaptação climática, prevenção de riscos, resposta a eventos extremos e redução de vulnerabilidades.",TRUE,FALSE,FALSE,TRUE,FALSE,FALSE,FALSE,FALSE,FALSE,FALSE,FALSE,FALSE,FALSE,TRUE,2,"O texto apresenta diretrizes estratégicas e compromissos de integração de políticas, sem detalhar ações concretas ou metas específicas para o enfrentamento de riscos e desastres."
210002542892_J0038,relevante,"O trecho menciona explicitamente a redução de vulnerabilidades e o aumento da resiliência, que são elementos centrais da adaptação climática.",,,,,,,,,,,,,,,,
210002542892_J0039,relevante,"O texto menciona explicitamente gestão de riscos, Defesa Civil, prevenção de desastres, eventos extremos e sistemas de alertas.",TRUE,TRUE,FALSE,TRUE,FALSE,FALSE,FALSE,FALSE,FALSE,FALSE,FALSE,FALSE,FALSE,TRUE,3,"O texto propõe ações identificáveis como capacitação, assistência técnica e apoio à elaboração de planos de adaptação e resiliência."
210002542892_J0040,relevante,"O texto menciona explicitamente a mitigação de cheias, o fortalecimento da Defesa Civil, a gestão de riscos e sistemas de alerta.",,,,,,,,,,,,,,,,
210002542892_J0041,relevante,O trecho menciona explicitamente a previsão de eventos extremos para evitar danos.,,,,,,,,,,,,,,,,
210002542892_J0042,relevante,"O texto menciona explicitamente prevenção, Defesa Civil, resposta a eventos extremos, estiagens e enchentes.",,,,,,,,,,,,,,,,
210002542892_J0043,relevante,"O texto menciona explicitamente gestão de riscos, Defesa Civil, planejamento de contingência e adaptação a eventos extremos.",,,,,,,,,,,,,,,,
210002542892_J0044,relevante,"O texto menciona explicitamente a segurança de barragens, classificação de riscos, integração com a Defesa Civil e resiliência frente a estiagens e eventos climáticos extremos.",,,,,,,,,,,,,,,,
210002542892_J0045,relevante,O trecho menciona explicitamente a adaptação climática.,,,,,,,,,,,,,,,,
210002542892_J0046,relevante,O texto menciona explicitamente a adaptação climática e a capacidade de resistência e recuperação diante de eventos extremos.,FALSE,TRUE,FALSE,TRUE,FALSE,FALSE,FALSE,FALSE,FALSE,FALSE,FALSE,FALSE,FALSE,TRUE,2,"O texto propõe diretrizes de adaptação climática e redução de vulnerabilidades por meio da infraestrutura, sem detalhar ações específicas de gestão de desastres."
210002542892_J0047,relevante,"O texto menciona explicitamente prevenção e resposta a desastres, proteção contra cheias e adaptação a eventos climáticos extremos.",TRUE,FALSE,FALSE,TRUE,TRUE,FALSE,FALSE,FALSE,FALSE,FALSE,FALSE,FALSE,FALSE,TRUE,2,"O texto propõe ampliar investimentos em obras de proteção contra cheias e modernização de infraestrutura, o que caracteriza uma diretriz de investimento genérica sem detalhamento de metas ou ações específicas."
210002542892_J0048,relevante,"O texto menciona explicitamente a Defesa Civil, a resposta a eventos extremos e a redução de vulnerabilidades frente às mudanças climáticas.",,,,,,,,,,,,,,,,
210002542892_J0049,relevante,"O texto menciona explicitamente a capacidade de enfrentar crises hídricas, o que se enquadra em eventos de seca/estiagem.",FALSE,FALSE,FALSE,TRUE,FALSE,FALSE,TRUE,FALSE,FALSE,FALSE,FALSE,FALSE,FALSE,FALSE,2,"O texto propõe uma diretriz de fortalecimento da capacidade de enfrentar crises e impactos climáticos, mas sem detalhar uma ação específica de gestão de risco."
210002542892_J0050,relevante,O texto menciona explicitamente que o estado é impactado por eventos climáticos e busca tornar os sistemas produtivos mais resilientes a esses efeitos.,,,,,,,,,,,,,,,,
210002542892_J0051,relevante,O trecho menciona explicitamente a redução da exposição aos riscos climáticos.,FALSE,FALSE,FALSE,TRUE,FALSE,FALSE,FALSE,FALSE,FALSE,FALSE,FALSE,FALSE,FALSE,TRUE,0,O trecho expressa uma intenção vaga de reduzir a exposição a riscos climáticos sem propor uma ação ou diagnóstico concreto.
210002542892_J0052,relevante,O texto menciona explicitamente a ocorrência de eventos climáticos extremos como um desafio para a conservação.,FALSE,FALSE,FALSE,FALSE,FALSE,FALSE,FALSE,FALSE,FALSE,FALSE,FALSE,FALSE,FALSE,TRUE,1,"O trecho identifica os eventos climáticos extremos como um desafio crescente para a conservação, descrevendo o problema sem propor soluções."
210002542892_J0053,relevante,O trecho menciona explicitamente a promoção de soluções para a adaptação às mudanças climáticas.,,,,,,,,,,,,,,,,
210002542892_J0054,clima_geral,"O trecho menciona resiliência climática de forma genérica, sem referir eventos extremos, desastres ou ações de adaptação específicas.",,,,,,,,,,,,,,,,
210002547857_J0001,relevante,O trecho menciona explicitamente o impacto de enchentes (evento extremo/desastre) nos desafios do estado.,,,,,,,,,,,,,,,,
210002547857_J0002,relevante,"O texto menciona explicitamente eventos extremos, enchentes, gestão de riscos, Defesa Civil, desastres e ações de prevenção e mitigação de vulnerabilidades.",TRUE,TRUE,TRUE,TRUE,TRUE,FALSE,FALSE,FALSE,FALSE,FALSE,FALSE,FALSE,FALSE,FALSE,2,"O trecho apresenta diagnósticos detalhados e diretrizes de compromisso e priorização (como fortalecer a Defesa Civil e priorizar a prevenção), mas não detalha uma ação única com objeto, meta ou orçamento específico."
210002547857_J0003,relevante,"O texto detalha ações de gestão de riscos, planos de contingência, alertas por sirenes e mapeamento de desastres como inundações e deslizamentos.",,,,,,,,,,,,,,,,
210002547857_J0004,relevante,O trecho menciona explicitamente a manutenção de funções durante eventos extremos e a organização da logística de emergência.,,,,,,,,,,,,,,,,
210002547857_J0005,relevante,"O trecho aborda explicitamente a gestão de desastres, incluindo operações de resposta, alertas, evacuações e a recuperação pós-desastre.",,,,,,,,,,,,,,,,
210002547857_J0006,clima_geral,"O trecho menciona mudanças climáticas de forma genérica como um fator de risco para a sanidade animal, sem citar eventos extremos ou ações de adaptação.",,,,,,,,,,,,,,,,
210002547857_J0007,relevante,O texto menciona explicitamente o atendimento a animais vítimas de desastres.,,,,,,,,,,,,,,,,
210002547857_J0008,nao_relevante,"O trecho trata de preparação do SUS para emergências de saúde pública, epidemias e desastres no contexto de serviços de saúde, o que está explicitamente fora do escopo.",,,,,,,,,,,,,,,,
210002547857_J0009,relevante,O texto menciona explicitamente a integração da primeira infância a planos de contingência e a proteção de crianças em territórios atingidos por desastres.,,,,,,,,,,,,,,,,
210002547857_J0010,relevante,O trecho menciona explicitamente o agravamento das desigualdades sociais pelos efeitos de eventos climáticos extremos.,,,,,,,,,,,,,,,,
210002547857_J0011,relevante,O texto menciona explicitamente a resposta a desastres e o acompanhamento de famílias atingidas por eventos extremos.,,,,,,,,,,,,,,,,
210002547857_J0012,relevante,O trecho menciona explicitamente a sucessão de eventos climáticos extremos como fator para a necessidade de resiliência e recuperação produtiva.,FALSE,FALSE,FALSE,TRUE,FALSE,FALSE,FALSE,FALSE,FALSE,FALSE,FALSE,FALSE,FALSE,TRUE,1,"O trecho descreve a ocorrência de eventos climáticos extremos como um fato que evidenciou uma necessidade, sem propor uma ação ou diretriz específica de gestão de risco."
210002547857_J0013,relevante,"O texto menciona explicitamente eventos extremos como estiagens severas e enchentes históricas, além de riscos climáticos.",FALSE,FALSE,FALSE,TRUE,TRUE,FALSE,TRUE,FALSE,FALSE,FALSE,FALSE,FALSE,FALSE,FALSE,1,"O trecho foca em descrever o histórico de eventos climáticos (estiagens e enchentes) e a fragilidade da proteção contra riscos, sem propor uma solução específica."
210002547857_J0014,relevante,"O texto menciona explicitamente riscos climáticos, desastres, secas, chuvas intensas e a necessidade de retomada após desastres.",,,,,,,,,,,,,,,,
210002547857_J0015,relevante,O trecho menciona a articulação da resposta agropecuária com a Defesa Civil para levantamento de perdas e recuperação produtiva.,,,,,,,,,,,,,,,,
210002547857_J0016,relevante,O trecho menciona explicitamente a ocorrência de eventos climáticos extremos e a necessidade de resiliência do setor frente a eles.,,,,,,,,,,,,,,,,
210002547857_J0017,relevante,"O texto menciona explicitamente contingência, retomada após eventos extremos e articulação com a Defesa Civil.",TRUE,TRUE,TRUE,TRUE,FALSE,FALSE,FALSE,FALSE,FALSE,FALSE,FALSE,FALSE,FALSE,TRUE,2,"O trecho propõe apoiar a contingência e retomada após eventos extremos em articulação com a defesa civil, o que caracteriza uma diretriz de política sem ação específica identificável."
210002547857_J0018,relevante,O texto menciona explicitamente os impactos dos eventos climáticos extremos no mercado de trabalho.,,,,,,,,,,,,,,,,
210002547857_J0019,relevante,"O texto menciona explicitamente eventos climáticos extremos, a vulnerabilidade da infraestrutura e a necessidade de prevenção e resiliência climática.",,,,,,,,,,,,,,,,
210002547857_J0020,relevante,O texto menciona explicitamente os impactos de eventos climáticos extremos na infraestrutura e a necessidade de resiliência frente a esses eventos.,,,,,,,,,,,,,,,,
210002547857_J0021,relevante,O trecho menciona explicitamente a adaptação de infraestrutura a eventos extremos e a previsão de serviços emergenciais.,,,,,,,,,,,,,,,,
210002547857_J0022,relevante,"O texto menciona explicitamente a tragédia climática, ocupação de áreas de risco, prevenção de riscos e reconstrução pós-desastres.",TRUE,TRUE,TRUE,TRUE,FALSE,FALSE,FALSE,FALSE,FALSE,FALSE,FALSE,FALSE,FALSE,TRUE,1,"O trecho foca na descrição do impacto da tragédia climática de 2024 e na identificação da fragilidade da ocupação de áreas de risco, sem propor uma ação específica de mitigação ou resposta."
210002547857_J0023,relevante,O texto menciona explicitamente a resiliência diante de eventos climáticos extremos e cita as enchentes de 2024.,FALSE,FALSE,FALSE,TRUE,TRUE,FALSE,FALSE,FALSE,FALSE,FALSE,FALSE,FALSE,FALSE,TRUE,1,"O trecho foca em descrever as fragilidades e a baixa resiliência do sistema energético diante de eventos climáticos e enchentes, sem propor soluções específicas."
210002547857_J0024,relevante,"O texto menciona explicitamente a preparação para eventos extremos, planos de adaptação e a integração com a Defesa Civil para resposta a emergências.",,,,,,,,,,,,,,,,
210002547857_J0025,relevante,O trecho menciona explicitamente a incorporação de riscos climáticos na matriz de distribuição de riscos.,,,,,,,,,,,,,,,,
210002547857_J0026,relevante,O texto menciona a articulação da gestão administrativa com o sistema de Defesa Civil no contexto de preparação para crises.,TRUE,FALSE,FALSE,FALSE,FALSE,FALSE,FALSE,FALSE,FALSE,FALSE,FALSE,FALSE,FALSE,TRUE,3,"O trecho propõe a manutenção de protocolos de continuidade administrativa para responder a crises, o que constitui uma ação de preparação para desastres."
210002547857_J0027,nao_relevante,"O texto trata de riscos fiscais e gestão orçamentária para calamidades, não de riscos climáticos ou desastres naturais.",,,,,,,,,,,,,,,,
210002547857_J0028,relevante,O texto menciona explicitamente a palavra 'desastres' em uma lista de jornadas de serviços ao cidadão.,,,,,,,,,,,,,,,,
210002547857_J0029,nao_relevante,"O termo 'gestão de riscos' é utilizado no contexto de integridade pública e prevenção à corrupção, não se referindo a desastres ou eventos climáticos.",,,,,,,,,,,,,,,,
210002547857_J0030,relevante,O trecho menciona explicitamente a reconstrução após eventos climáticos extremos.,,,,,,,,,,,,,,,,
210002547857_J0031,relevante,"O texto menciona explicitamente proteção contra desastres, adaptação e reconstrução diante de eventos climáticos extremos.",TRUE,FALSE,TRUE,TRUE,FALSE,FALSE,FALSE,FALSE,FALSE,FALSE,FALSE,FALSE,FALSE,TRUE,2,"O trecho propõe a inclusão da proteção contra desastres em uma lista de pautas prioritárias para articulação federal, configurando uma diretriz de política sem ação específica detalhada."
210002547857_J0032,relevante,"O texto menciona explicitamente eventos climáticos extremos, enchentes e ações de adaptação e prevenção a esses eventos.",TRUE,FALSE,FALSE,TRUE,TRUE,FALSE,FALSE,FALSE,FALSE,FALSE,FALSE,FALSE,FALSE,TRUE,1,"O trecho foca em descrever o problema causado pelas enchentes de 2024 e as fragilidades evidenciadas, sem propor uma ação específica de mitigação ou resposta."
210002547857_J0033,relevante,"O texto menciona explicitamente o uso de dados para orientar decisões sobre estiagens e cheias, além de tratar da adaptação de ecossistemas às mudanças climáticas e planícies de inundação.",,,,,,,,,,,,,,,,
210002547857_J0034,clima_geral,"O trecho menciona a resiliência climática de forma genérica, sem referir eventos extremos, desastres ou ações de adaptação específicas.",,,,,,,,,,,,,,,,
210002547857_J0035,relevante,O trecho menciona explicitamente a proteção contra cheias e inundações para reduzir perdas humanas e econômicas.,,,,,,,,,,,,,,,,
210002547857_J0036,relevante,"O trecho menciona explicitamente a mitigação de áreas de inundação e a Defesa Civil, o que caracteriza gestão de riscos e desastres.",TRUE,FALSE,TRUE,FALSE,TRUE,FALSE,FALSE,FALSE,FALSE,FALSE,FALSE,FALSE,FALSE,FALSE,2,"O trecho apresenta uma diretriz genérica de mitigação de áreas de inundação e a mera citação de órgãos/áreas vinculadas, sem detalhar ações específicas ou metas."
210002547857_J0037,relevante,"O trecho menciona explicitamente a Defesa Civil, o que o enquadra na categoria relevante conforme as regras de decisão.",FALSE,FALSE,FALSE,FALSE,FALSE,FALSE,FALSE,FALSE,FALSE,FALSE,FALSE,FALSE,FALSE,TRUE,0,"O trecho apresenta apenas a citação de temas e de um órgão, sem propor ações, diagnósticos ou diretrizes concretas."
210002547857_J0038,relevante,O trecho menciona explicitamente a existência de redes vulneráveis a desastres.,TRUE,FALSE,FALSE,FALSE,FALSE,FALSE,FALSE,FALSE,FALSE,FALSE,FALSE,FALSE,FALSE,TRUE,1,"O trecho identifica a existência de redes vulneráveis a desastres como um problema, sem propor uma solução específica para o risco."
210002547857_J0039,relevante,"O trecho menciona explicitamente a Defesa Civil, o que o enquadra na categoria relevante conforme a regra de decisão.",,,,,,,,,,,,,,,,
210002547857_J0040,relevante,O trecho menciona explicitamente a exposição de territórios ao risco climático.,FALSE,FALSE,FALSE,FALSE,FALSE,FALSE,FALSE,FALSE,FALSE,FALSE,FALSE,FALSE,FALSE,TRUE,1,"O trecho identifica a existência de territórios expostos ao risco climático como um problema, sem propor uma solução específica."
210002547857_J0041,relevante,O trecho menciona explicitamente a Defesa Civil e a resiliência climática.,,,,,,,,,,,,,,,,
210002551508_J0001,clima_geral,"O texto menciona mudanças climáticas de forma genérica como um dos desafios para o planejamento do estado, sem citar eventos extremos ou ações de adaptação.",,,,,,,,,,,,,,,,
210002551508_J0002,relevante,O texto menciona explicitamente o impacto de catástrofes climáticas na sociedade e nas cidades.,,,,,,,,,,,,,,,,
210002551508_J0003,nao_relevante,"O termo 'tempestades' é utilizado de forma metafórica para descrever a resiliência das mulheres, sem tratar de eventos climáticos ou riscos de desastres.",,,,,,,,,,,,,,,,
210002551508_J0005,relevante,O trecho menciona explicitamente a Defesa Civil e a gestão de riscos climáticos.,,,,,,,,,,,,,,,,
210002551508_J0006,relevante,"O trecho menciona explicitamente a prevenção de desastres, o que o enquadra na categoria relevante.",FALSE,FALSE,FALSE,FALSE,FALSE,FALSE,FALSE,FALSE,FALSE,FALSE,FALSE,FALSE,FALSE,TRUE,2,"O texto inclui prevenção de desastres e resiliência climática em uma lista genérica de temas a serem incorporados pela rede estadual, sem propor uma ação específica."
210002551508_J0007,relevante,O trecho menciona explicitamente a preparação para desastres socioambientais e a promoção da adaptação climática.,,,,,,,,,,,,,,,,
210002551508_J0008,relevante,O texto menciona explicitamente os impactos dos eventos climáticos sobre setores da economia e o mercado de trabalho.,FALSE,FALSE,FALSE,FALSE,FALSE,FALSE,FALSE,FALSE,FALSE,FALSE,FALSE,FALSE,FALSE,FALSE,1,"O trecho descreve como os eventos climáticos impactam o mercado de trabalho, caracterizando um diagnóstico da situação sem propor uma ação direta de gestão de risco."
210002551508_J0009,relevante,O trecho menciona explicitamente os impactos de desastres climáticos sobre a população.,,,,,,,,,,,,,,,,
210002551508_J0010,relevante,O trecho menciona explicitamente a instituição de um protocolo de resposta a calamidades climáticas.,,,,,,,,,,,,,,,,
210002551508_J0011,relevante,"O texto menciona explicitamente riscos de inundações e deslizamentos em áreas de vulnerabilidade, associando-os a uma tragédia climática.",FALSE,FALSE,FALSE,FALSE,TRUE,TRUE,FALSE,FALSE,FALSE,FALSE,FALSE,FALSE,FALSE,FALSE,1,"O trecho foca em descrever o problema e a dimensão dos riscos evidenciados por um evento passado, sem propor soluções ou ações."
210002551508_J0012,relevante,"O texto menciona explicitamente estratégias de adaptação climática, prevenção de desastres, áreas de risco e eventos como inundações e deslizamentos.",,,,,,,,,,,,,,,,
210002551508_J0013,clima_geral,"O texto menciona a 'crise climática' de forma contextual para tratar de desinformação, sem abordar riscos de desastres ou adaptação.",,,,,,,,,,,,,,,,
210002551508_J0014,relevante,O texto menciona explicitamente a prevenção e informação sobre eventos climáticos extremos.,,,,,,,,,,,,,,,,
210002551508_J0015,relevante,O texto menciona explicitamente enchentes e a necessidade de protocolos para situações de emergência e desastre.,,,,,,,,,,,,,,,,
210002551508_J0016,relevante,O texto menciona explicitamente protocolos de resgate em desastres climáticos integrados à Defesa Civil.,,,,,,,,,,,,,,,,
210002551508_J0017,relevante,"O texto menciona explicitamente eventos climáticos extremos, inundações, a vulnerabilidade da infraestrutura e a necessidade de adaptação e reconstrução frente a esses eventos.",,,,,,,,,,,,,,,,
210002551508_J0018,relevante,O texto menciona explicitamente a vulnerabilidade da infraestrutura de energia a eventos climáticos extremos.,,,,,,,,,,,,,,,,
210002551508_J0019,relevante,"O texto menciona explicitamente riscos de rompimento de barragens, estiagens, cheias e inundações.",TRUE,FALSE,FALSE,FALSE,TRUE,FALSE,TRUE,FALSE,FALSE,FALSE,FALSE,TRUE,FALSE,FALSE,3,O trecho propõe ações específicas de mitigação de risco tecnológico (vedação de método de alteamento a montante e descaracterização de barragens de rejeitos).
210002551508_J0020,relevante,"O texto menciona explicitamente o monitoramento e alerta para secas e cheias, além da adaptação de infraestrutura aos riscos de inundação.",,,,,,,,,,,,,,,,
210002551508_J0021,clima_geral,"O texto menciona emergência climática e transição ecológica de forma geral, sem citar eventos extremos ou desastres específicos.",,,,,,,,,,,,,,,,
210002551508_J0022,relevante,O texto menciona explicitamente a prevenção da ocupação de áreas de risco.,,,,,,,,,,,,,,,,
210002551508_J0023,relevante,"O texto aborda explicitamente a gestão de desastres, Defesa Civil, planos de contingência, monitoramento de eventos extremos, áreas de risco, inundações e deslizamentos.",TRUE,FALSE,FALSE,TRUE,TRUE,TRUE,FALSE,FALSE,FALSE,FALSE,FALSE,FALSE,FALSE,FALSE,1,O trecho foca em descrever o problema atual (modelo de Defesa Civil focado em resposta e carência de estrutura científica) sem propor uma solução específica nas frases marcadas.
210002551508_J0024,relevante,"O texto menciona explicitamente desastres, percepção de risco, inundações e a necessidade de proteção contra eventos climáticos extremos.",,,,,,,,,,,,,,,,
210002551508_J0025,clima_geral,"O texto menciona mudanças climáticas de forma geral como um fator que compromete a sustentabilidade produtiva, sem citar eventos extremos, desastres ou ações de adaptação.",,,,,,,,,,,,,,,,
210002551508_J0026,clima_geral,"O trecho menciona a transição para uma agricultura resiliente às mudanças climáticas de forma geral, sem citar eventos extremos ou desastres específicos.",,,,,,,,,,,,,,,,
210002551508_J0027,clima_geral,"O trecho menciona mudanças climáticas e resiliência produtiva de forma geral, sem citar eventos extremos ou desastres específicos.",,,,,,,,,,,,,,,,
210002551508_J0028,clima_geral,"O trecho menciona resiliência climática e adaptação de forma geral, sem referir-se a eventos extremos ou desastres específicos.",,,,,,,,,,,,,,,,
210002551508_J0029,relevante,"O texto menciona a reconstrução decorrente da catástrofe climática de 2024, o que se enquadra em ações de recuperação de desastres.",FALSE,FALSE,TRUE,FALSE,FALSE,FALSE,FALSE,FALSE,FALSE,FALSE,FALSE,FALSE,FALSE,TRUE,1,"O trecho foca na situação da dívida pública e no contexto da catástrofe climática de 2024, sem propor ações específicas de gestão de risco ou desastre."
210002551508_J0030,clima_geral,"O trecho menciona resiliência climática de forma geral, sem referir eventos extremos, desastres ou ações de adaptação específicas.",FALSE,FALSE,FALSE,TRUE,FALSE,FALSE,FALSE,FALSE,FALSE,FALSE,FALSE,FALSE,FALSE,FALSE,2,"O texto propõe o uso de instituições financeiras para apoiar a reconstrução e a resiliência climática, o que constitui uma diretriz de política sem ação específica identificável."
210002551508_J0031,relevante,O trecho menciona a necessidade de reconstrução do Estado após as calamidades que o atingiram.,,,,,,,,,,,,,,,,
220002536806_J0001,relevante,O texto menciona explicitamente 'adaptação climática' e 'prevenção de riscos' no contexto de saneamento e urbanização.,FALSE,FALSE,FALSE,TRUE,FALSE,FALSE,FALSE,FALSE,FALSE,FALSE,FALSE,FALSE,FALSE,TRUE,0,"O trecho apenas lista temas de governo sem propor ações, diagnósticos ou diretrizes específicas sobre risco e desastre."
220002536806_J0002,relevante,"O trecho menciona explicitamente famílias afetadas por cheias e secas, o que caracteriza eventos climáticos extremos.",,,,,,,,,,,,,,,,
220002536806_J0003,relevante,"O trecho menciona explicitamente a prevenção e resposta a desastres, incêndios e a atuação da Defesa Civil.",,,,,,,,,,,,,,,,
220002536806_J0004,relevante,"O texto menciona explicitamente adaptação climática, secas, cheias, incêndios e prevenção de alagamentos e riscos.",,,,,,,,,,,,,,,,
220002536806_J0005,relevante,"O trecho menciona explicitamente o controle de queimadas, que é um evento de risco/desastre listado na regra de decisão.",,,,,,,,,,,,,,,,
220002536806_J0006,relevante,O texto menciona explicitamente a Defesa Civil e o estabelecimento de padrões de contingência e resiliência para serviços essenciais.,,,,,,,,,,,,,,,,
220002536806_J0007,relevante,O trecho menciona explicitamente a vulnerabilidade da hidrovia a eventos climáticos como secas e cheias.,,,,,,,,,,,,,,,,
220002536806_J0008,relevante,"O trecho menciona o planejamento para manter conexões durante eventos climáticos e a substituição de infraestruturas vulneráveis, o que caracteriza adaptação e gestão de riscos.",TRUE,FALSE,FALSE,FALSE,FALSE,FALSE,FALSE,FALSE,FALSE,FALSE,FALSE,FALSE,FALSE,TRUE,2,"O trecho propõe uma diretriz de planejamento para manter conexões durante eventos climáticos, sem detalhar uma ação concreta ou meta específica."
220002536806_J0009,relevante,"O texto menciona o planejamento de rotas alternativas para situações de eventos climáticos, o que caracteriza gestão de risco e contingência.",,,,,,,,,,,,,,,,
220002536806_J0010,relevante,"O texto menciona explicitamente secas, cheias, eventos climáticos extremos e a Defesa Civil.",,,,,,,,,,,,,,,,
220002536806_J0011,relevante,"O trecho menciona explicitamente a preparação para eventos climáticos extremos, como estiagens e enchentes.",,,,,,,,,,,,,,,,
220002536806_J0013,relevante,O texto menciona explicitamente o mapeamento de pontos de alagamento e ações preventivas de drenagem urbana para lidar com riscos.,,,,,,,,,,,,,,,,
220002536806_J0014,relevante,"O texto menciona explicitamente eventos extremos (secas, cheias, incêndios), adaptação climática, Defesa Civil, planos de contingência e gestão de riscos.",,,,,,,,,,,,,,,,
220002536806_J0015,relevante,"O trecho menciona explicitamente a Defesa Civil e obras de drenagem, que estão no escopo de gestão de riscos e prevenção de eventos climáticos.",,,,,,,,,,,,,,,,
220002536806_J0016,relevante,O trecho menciona explicitamente a prevenção de alagamentos e riscos.,,,,,,,,,,,,,,,,
220002536806_J0017,relevante,O texto menciona explicitamente a priorização de áreas vulneráveis sujeitas a alagamentos ou outros riscos.,,,,,,,,,,,,,,,,
220002536806_J0018,relevante,"O texto menciona explicitamente eventos de risco como alagamento, erosão, incêndio e deslizamento, além de citar a Defesa Civil e ações de mitigação de riscos.",TRUE,FALSE,FALSE,FALSE,TRUE,TRUE,FALSE,TRUE,FALSE,FALSE,FALSE,FALSE,FALSE,FALSE,2,"O texto propõe diretrizes de integração de políticas e critérios de priorização (reassentamento ou proteção) baseados no risco, sem detalhar ações, obras ou metas específicas."
220002536806_J0019,relevante,O texto menciona explicitamente a Defesa Civil como órgão integrante da coordenação de fiscalização e proteção do patrimônio.,,,,,,,,,,,,,,,,
220002536806_J0020,relevante,"O trecho menciona explicitamente secas e cheias, que são eventos climáticos extremos listados na regra de decisão.",,,,,,,,,,,,,,,,
220002536806_J0021,relevante,O trecho menciona explicitamente a prevenção de queimadas e o uso de alertas para resposta rápida.,TRUE,FALSE,FALSE,FALSE,FALSE,FALSE,FALSE,TRUE,FALSE,FALSE,FALSE,FALSE,FALSE,FALSE,2,"O trecho propõe uma diretriz de política pública (prevenção anual) sem detalhar uma ação, obra ou instrumento específico para o controle de queimadas."
220002536806_J0022,relevante,O trecho menciona explicitamente o termo adaptação climática.,FALSE,FALSE,FALSE,TRUE,FALSE,FALSE,FALSE,FALSE,FALSE,FALSE,FALSE,FALSE,FALSE,FALSE,2,"O trecho propõe a adaptação climática como uma diretriz de política, mas sem detalhar uma ação, obra ou instrumento específico para o manejo de riscos."
220002536806_J0023,relevante,"O trecho menciona explicitamente a prevenção de queimadas, o que o enquadra na categoria de relevante.",,,,,,,,,,,,,,,,
220002536806_J0024,relevante,"O texto menciona explicitamente a proteção contra queimadas, que é um evento de risco/desastre listado nas regras de relevância.",,,,,,,,,,,,,,,,
220002536806_J0025,relevante,"O texto menciona explicitamente o tema 'queimadas', o que o enquadra na categoria de relevante conforme as regras de decisão.",,,,,,,,,,,,,,,,
220002536806_J0026,nao_relevante,"O termo 'gestão de riscos' é utilizado no contexto de integridade e transparência administrativa, sem menção a riscos climáticos ou desastres.",,,,,,,,,,,,,,,,
220002536806_J0027,nao_relevante,"O termo 'gestão de riscos' é utilizado no contexto de integridade e prevenção de irregularidades administrativas, não se referindo a riscos climáticos ou desastres.",,,,,,,,,,,,,,,,
220002536806_J0028,nao_relevante,"O termo 'gestão de riscos' refere-se ao contexto de integridade administrativa e patrimônio público, não a riscos climáticos ou desastres naturais.",,,,,,,,,,,,,,,,
220002536806_J0029,nao_relevante,"O termo 'gestão de riscos' refere-se à gestão administrativa e institucional de políticas públicas, não a riscos climáticos ou desastres.",FALSE,FALSE,FALSE,FALSE,FALSE,FALSE,FALSE,FALSE,FALSE,FALSE,FALSE,FALSE,FALSE,TRUE,0,O termo 'gestão de riscos' refere-se à gestão administrativa de políticas públicas e não a riscos e desastres conforme a definição estabelecida.
220002536806_J0030,relevante,O texto menciona explicitamente a 'defesa civil' como um dos serviços que poderão ser organizados de forma compartilhada.,,,,,,,,,,,,,,,,
220002541939_J0001,nao_relevante,"O texto trata de inclusão social e vulnerabilidade social (risco social), o que não se enquadra nos critérios de risco climático ou desastres.",,,,,,,,,,,,,,,,
220002541939_J0002,nao_relevante,"O texto aborda políticas para cultura, esporte e lazer, temas que não possuem relação com riscos climáticos ou agenda climática.",,,,,,,,,,,,,,,,
220002541939_J0003,relevante,"O texto menciona explicitamente a Defesa Civil, gestão de riscos e desastres, prevenção de enchentes, estiagens, queimadas e eventos extremos.",,,,,,,,,,,,,,,,
220002541939_J0004,relevante,O texto menciona explicitamente a Defesa Civil e a gestão de emergências em uma lista de áreas de cooperação e capacitação.,,,,,,,,,,,,,,,,
220002541939_J0005,relevante,"O texto menciona a priorização de áreas com escassez hídrica, o que está diretamente relacionado ao fenômeno de seca/estiagem listado como relevante.",,,,,,,,,,,,,,,,
220002541939_J0006,relevante,O texto menciona o monitoramento de pontos críticos de alagamento e erosões para prevenir impactos logísticos.,TRUE,FALSE,FALSE,FALSE,TRUE,TRUE,FALSE,FALSE,FALSE,FALSE,FALSE,FALSE,FALSE,FALSE,3,O texto propõe a criação de um instrumento específico (Centro Estadual de Monitoramento Logístico) para monitorar riscos como alagamentos e erosões.
220002541939_J0007,relevante,"O trecho menciona explicitamente o combate e a detecção precoce de incêndios florestais, que são eventos climáticos/desastres.",,,,,,,,,,,,,,,,
220002541939_J0008,relevante,"O texto menciona explicitamente o combate a incêndios florestais e queimadas, além de ações de resposta e manejo do fogo.",TRUE,FALSE,FALSE,FALSE,FALSE,FALSE,FALSE,TRUE,FALSE,FALSE,FALSE,FALSE,FALSE,FALSE,2,"O trecho estabelece um objetivo/diretriz de redução de tempo de resposta a incêndios, mas não detalha uma ação, obra ou instrumento concreto para isso."
220002542185_J0001,nao_relevante,"O texto trata de segurança pública e proteção à mulher, não mencionando riscos climáticos ou desastres naturais.",,,,,,,,,,,,,,,,
220002542185_J0002,relevante,O trecho menciona explicitamente queimadas e ações preventivas para mitigar esse evento extremo.,,,,,,,,,,,,,,,,
220002542185_J0003,relevante,"O texto menciona explicitamente a prevenção e resposta a queimadas e incêndios, além de citar a seca e ações de prevenção como aceiros e brigadas.",,,,,,,,,,,,,,,,
220002542185_J0004,nao_relevante,"O termo 'gestão de riscos' refere-se à governança institucional e administrativa, não a riscos climáticos ou desastres naturais.",,,,,,,,,,,,,,,,
220002542185_J0005,relevante,"O trecho menciona explicitamente a prevenção a queimadas, que é um evento de risco/desastre listado nas regras.",,,,,,,,,,,,,,,,
220002542916_J0001,relevante,O trecho menciona explicitamente 'Gestão de Riscos' no contexto de planejamento territorial e ordenamento do solo.,,,,,,,,,,,,,,,,
220002542916_J0003,relevante,O texto menciona explicitamente o reforço da Defesa Civil e a capacidade de prevenção e resposta a emergências no contexto do Corpo de Bombeiros.,,,,,,,,,,,,,,,,
220002542916_J0004,relevante,"O texto menciona explicitamente a gestão de riscos climáticos, adaptação às mudanças climáticas e variações de chuvas e estiagens.",,,,,,,,,,,,,,,,
220002542916_J0005,relevante,O trecho menciona explicitamente a 'Gestão de Riscos' como uma diretriz estratégica.,,,,,,,,,,,,,,,,
220002542916_J0006,relevante,O trecho menciona explicitamente a redução de áreas de risco no contexto de urbanização e regularização fundiária.,,,,,,,,,,,,,,,,
220002542916_J0007,relevante,O texto menciona explicitamente a gestão de riscos geológicos e hidrológicos e a redução de vulnerabilidades para proteger vidas.,,,,,,,,,,,,,,,,
220002542916_J0008,relevante,O texto menciona explicitamente a inclusão de dados sobre áreas de risco no sistema de informações territoriais.,,,,,,,,,,,,,,,,
220002542916_J0009,clima_geral,"O trecho menciona mudanças climáticas, resiliência ambiental e economia verde de forma geral, sem citar eventos extremos ou desastres específicos.",,,,,,,,,,,,,,,,
220002542916_J0010,clima_geral,"O trecho menciona o aumento da resiliência climática de forma geral, sem citar eventos extremos, desastres ou riscos específicos.",,,,,,,,,,,,,,,,
220002542916_J0011,clima_geral,"O trecho menciona a conscientização sobre mudanças climáticas de forma geral, sem referir eventos extremos, desastres ou ações de adaptação.",,,,,,,,,,,,,,,,
220002542916_J0012,relevante,O texto menciona explicitamente a redução de riscos e a necessidade de ações de adaptação às mudanças climáticas.,,,,,,,,,,,,,,,,
220002550927_J0001,relevante,O trecho menciona explicitamente o combate a queimadas e incêndios florestais por meio de brigadas de combate.,,,,,,,,,,,,,,,,
220002551251_J0001,relevante,O texto menciona que a concentração econômica expõe o estado a eventos climáticos.,,,,,,,,,,,,,,,,
220002551251_J0002,nao_relevante,"O termo 'gestão de riscos' e 'problemas ambientais' são usados no contexto de gestão administrativa e fiscal, sem menção a eventos climáticos, desastres ou riscos de origem natural.",,,,,,,,,,,,,,,,
220002551251_J0003,nao_relevante,O termo 'gestão de riscos' refere-se à administração pública (compliance e cargos estratégicos) e não a riscos climáticos ou desastres naturais.,,,,,,,,,,,,,,,,
220002551251_J0004,relevante,O texto menciona explicitamente mecanismos de resposta a eventos climáticos extremos e situações de emergência.,,,,,,,,,,,,,,,,
220002551251_J0005,relevante,"O trecho menciona explicitamente ações de prevenção, controle e resposta a queimadas e incêndios florestais.",,,,,,,,,,,,,,,,
220002551251_J0006,nao_relevante,"A menção à Defesa Civil ocorre no contexto de combate ao feminicídio e segurança pública, não relacionado a riscos ou desastres naturais/climáticos.",,,,,,,,,,,,,,,,
220002551251_J0007,relevante,"O texto menciona explicitamente o combate a queimadas e incêndios florestais, além de sistemas de prevenção e resposta.",,,,,,,,,,,,,,,,
220002551251_J0008,relevante,O trecho menciona o uso da Defesa Civil e o monitoramento de queimadas.,TRUE,FALSE,FALSE,FALSE,FALSE,FALSE,FALSE,TRUE,FALSE,FALSE,FALSE,FALSE,FALSE,FALSE,2,O trecho apenas cita a Defesa Civil e outros órgãos sem propor uma ação concreta de gestão de riscos.
230002549223_J0001,relevante,O trecho menciona explicitamente a solução de pontos de alagamento por meio de obras de drenagem.,,,,,,,,,,,,,,,,
230002549223_J0002,relevante,O texto menciona o impacto de cheias na infraestrutura e no transporte escolar.,,,,,,,,,,,,,,,,
230002549223_J0003,relevante,O trecho menciona a integração com drenagem urbana para a eliminação de pontos críticos de alagamento.,TRUE,FALSE,FALSE,FALSE,TRUE,FALSE,FALSE,FALSE,FALSE,FALSE,FALSE,FALSE,FALSE,FALSE,2,"O trecho propõe uma diretriz de integração entre saneamento e drenagem para mitigar alagamentos, sem detalhar uma ação, obra ou meta específica."
230002549223_J0004,relevante,O trecho menciona manutenção preventiva para o período chuvoso/cheia e protocolos de resposta da Defesa Civil para garantir acesso a serviços durante esses eventos.,TRUE,TRUE,FALSE,FALSE,TRUE,FALSE,FALSE,FALSE,FALSE,FALSE,FALSE,FALSE,FALSE,FALSE,3,O texto propõe ações específicas de prevenção (manutenção antes do período chuvoso) e resposta (protocolo de travessia alternativa pela Defesa Civil) para mitigar impactos de eventos climáticos/cheias.
230002549223_J0005,relevante,O trecho menciona explicitamente o auxílio para famílias atingidas por cheias e a atuação da Defesa Civil diante de riscos recorrentes.,,,,,,,,,,,,,,,,
230002549223_J0006,nao_relevante,"A menção à Defesa Civil e ao plano de contingência refere-se a fluxos migratórios e instabilidade política, não a desastres naturais ou riscos climáticos.",,,,,,,,,,,,,,,,
230002549223_J0007,relevante,O texto menciona explicitamente a prioridade para famílias em áreas de risco de alagamento.,,,,,,,,,,,,,,,,
230002549294_J0001,relevante,"O trecho menciona explicitamente o combate a queimadas, que é um evento de risco/desastre listado na regra de decisão para a categoria relevante.",,,,,,,,,,,,,,,,
230002551571_J0001,relevante,O texto menciona explicitamente a Defesa Civil e o desafio das queimadas amazônicas.,,,,,,,,,,,,,,,,
230002551571_J0002,relevante,O texto menciona explicitamente o fortalecimento da Defesa Civil e a prevenção a incêndios florestais.,,,,,,,,,,,,,,,,
230002551571_J0003,relevante,"O trecho menciona explicitamente a Defesa Civil, queimadas e eventos climáticos extremos.",,,,,,,,,,,,,,,,
230002551571_J0004,relevante,"O trecho menciona a prevenção de efeitos do El Niño e ações contra queimadas, que são eventos climáticos e riscos de desastres.",TRUE,FALSE,FALSE,FALSE,FALSE,FALSE,FALSE,TRUE,FALSE,FALSE,FALSE,FALSE,FALSE,FALSE,2,"O texto propõe um compromisso de prevenção contra os efeitos do El Niño utilizando mecanismos já existentes, sem detalhar uma ação concreta ou específica."
230002551571_J0005,nao_relevante,"O termo 'riscos' refere-se ao contexto de segurança cibernética e tecnologia, não a desastres naturais ou climáticos.",,,,,,,,,,,,,,,,
230002552060_J0001,relevante,"O texto menciona explicitamente a prevenção a queimadas, o que se enquadra na definição de gestão de riscos e eventos climáticos/naturais.",,,,,,,,,,,,,,,,
240002537073_J0001,relevante,O texto menciona explicitamente a prevenção de cheias por meio de drenagem e a prevenção de desastres naturais.,,,,,,,,,,,,,,,,
240002537073_J0002,relevante,"O texto menciona explicitamente a Defesa Civil e ações de prevenção de desastres, como a construção de barragens para prevenção de cheias e desassoreamento de rios.",,,,,,,,,,,,,,,,
240002537073_J0003,relevante,"O trecho menciona explicitamente a proteção contra períodos de estiagem, o que caracteriza gestão de risco e adaptação a eventos climáticos.",,,,,,,,,,,,,,,,
240002541913_J0001,clima_geral,"O trecho menciona uma 'gravíssima crise climática e ambiental' de forma genérica e macroestrutural, sem referir eventos extremos ou ações de adaptação.",,,,,,,,,,,,,,,,
240002541913_J0002,relevante,O texto menciona explicitamente a ocupação de áreas de risco nas grandes cidades.,,,,,,,,,,,,,,,,
240002541913_J0003,relevante,"O texto menciona explicitamente investimentos preventivos e de socorro contra eventos extremos como enchentes, vendavais e secas.",,,,,,,,,,,,,,,,
240002541913_J0004,relevante,O trecho menciona explicitamente a questão de moradia para populações que vivem em áreas de risco.,,,,,,,,,,,,,,,,
240002541913_J0005,relevante,"O trecho menciona explicitamente enchentes, deslizamentos e estiagem, caracterizando eventos extremos e desastres naturais.",FALSE,FALSE,FALSE,FALSE,TRUE,FALSE,FALSE,FALSE,FALSE,FALSE,FALSE,FALSE,FALSE,FALSE,1,"O texto descreve o cenário atual de inexistência de prevenção e a recorrência de eventos como enchentes, deslizamentos e estiagem, sem propor soluções."
240002541913_J0006,relevante,"O texto menciona explicitamente Defesa Civil, sistemas de alerta, enchentes e desastres, além de ações de drenagem e reconstrução pós-desastre.",,,,,,,,,,,,,,,,
240002541913_J0007,nao_relevante,"O texto trata de controle orçamentário e participação popular, sem mencionar riscos climáticos, desastres ou agenda climática.",,,,,,,,,,,,,,,,
240002544118_J0001,relevante,"O texto menciona explicitamente proteção a desastres naturais, Defesa Civil, prevenção, mitigação, resposta a desastres, cheias, deslizamentos e áreas de risco.",,,,,,,,,,,,,,,,
240002548628_J0001,relevante,O trecho menciona explicitamente a ocorrência de eventos climáticos cada vez mais frequentes.,,,,,,,,,,,,,,,,
240002548628_J0002,relevante,O trecho menciona explicitamente a adaptação às mudanças climáticas.,,,,,,,,,,,,,,,,
240002548628_J0003,relevante,"O texto menciona explicitamente eventos extremos (enchentes, deslizamentos, ciclones), a Defesa Civil, adaptação climática e a redução de riscos de desastres.",,,,,,,,,,,,,,,,
240002548628_J0004,relevante,O trecho menciona explicitamente a ocupação de áreas de risco.,FALSE,FALSE,FALSE,FALSE,FALSE,TRUE,FALSE,FALSE,FALSE,FALSE,FALSE,FALSE,FALSE,FALSE,1,"O trecho identifica a ocupação de áreas de risco como um problema crescente no processo de urbanização, sem propor soluções."
240002548628_J0005,relevante,O texto menciona explicitamente a 'adaptação climática' como um dos elementos a serem articulados no planejamento do governo.,,,,,,,,,,,,,,,,
240002548628_J0006,clima_geral,"O trecho menciona mudanças climáticas de forma genérica, sem referir-se a eventos extremos, riscos ou ações de adaptação.",,,,,,,,,,,,,,,,
240002548628_J0007,relevante,O trecho menciona explicitamente a Defesa Civil no contexto do combate aos efeitos das mudanças climáticas.,,,,,,,,,,,,,,,,
240002548628_J0008,relevante,O trecho menciona explicitamente a prevenção da ocupação de áreas de risco.,,,,,,,,,,,,,,,,
240002548628_J0009,relevante,O texto menciona explicitamente a adaptação climática e a construção de cidades resilientes no contexto do planejamento urbano.,,,,,,,,,,,,,,,,
240002548628_J0010,relevante,O trecho menciona explicitamente a prevenção da ocupação de áreas de risco.,,,,,,,,,,,,,,,,
240002548628_J0011,relevante,O trecho menciona explicitamente a adaptação climática e a preparação das cidades para eventos climáticos extremos.,TRUE,FALSE,FALSE,TRUE,TRUE,FALSE,FALSE,FALSE,FALSE,FALSE,FALSE,FALSE,FALSE,FALSE,2,"O trecho propõe uma diretriz de adaptação climática por meio de uma lista genérica de elementos de infraestrutura verde, sem detalhar ações específicas de mitigação de riscos ou desastres."
240002548628_J0012,relevante,O trecho menciona explicitamente a redução da ocupação em áreas de risco.,,,,,,,,,,,,,,,,
240002548628_J0013,nao_relevante,"O trecho trata exclusivamente de saúde pública (pré-natal e mortalidade materna), o que está fora do escopo de risco e desastres.",,,,,,,,,,,,,,,,
240002548628_J0014,relevante,O trecho menciona explicitamente a capacidade de resposta a eventos climáticos.,,,,,,,,,,,,,,,,
240002548628_J0015,relevante,"O trecho menciona explicitamente a Defesa Civil, a gestão de riscos e ações de prevenção e resposta a emergências.",,,,,,,,,,,,,,,,
240002548628_J0016,relevante,"O trecho menciona explicitamente a Defesa Civil, que é um dos termos de classificação para relevante.",,,,,,,,,,,,,,,,
240002548628_J0017,relevante,O trecho menciona explicitamente a adaptação às mudanças climáticas como um dos objetivos do programa.,,,,,,,,,,,,,,,,
240002548628_J0019,relevante,"O trecho menciona explicitamente o incentivo a sistemas produtivos adaptados às mudanças climáticas, o que caracteriza adaptação climática.",,,,,,,,,,,,,,,,
240002548628_J0020,relevante,"O texto menciona explicitamente adaptação climática, prevenção de desastres e redução de riscos.",TRUE,FALSE,FALSE,TRUE,FALSE,FALSE,FALSE,FALSE,FALSE,FALSE,FALSE,FALSE,FALSE,TRUE,1,"O trecho identifica a emergência climática como um grande desafio do estado, caracterizando um diagnóstico da situação sem propor ações específicas."
240002548628_J0021,relevante,"O trecho menciona explicitamente adaptação climática, defesa civil, mapas de risco e vulnerabilidade climática.",,,,,,,,,,,,,,,,
240002548628_J0022,relevante,"O trecho menciona explicitamente adaptação climática, redução de riscos e eventos extremos como inundações e deslizamentos.",TRUE,FALSE,FALSE,TRUE,TRUE,TRUE,FALSE,FALSE,FALSE,FALSE,TRUE,FALSE,FALSE,FALSE,3,"O texto propõe ações concretas e identificáveis de gestão de risco, como a elaboração de planos de redução de riscos e o mapeamento de áreas suscetíveis a desastres."
240002548628_J0023,relevante,O trecho menciona explicitamente a 'adaptação climática' como estratégia do programa.,,,,,,,,,,,,,,,,
240002548628_J0024,relevante,"O texto menciona explicitamente a Defesa Civil, o monitoramento de riscos, sistemas de alerta precoce e a capacidade de resposta a desastres.",,,,,,,,,,,,,,,,
240002548628_J0025,relevante,O trecho menciona explicitamente a adaptação da agricultura às mudanças climáticas.,FALSE,FALSE,FALSE,TRUE,FALSE,FALSE,FALSE,FALSE,FALSE,FALSE,FALSE,FALSE,FALSE,FALSE,2,"O trecho propõe uma diretriz de adaptação climática por meio de um programa, mas sem detalhar ações concretas ou metas específicas para o risco."
240002548628_J0026,relevante,O texto menciona explicitamente a adaptação climática na agropecuária e na zona costeira.,,,,,,,,,,,,,,,,
240002548628_J0027,relevante,O trecho menciona explicitamente a adaptação das cidades à elevação do nível do mar e o monitoramento da erosão costeira.,TRUE,FALSE,FALSE,TRUE,FALSE,FALSE,FALSE,FALSE,FALSE,FALSE,TRUE,FALSE,FALSE,FALSE,2,"O texto propõe diretrizes de monitoramento e adaptação frente a riscos climáticos, mas sem detalhar ações, obras ou metas específicas."
240002548628_J0028,clima_geral,"O trecho menciona resiliência climática de forma geral, sem referir eventos extremos, desastres ou ações de adaptação específicas.",,,,,,,,,,,,,,,,
240002548628_J0029,relevante,"O texto menciona explicitamente adaptação climática, redução de riscos, sistemas de alerta precoce, prevenção e resposta a desastres e áreas de alto risco.",,,,,,,,,,,,,,,,
240002548628_J0030,relevante,O texto menciona explicitamente programas de adaptação climática para a agricultura e uma estratégia de adaptação para a zona costeira.,,,,,,,,,,,,,,,,
240002548628_J0031,clima_geral,"O trecho menciona os impactos das mudanças climáticas e a necessidade de infraestrutura resiliente de forma geral, sem especificar eventos extremos ou ações de adaptação a desastres.",,,,,,,,,,,,,,,,
240002548628_J0032,relevante,O trecho menciona explicitamente a adaptação climática como um dos pontos de integração.,,,,,,,,,,,,,,,,
240002548628_J0033,relevante,"O trecho menciona infraestrutura resiliente a eventos climáticos, o que remete à adaptação e redução de vulnerabilidade a eventos extremos.",,,,,,,,,,,,,,,,
240002551001_J0001,clima_geral,"O trecho menciona resiliência frente às mudanças climáticas de forma geral, sem especificar eventos extremos ou desastres.",,,,,,,,,,,,,,,,
240002551001_J0002,relevante,"O texto menciona explicitamente a Defesa Civil, eventos extremos, estiagens e a necessidade de preparação e resposta a desastres.",TRUE,FALSE,FALSE,TRUE,TRUE,FALSE,TRUE,FALSE,FALSE,FALSE,FALSE,FALSE,FALSE,FALSE,2,"O texto propõe o fortalecimento do sistema de defesa civil como uma diretriz de política, sem especificar uma ação concreta ou instrumento de implementação."
240002552157_J0001,clima_geral,"O trecho menciona resiliência climática de forma genérica, sem detalhar eventos extremos ou ações de adaptação específicas.",,,,,,,,,,,,,,,,
240002552157_J0002,relevante,O trecho menciona explicitamente a prevenção de riscos e a resiliência climática.,,,,,,,,,,,,,,,,
240002552157_J0003,nao_relevante,A menção à Defesa Civil ocorre no contexto de segurança pública integrada e não em relação a riscos ou desastres naturais.,,,,,,,,,,,,,,,,
240002552157_J0004,relevante,O trecho menciona explicitamente a Defesa Civil e a preparação para eventos climáticos extremos.,TRUE,FALSE,FALSE,TRUE,FALSE,FALSE,FALSE,FALSE,FALSE,FALSE,FALSE,FALSE,FALSE,TRUE,0,"O trecho entre as aspas apresenta apenas o objetivo geral de proteger vidas e preparar o estado, o que caracteriza uma intenção vaga/slogan."
240002552157_J0005,relevante,"O trecho menciona explicitamente a Defesa Civil, o mapeamento de áreas de risco e obras de drenagem e contenção para prevenção de desastres.",,,,,,,,,,,,,,,,
240002552157_J0006,relevante,"O texto menciona explicitamente a prevenção de cheias, desastres e emergências, além de ações de preparação como treinamentos e simulados.",,,,,,,,,,,,,,,,
240002553718_J0001,nao_relevante,"O trecho trata de saúde pública e infraestrutura hospitalar, o que está explicitamente fora do escopo.",,,,,,,,,,,,,,,,
250002536915_J0001,relevante,"O texto menciona explicitamente secas, ondas de calor e chuvas extremas, associando-as ao aumento da vulnerabilidade.",,,,,,,,,,,,,,,,
250002536915_J0002,relevante,O texto menciona explicitamente obras de drenagem urbana para o combate a enchentes.,,,,,,,,,,,,,,,,
250002536915_J0003,relevante,"O texto menciona explicitamente o combate a enchentes, contenção de encostas em áreas de risco, adaptação climática e protocolos para eventos extremos.",TRUE,TRUE,TRUE,TRUE,TRUE,TRUE,FALSE,FALSE,FALSE,FALSE,FALSE,FALSE,FALSE,TRUE,3,"O texto propõe ações concretas de infraestrutura para mitigação de riscos, como obras de macrodrenagem e contenção de encostas."
250002536915_J0004,relevante,O trecho menciona explicitamente a sobrevivência da população a alagamentos e incêndios em favelas.,FALSE,FALSE,FALSE,FALSE,TRUE,FALSE,FALSE,TRUE,FALSE,FALSE,FALSE,FALSE,FALSE,FALSE,1,"O trecho descreve situações de risco (alagamentos e incêndios) como fatos que exigem a auto-organização da população, sem propor soluções ou ações governamentais."
250002536915_J0005,clima_geral,"O trecho menciona a crise climática de forma genérica, sem referir-se a eventos extremos, riscos específicos ou ações de adaptação.",,,,,,,,,,,,,,,,
250002541303_J0001,relevante,"O texto menciona a integração da Defesa Civil em um centro de comando, monitoramento e resposta em tempo real.",,,,,,,,,,,,,,,,
250002541303_J0002,nao_relevante,"A menção à Defesa Civil ocorre em um contexto de integração de serviços públicos e atendimento de ocorrências genéricas, sem abordar gestão de riscos ou desastres.",,,,,,,,,,,,,,,,
250002541303_J0003,relevante,O trecho menciona explicitamente a ocorrência de desastres e a necessidade de mão de obra para a recuperação das cidades.,FALSE,FALSE,TRUE,FALSE,FALSE,FALSE,FALSE,FALSE,FALSE,FALSE,FALSE,FALSE,FALSE,TRUE,2,"O trecho propõe uma diretriz de parceria para resposta a desastres, mas sem especificar uma ação, programa ou instrumento concreto."
250002541303_J0004,clima_geral,"O trecho menciona mudanças climáticas de forma genérica como um dos fatores que influenciam a saúde mental, sem abordar riscos, desastres ou adaptação.",,,,,,,,,,,,,,,,
250002541303_J0005,relevante,O trecho menciona explicitamente a melhoria da resiliência climática por meio de obras e serviços de drenagem.,,,,,,,,,,,,,,,,
250002541303_J0006,relevante,O trecho menciona explicitamente o foco em áreas de risco.,,,,,,,,,,,,,,,,
250002541303_J0007,relevante,"O trecho menciona explicitamente eventos climáticos extremos, como secas, enchentes e incêndios, e a promoção de resiliência a esses eventos.",,,,,,,,,,,,,,,,
250002541303_J0008,relevante,"O texto menciona explicitamente adaptação climática, eventos extremos, redução de riscos, Defesa Civil e sistemas de alerta.",TRUE,TRUE,TRUE,TRUE,TRUE,FALSE,FALSE,FALSE,FALSE,FALSE,TRUE,FALSE,FALSE,FALSE,4,"O trecho propõe investimentos de R$ 25 bilhões até 2029 em obras de adaptação e resiliência climática, como drenagem e reservatórios."
250002541303_J0009,clima_geral,"O trecho menciona resiliência climática de forma geral, sem referir eventos extremos ou ações de adaptação a desastres específicos.",,,,,,,,,,,,,,,,
250002541303_J0010,relevante,O trecho menciona explicitamente a mitigação de efeitos de enchentes por meio de ações de desassoreamento em rios.,,,,,,,,,,,,,,,,
250002541303_J0011,relevante,"O texto menciona explicitamente eventos de alagamento, incêndios florestais, áreas de risco e a Defesa Civil, além de sistemas de alerta de risco.",,,,,,,,,,,,,,,,
250002541303_J0012,clima_geral,"O trecho menciona a Política Estadual de Mudanças Climáticas de forma geral, sem referir eventos extremos, riscos ou ações de adaptação.",,,,,,,,,,,,,,,,
250002541303_J0013,relevante,"O trecho menciona explicitamente o 'Controle de Cheias', que se enquadra como evento/risco climático.",,,,,,,,,,,,,,,,
250002541303_J0014,relevante,O texto menciona explicitamente a redução de riscos associados a eventos climáticos extremos.,,,,,,,,,,,,,,,,
250002541303_J0015,clima_geral,"O trecho menciona resiliência climática de forma genérica, sem referir a eventos extremos ou desastres específicos.",,,,,,,,,,,,,,,,
250002541303_J0016,relevante,"O trecho menciona explicitamente áreas de risco, prevenção a enchentes, adaptação às mudanças climáticas e resposta a eventos extremos.",TRUE,FALSE,FALSE,TRUE,TRUE,FALSE,FALSE,FALSE,FALSE,FALSE,FALSE,FALSE,FALSE,TRUE,2,"O texto propõe integrar obras de prevenção e adaptação climática sem especificar uma ação, programa ou meta concreta de risco e desastre."
250002541303_J0017,relevante,O texto menciona explicitamente a adaptação de tecnologias a condições de calor e seca.,,,,,,,,,,,,,,,,
250002541303_J0018,relevante,"O texto menciona explicitamente fenômenos extremos, Defesa Civil, áreas de risco e alertas de inundações e deslizamentos.",,,,,,,,,,,,,,,,
250002544912_J0001,nao_relevante,"O texto trata de direitos sociais, proteção à infância e juventude, sem mencionar riscos climáticos, desastres ou agenda climática.",,,,,,,,,,,,,,,,
250002544912_J0002,relevante,O texto menciona explicitamente a existência de famílias vivendo em áreas de risco.,,,,,,,,,,,,,,,,
250002544912_J0003,relevante,O trecho menciona explicitamente o problema das enchentes nas periferias.,,,,,,,,,,,,,,,,
250002544912_J0004,relevante,"O texto menciona explicitamente prevenção de enchentes, adaptação climática e vulnerabilidade a desastres ambientais.",TRUE,FALSE,FALSE,TRUE,TRUE,TRUE,FALSE,FALSE,FALSE,FALSE,FALSE,FALSE,FALSE,FALSE,3,"O texto propõe ações identificáveis de prevenção e adaptação (programas de prevenção de enchentes, contenção de encostas e adaptação climática) sem apresentar metas quantificadas ou prazos."
250002544912_J0005,relevante,O texto menciona explicitamente a Defesa Civil como uma área para o desenvolvimento de soluções tecnológicas e científicas.,,,,,,,,,,,,,,,,
250002544912_J0006,relevante,"O trecho menciona explicitamente eventos extremos e desastres como enchentes, deslizamentos, secas e queimadas.",,,,,,,,,,,,,,,,
250002544912_J0007,relevante,O trecho menciona explicitamente a proteção contra desastres ambientais.,FALSE,FALSE,FALSE,FALSE,FALSE,FALSE,FALSE,FALSE,FALSE,FALSE,FALSE,FALSE,FALSE,TRUE,0,"O trecho apresenta apenas uma intenção vaga de proteção contra desastres, sem especificar ações, diagnósticos ou diretrizes."
250002544912_J0008,relevante,O texto menciona explicitamente o problema das enchentes e a ocorrência de desastres que afetam a população.,,,,,,,,,,,,,,,,
250002544912_J0009,relevante,"O trecho menciona explicitamente o fortalecimento da Defesa Civil e obras de drenagem (piscinões), que são ações de prevenção e gestão de riscos.",,,,,,,,,,,,,,,,
250002544912_J0010,relevante,"O texto menciona explicitamente o enfrentamento de crises hídricas, que se enquadram em eventos climáticos de escassez de água.",,,,,,,,,,,,,,,,
250002549705_J0001,nao_relevante,"O texto apresenta uma crítica política genérica sobre a gestão governamental e a economia, sem mencionar riscos climáticos, desastres ou a agenda climática.",,,,,,,,,,,,,,,,
250002549705_J0002,relevante,"O trecho menciona explicitamente eventos extremos, prevenção de desastres, Defesa Civil, áreas de risco e adaptação das cidades.",,,,,,,,,,,,,,,,
250002550913_J0001,relevante,"O trecho menciona explicitamente a Defesa Civil, que é um critério de classificação para relevante.",,,,,,,,,,,,,,,,
250002550913_J0002,relevante,O trecho menciona explicitamente a Defesa Civil em uma lista de áreas de atuação.,,,,,,,,,,,,,,,,
250002550913_J0003,nao_relevante,"O texto foca em saúde pública, vigilância epidemiológica e resposta a pandemias, o que está explicitamente fora do escopo.",,,,,,,,,,,,,,,,
250002550913_J0004,relevante,O texto menciona explicitamente a Defesa Civil e a proteção da população diante de desastres.,,,,,,,,,,,,,,,,
250002550913_J0005,nao_relevante,"A menção à Defesa Civil ocorre no contexto de integração para segurança pública e combate à criminalidade, não para gestão de riscos ou desastres naturais.",,,,,,,,,,,,,,,,
250002550913_J0006,relevante,"O texto detalha ações de Defesa Civil, gestão de riscos, prevenção de desastres naturais (enchentes, deslizamentos, incêndios) e adaptação climática.",,,,,,,,,,,,,,,,
250002550913_J0007,relevante,"O texto menciona explicitamente a prevenção de desastres, a Defesa Civil e a adaptação às mudanças climáticas.",,,,,,,,,,,,,,,,
250002550913_J0008,relevante,"O trecho menciona explicitamente a Defesa Civil, que é um órgão de gestão de riscos e desastres.",,,,,,,,,,,,,,,,
250002550913_J0009,relevante,O trecho menciona explicitamente a 'Defesa Civil' em uma lista de metas estratégicas.,,,,,,,,,,,,,,,,
250002550913_J0010,relevante,O trecho menciona explicitamente a gestão de riscos climáticos.,,,,,,,,,,,,,,,,
250002550913_J0011,relevante,O trecho menciona explicitamente a eliminação de áreas de risco.,TRUE,FALSE,FALSE,FALSE,FALSE,FALSE,FALSE,FALSE,FALSE,FALSE,FALSE,FALSE,FALSE,TRUE,2,"O trecho apresenta uma lista genérica de intervenções urbanas que inclui a eliminação de áreas de risco, sem especificar uma ação, programa ou meta concreta para o tema."
250002550913_J0012,relevante,"O trecho menciona explicitamente a proteção de vidas em áreas de risco, o que se enquadra na gestão de riscos e prevenção de desastres.",TRUE,FALSE,FALSE,FALSE,FALSE,FALSE,FALSE,FALSE,FALSE,FALSE,FALSE,FALSE,FALSE,FALSE,2,"O trecho estabelece uma diretriz de política pública (política de remoção zero) e um critério de atuação, sem detalhar uma ação, obra ou meta específica."
250002550913_J0013,relevante,O trecho menciona explicitamente a exposição da população a enchentes e deslizamentos.,,,,,,,,,,,,,,,,
250002550913_J0014,relevante,O trecho menciona explicitamente a atuação em áreas de risco para proteger a vida da população através de reassentamento.,TRUE,FALSE,FALSE,FALSE,FALSE,FALSE,FALSE,FALSE,FALSE,FALSE,FALSE,FALSE,FALSE,TRUE,2,"O trecho estabelece uma diretriz de política para o reassentamento em áreas de risco, definindo critérios de proteção à vida e preservação de vínculos, sem detalhar uma ação concreta ou meta específica."
250002550913_J0015,relevante,"O texto menciona explicitamente a proteção a vítimas de calamidades públicas, o que se enquadra na definição de desastres e emergências.",,,,,,,,,,,,,,,,
250002550913_J0016,relevante,"O texto menciona explicitamente enchentes, deslizamentos, estiagem, eventos climáticos extremos e adaptação às mudanças climáticas.",FALSE,FALSE,FALSE,TRUE,TRUE,TRUE,TRUE,FALSE,TRUE,FALSE,FALSE,FALSE,FALSE,FALSE,1,"O trecho foca em descrever o cenário de vulnerabilidade, crises hídricas e eventos climáticos extremos sem propor soluções específicas."
250002550913_J0017,clima_geral,"O trecho menciona a adaptação às mudanças climáticas de forma geral, sem referir eventos extremos, desastres ou riscos específicos.",,,,,,,,,,,,,,,,
250002550913_J0018,relevante,O trecho menciona explicitamente a adaptação às mudanças climáticas.,,,,,,,,,,,,,,,,
250002550913_J0019,relevante,O texto menciona explicitamente a adaptação às mudanças climáticas como um dos temas do planejamento regional.,,,,,,,,,,,,,,,,
260002532010_J0001,relevante,O trecho menciona explicitamente a Defesa Civil como parte de operações de aeronaves.,,,,,,,,,,,,,,,,
260002532010_J0002,relevante,O trecho menciona explicitamente a vulnerabilidade aos efeitos das mudanças climáticas e à escassez hídrica.,FALSE,FALSE,FALSE,FALSE,FALSE,FALSE,TRUE,FALSE,FALSE,FALSE,TRUE,FALSE,FALSE,FALSE,1,O trecho descreve uma situação de vulnerabilidade (problema) sem propor qualquer ação ou solução.
260002532010_J0003,relevante,"O trecho menciona explicitamente o fortalecimento da adaptação às mudanças climáticas, o que o enquadra na categoria relevante.",,,,,,,,,,,,,,,,
260002532010_J0004,relevante,O trecho menciona explicitamente a prevenção de alagamentos.,,,,,,,,,,,,,,,,
260002532010_J0005,relevante,O trecho menciona explicitamente o monitoramento de emergências e a Defesa Civil.,TRUE,FALSE,FALSE,FALSE,FALSE,FALSE,FALSE,FALSE,FALSE,FALSE,FALSE,FALSE,FALSE,TRUE,3,"O texto propõe a implantação de um instrumento específico (Central Integrada de Operações) para o monitoramento de emergências e defesa civil, sem apresentar metas ou prazos quantificados."
260002532010_J0006,relevante,"O trecho menciona o enfrentamento à escassez hídrica, que está diretamente relacionada a eventos de seca e estiagem.",,,,,,,,,,,,,,,,
260002532010_J0007,relevante,"O trecho menciona explicitamente gestão de riscos, desastres naturais e adaptação climática.",,,,,,,,,,,,,,,,
260002532010_J0008,clima_geral,"O texto menciona mudanças climáticas de forma genérica como parte de um cenário de desenvolvimento, sem citar eventos extremos, desastres ou ações de adaptação específicas.",,,,,,,,,,,,,,,,
260002532010_J0009,relevante,O trecho menciona explicitamente a redução de riscos decorrentes de adversidades climáticas.,,,,,,,,,,,,,,,,
260002542491_J0001,relevante,O trecho menciona explicitamente ações de adaptação climática e segurança hídrica para o semiárido.,,,,,,,,,,,,,,,,
260002542491_J0002,relevante,O trecho menciona explicitamente a redução dos impactos da seca.,,,,,,,,,,,,,,,,
260002542491_J0003,relevante,"O texto menciona explicitamente a adaptação às mudanças climáticas, a prevenção de eventos extremos e a resiliência de comunidades.",,,,,,,,,,,,,,,,
260002542491_J0004,nao_relevante,"O termo 'riscos' refere-se à gestão de governança e prevenção de ilícitos, não a eventos climáticos ou desastres.",,,,,,,,,,,,,,,,
260002549466_J0001,relevante,"O trecho menciona explicitamente a Defesa Civil, que é um critério de relevância para gestão de riscos e desastres.",FALSE,FALSE,FALSE,FALSE,FALSE,FALSE,FALSE,FALSE,FALSE,FALSE,FALSE,FALSE,FALSE,FALSE,0,"O trecho apenas cita o nome do órgão (Defesa Civil) como um tópico, sem propor qualquer ação, diagnóstico ou diretriz."
260002549466_J0002,relevante,"O texto menciona explicitamente a prevenção de secas, enchentes e a preparação para eventos climáticos extremos.",,,,,,,,,,,,,,,,
260002549466_J0003,relevante,"O texto menciona explicitamente a prevenção de desastres, adaptação das cidades, proteção de comunidades vulneráveis e resposta a secas, enchentes e eventos extremos.",,,,,,,,,,,,,,,,
260002549466_J0004,relevante,O texto menciona explicitamente a 'adaptação climática' como um dos desafios para a modernização da infraestrutura estadual.,TRUE,FALSE,FALSE,TRUE,FALSE,FALSE,FALSE,FALSE,FALSE,FALSE,FALSE,FALSE,FALSE,TRUE,2,"O trecho propõe a formulação de um plano estratégico que inclui a adaptação climática como um dos objetivos, sem detalhar uma ação específica de risco."
260002549466_J0005,relevante,O trecho menciona explicitamente a atuação diante de secas e enchentes.,,,,,,,,,,,,,,,,
260002549466_J0006,relevante,O texto menciona explicitamente a prevenção de ocupações e a existência de famílias em áreas de risco.,TRUE,FALSE,FALSE,FALSE,FALSE,FALSE,FALSE,FALSE,FALSE,FALSE,FALSE,FALSE,FALSE,TRUE,2,"O texto menciona a prevenção de ocupações em áreas de risco como uma diretriz da política de habitação, sem propor uma ação específica de gestão de desastres."
260002549466_J0007,relevante,O trecho menciona explicitamente o acolhimento de famílias removidas de áreas de risco.,,,,,,,,,,,,,,,,
260002549466_J0008,relevante,"O trecho menciona explicitamente prevenção de riscos, mapeamento de áreas de risco, drenagem, contenção de encostas e adaptação climática.",TRUE,FALSE,FALSE,TRUE,TRUE,TRUE,FALSE,FALSE,FALSE,FALSE,FALSE,FALSE,FALSE,FALSE,2,"O trecho estabelece uma diretriz de política ao determinar que o planejamento deve incorporar elementos de prevenção, sem detalhar uma ação, obra ou programa específico."
260002549466_J0009,relevante,O trecho menciona explicitamente a coleta de dados sobre áreas de risco.,,,,,,,,,,,,,,,,
260002549466_J0010,relevante,O trecho menciona explicitamente a proteção e defesa civil.,,,,,,,,,,,,,,,,
260002549466_J0011,relevante,O trecho menciona explicitamente a atuação em desastres e incêndios no contexto de resposta e salvamento.,FALSE,TRUE,FALSE,FALSE,FALSE,FALSE,FALSE,TRUE,FALSE,FALSE,FALSE,FALSE,FALSE,FALSE,2,"O texto propõe o fortalecimento de serviços de segurança pública para reduzir o tempo de resposta a desastres, mas sem detalhar uma ação específica de gestão de risco."
260002549466_J0012,relevante,O texto menciona explicitamente a convivência com a seca e a vulnerabilidade a territórios com insegurança hídrica.,TRUE,FALSE,FALSE,TRUE,FALSE,FALSE,TRUE,FALSE,FALSE,FALSE,FALSE,FALSE,FALSE,FALSE,2,"O trecho propõe diretrizes de gestão e convivência com a seca, mas sem detalhar ações concretas ou metas específicas de risco e desastre."
260002549466_J0013,relevante,O trecho menciona explicitamente a vulnerabilidade de municípios à estiagem.,,,,,,,,,,,,,,,,
260002549466_J0014,relevante,"O trecho menciona explicitamente a convivência com a seca, que é um evento climático/desastre listado na regra de relevância.",TRUE,FALSE,FALSE,FALSE,FALSE,FALSE,TRUE,FALSE,FALSE,FALSE,FALSE,FALSE,FALSE,FALSE,0,"O trecho trata de segurança hídrica e abastecimento, temas que não se enquadram na definição de risco e desastre fornecida."
260002549466_J0015,relevante,O trecho menciona explicitamente a integração com a Defesa Civil no contexto de gestão de recursos hídricos.,,,,,,,,,,,,,,,,
260002549466_J0016,relevante,"O texto menciona explicitamente sistemas de alerta, Defesa Civil e o combate a queimadas.",TRUE,FALSE,FALSE,FALSE,FALSE,FALSE,FALSE,TRUE,FALSE,FALSE,FALSE,FALSE,FALSE,FALSE,2,"O texto propõe a modernização do monitoramento e a integração de órgãos (incluindo a Defesa Civil) para prevenir problemas ambientais, o que caracteriza uma diretriz de gestão sem ação de risco específica."
260002549466_J0017,relevante,"O texto apresenta múltiplas menções explícitas a riscos climáticos, eventos extremos, Defesa Civil, adaptação climática, prevenção de desastres e gestão de áreas de risco (enchentes, secas, deslizamentos).",TRUE,TRUE,TRUE,TRUE,FALSE,FALSE,FALSE,TRUE,FALSE,FALSE,FALSE,FALSE,FALSE,FALSE,3,"O texto apresenta diversas ações concretas e identificáveis para a gestão de riscos, como a implementação de um Sistema Estadual de Monitoramento Climático e o mapeamento de áreas de risco."
260002549466_J0018,nao_relevante,"O termo 'gestão de riscos' refere-se à segurança de dados e governança digital, não a riscos climáticos ou desastres.",,,,,,,,,,,,,,,,
260002549466_J0019,relevante,"O trecho menciona explicitamente a Defesa Civil e as ações de prevenção, preparação, resposta e recuperação diante de desastres e emergências.",TRUE,TRUE,TRUE,FALSE,FALSE,FALSE,FALSE,FALSE,FALSE,FALSE,FALSE,FALSE,FALSE,TRUE,2,"O texto propõe o fortalecimento de um sistema e a ampliação de capacidades de forma genérica, sem detalhar uma ação, obra ou instrumento específico."
260002551712_J0001,relevante,O trecho menciona explicitamente a seca como uma realidade do território.,,,,,,,,,,,,,,,,
260002551712_J0002,relevante,"O trecho menciona explicitamente a prevenção de alagamentos e o apoio à drenagem urbana, que são ações de mitigação de riscos de desastres naturais.",TRUE,FALSE,FALSE,FALSE,TRUE,FALSE,FALSE,FALSE,FALSE,FALSE,FALSE,FALSE,FALSE,FALSE,3,"O trecho propõe ações de drenagem urbana e prevenção de alagamentos em pontos críticos, que são medidas de mitigação de riscos de desastres."
270002539187_J0001,clima_geral,"O trecho menciona 'Mudanças Climáticas' de forma genérica como parte do nome de um instituto, sem referir eventos extremos ou adaptação.",,,,,,,,,,,,,,,,
270002539187_J0002,clima_geral,"O trecho menciona 'Mudanças Climáticas' de forma genérica, sem referir eventos extremos, riscos ou ações de adaptação.",,,,,,,,,,,,,,,,
270002539187_J0003,relevante,O trecho menciona explicitamente a adaptação às mudanças climáticas.,,,,,,,,,,,,,,,,
270002544494_J0001,nao_relevante,"O termo 'gestão de riscos' é utilizado no contexto de gestão administrativa e eficiência de serviços públicos, não se referindo a riscos climáticos ou desastres.",,,,,,,,,,,,,,,,
270002544494_J0002,clima_geral,"O texto menciona mudanças climáticas de forma genérica dentro de uma lista de áreas estratégicas para pesquisa e inovação, sem citar eventos extremos ou adaptação.",,,,,,,,,,,,,,,,
270002544494_J0003,nao_relevante,"O texto menciona defesa civil apenas como uma demanda genérica em uma lista de serviços públicos, sem contexto de gestão de riscos ou desastres.",,,,,,,,,,,,,,,,
270002544494_J0004,relevante,O texto menciona explicitamente ações de prevenção e combate a queimadas e incêndios florestais.,TRUE,FALSE,FALSE,FALSE,FALSE,FALSE,FALSE,TRUE,FALSE,FALSE,FALSE,FALSE,FALSE,FALSE,3,O texto propõe ações identificáveis de prevenção e combate a incêndios florestais e a implementação de política de Manejo Integrado do Fogo.
270002544494_J0005,relevante,O trecho menciona explicitamente o desenvolvimento de políticas de adaptação às mudanças climáticas e o fortalecimento da resiliência das comunidades.,TRUE,FALSE,FALSE,TRUE,FALSE,FALSE,FALSE,FALSE,FALSE,FALSE,FALSE,FALSE,FALSE,FALSE,2,"O trecho propõe uma direção de política (mitigação e adaptação) sem especificar uma ação, programa ou instrumento concreto."
270002544494_J0006,relevante,O trecho menciona explicitamente o fortalecimento da Defesa Civil e a capacidade de prevenir e responder a riscos e emergências.,,,,,,,,,,,,,,,,
270002544494_J0007,relevante,"O texto menciona explicitamente a Defesa Civil, gestão de riscos, eventos climáticos extremos, desastres e calamidades públicas.",TRUE,FALSE,FALSE,FALSE,FALSE,FALSE,FALSE,FALSE,FALSE,FALSE,FALSE,FALSE,FALSE,TRUE,3,"O texto propõe ações identificáveis como a implantação de sistemas de monitoramento e o desenvolvimento de planos de prevenção, resposta e recuperação."
270002544494_J0008,relevante,O trecho menciona explicitamente a adaptação às mudanças climáticas.,FALSE,FALSE,FALSE,TRUE,FALSE,FALSE,FALSE,FALSE,FALSE,FALSE,FALSE,FALSE,FALSE,FALSE,2,"O trecho propõe uma diretriz de articulação entre cultura e clima, sem detalhar uma ação concreta ou meta específica para o risco."
270002544544_J0001,nao_relevante,"O trecho é uma introdução genérica sobre o perfil da população e o processo de elaboração do plano, sem mencionar riscos, desastres ou agenda climática.",,,,,,,,,,,,,,,,
270002544544_J0002,relevante,O trecho menciona explicitamente a 'seca' e a mitigação de danos causados por eventos da natureza através de seguro paramétrico.,,,,,,,,,,,,,,,,
270002544544_J0003,relevante,O trecho menciona explicitamente indicadores climáticos de secas e focos de calor.,,,,,,,,,,,,,,,,
270002544544_J0004,relevante,O texto menciona explicitamente 'Adaptação Climática' e ações de drenagem para lidar com 'intensas chuvas regionais' e prevenir o isolamento de municípios.,TRUE,FALSE,FALSE,TRUE,TRUE,FALSE,FALSE,FALSE,FALSE,FALSE,FALSE,FALSE,FALSE,FALSE,3,"O texto propõe ações de engenharia civil (drenagem profunda) para adequar a rede viária às chuvas, visando a adaptação a riscos climáticos."
270002544599_J0001,nao_relevante,"O texto trata exclusivamente de políticas educacionais, como o uso de inteligência artificial no ensino e o combate à evasão escolar.",,,,,,,,,,,,,,,,
270002544599_J0002,relevante,O trecho menciona explicitamente a priorização de áreas de risco no contexto de obras de drenagem e infraestrutura.,,,,,,,,,,,,,,,,
270002544599_J0003,nao_relevante,"O termo 'riscos' refere-se apenas à gestão de riscos contratuais e jurídicos, não envolvendo eventos climáticos ou desastres.",,,,,,,,,,,,,,,,
270002544599_J0004,relevante,O trecho menciona explicitamente a prevenção e o combate a incêndios florestais e a integração com a Defesa Civil.,,,,,,,,,,,,,,,,
270002544599_J0005,relevante,"O trecho menciona explicitamente a redução de incêndios florestais, que é um evento de risco/desastre natural.",,,,,,,,,,,,,,,,
270002548412_J0001,nao_relevante,"O termo 'riscos' refere-se a fraude e corrupção, não possuindo relação com eventos climáticos ou desastres.",,,,,,,,,,,,,,,,
270002548412_J0002,relevante,O trecho menciona explicitamente a Defesa Civil e a resposta a incêndios e emergências no contexto do Corpo de Bombeiros.,,,,,,,,,,,,,,,,
270002550458_J0001,relevante,O trecho menciona explicitamente a Defesa Civil em uma lista de temas.,,,,,,,,,,,,,,,,
270002550458_J0002,relevante,O trecho menciona explicitamente a 'defesa civil' como um dos eixos de cooperação técnica com os municípios.,TRUE,FALSE,FALSE,FALSE,FALSE,FALSE,FALSE,FALSE,FALSE,FALSE,FALSE,FALSE,FALSE,TRUE,2,"O texto apenas cita a Defesa Civil dentro de uma lista genérica de temas para cooperação técnica, sem propor uma ação específica de risco e desastre."
270002550458_J0003,nao_relevante,"O texto trata de riscos de cibersegurança e proteção de dados, o que não se enquadra na definição de desastres ou riscos climáticos/tecnológicos da Defesa Civil.",,,,,,,,,,,,,,,,
270002550458_J0004,nao_relevante,"O termo 'gestão de riscos' refere-se ao contexto de integridade administrativa e prevenção de fraudes, não a riscos climáticos ou desastres.",,,,,,,,,,,,,,,,
270002550458_J0005,nao_relevante,"O trecho foca em segurança pública (combate à violência) e responsabilidade fiscal, sem descrever ações de gestão de riscos ou desastres.",,,,,,,,,,,,,,,,
270002550458_J0006,relevante,"O texto menciona explicitamente Defesa Civil, mapeamento de risco, alertas, incêndios, secas, enchentes e desastres.",TRUE,FALSE,FALSE,FALSE,FALSE,FALSE,FALSE,TRUE,FALSE,FALSE,FALSE,FALSE,FALSE,FALSE,3,"O texto descreve ações identificáveis de prevenção e resposta, como o fortalecimento de mapeamento de risco, alertas e planos municipais."
270002550458_J0007,relevante,O texto menciona explicitamente a redução de alagamentos e o tratamento de pontos de alagamento.,,,,,,,,,,,,,,,,
270002550458_J0008,relevante,"O trecho menciona explicitamente mapeamento de risco, adaptação climática, vulnerabilidade a eventos extremos e Defesa Civil.",TRUE,FALSE,FALSE,TRUE,TRUE,FALSE,FALSE,FALSE,TRUE,FALSE,FALSE,FALSE,FALSE,TRUE,3,"O texto propõe ações identificáveis de mitigação e adaptação, como o mapeamento de risco e obras de drenagem, voltadas para a redução da vulnerabilidade a eventos extremos."
270002550458_J0009,relevante,O trecho menciona explicitamente a gestão de risco e a redução da exposição a eventos extremos.,FALSE,FALSE,FALSE,TRUE,FALSE,FALSE,FALSE,FALSE,FALSE,FALSE,FALSE,FALSE,FALSE,TRUE,3,"O trecho propõe instrumentos específicos (seguro rural, instrumentos paramétricos e informação climática) para reduzir a exposição a eventos extremos."
270002550458_J0010,relevante,O texto trata explicitamente de prevenção e combate a incêndios/queimadas e menciona a atuação da Defesa Civil.,TRUE,FALSE,FALSE,FALSE,FALSE,FALSE,FALSE,TRUE,FALSE,FALSE,FALSE,FALSE,FALSE,FALSE,3,O texto propõe uma ação de integração de órgãos e o uso de monitoramento e manejo integrado do fogo para prevenir incêndios.
270002550458_J0011,nao_relevante,"O termo 'defesa civil' aparece apenas em uma lista genérica de setores para transferência de recursos, sem menção a gestão de riscos ou desastres.",,,,,,,,,,,,,,,,
30002530014_J0001,nao_relevante,"O termo 'risco' é utilizado no contexto de segurança pública e violência contra a mulher, o que está fora do escopo de desastres e eventos climáticos.",,,,,,,,,,,,,,,,
30002530014_J0002,nao_relevante,"O trecho trata de emergência e calamidade no contexto de assistência farmacêutica e saúde pública, o que é explicitamente classificado como fora do escopo.",FALSE,TRUE,FALSE,FALSE,FALSE,FALSE,FALSE,FALSE,FALSE,FALSE,FALSE,FALSE,FALSE,TRUE,3,O trecho propõe uma ação concreta (criar política para fornecimento de medicamentos) para responder a situações de emergência e calamidade pública.
30002530014_J0003,nao_relevante,"O texto trata de riscos ocupacionais e saúde do trabalhador, o que não se enquadra em riscos climáticos, desastres ou eventos extremos.",,,,,,,,,,,,,,,,
30002530014_J0004,relevante,O trecho menciona explicitamente 'defesa civil' e 'resiliência urbana' como temas de infraestrutura.,,,,,,,,,,,,,,,,
30002530014_J0005,relevante,O trecho menciona explicitamente a redução de riscos de inundações por meio de obras de macrodrenagem e canalização.,,,,,,,,,,,,,,,,
30002530014_J0006,relevante,O texto menciona explicitamente a Defesa Civil e a gestão de emergências no contexto de monitoramento integrado.,,,,,,,,,,,,,,,,
30002530014_J0007,nao_relevante,"O texto trata de desenvolvimento econômico, ciência, tecnologia e setor de energia, sem mencionar riscos climáticos, desastres ou a agenda climática.",,,,,,,,,,,,,,,,
30002530014_J0008,relevante,O trecho menciona explicitamente a adaptação às mudanças climáticas no contexto do turismo.,,,,,,,,,,,,,,,,
30002530014_J0009,nao_relevante,"O termo 'gestão de riscos' é utilizado no contexto de compliance e controle interno, não se referindo a riscos climáticos ou desastres.",,,,,,,,,,,,,,,,
30002536311_J0001,nao_relevante,"O texto trata exclusivamente de infraestrutura rodoviária, mobilidade urbana e desenvolvimento econômico, sem mencionar riscos climáticos ou eventos extremos.",,,,,,,,,,,,,,,,
30002536311_J0002,relevante,"O texto menciona explicitamente soluções de adaptação às mudanças climáticas, prevenção de alagamentos e erosões, além de recuperação de áreas vulneráveis.",TRUE,FALSE,FALSE,TRUE,TRUE,TRUE,FALSE,FALSE,FALSE,FALSE,FALSE,FALSE,FALSE,FALSE,2,"O trecho propõe diretrizes de adaptação e prevenção (alagamentos e erosões) integradas a outras ações, mas sem especificar uma ação concreta, meta ou orçamento para o tema de risco."
30002536311_J0003,relevante,"O texto menciona explicitamente a estruturação do Sistema de Defesa Civil para prevenção, monitoramento e resposta a situações de risco e desastres.",TRUE,TRUE,FALSE,FALSE,FALSE,FALSE,FALSE,FALSE,FALSE,FALSE,FALSE,FALSE,FALSE,TRUE,2,"O texto propõe a estruturação de um sistema integrado e a união de órgãos, o que caracteriza uma diretriz de política sem detalhar uma ação, obra ou instrumento específico."
30002536311_J0004,relevante,O trecho menciona explicitamente soluções de adaptação às mudanças climáticas e a prevenção de alagamentos e erosões.,,,,,,,,,,,,,,,,
30002536313_J0001,nao_relevante,"O texto trata de segurança pública, conflitos geopolíticos e críticas ao sistema político, não mencionando eventos climáticos ou desastres naturais.",,,,,,,,,,,,,,,,
30002551388_J0001,nao_relevante,"O trecho trata de saúde pública e infraestrutura hospitalar, o que está explicitamente fora do escopo.",,,,,,,,,,,,,,,,
30002552017_J0001,relevante,"O trecho menciona explicitamente a prevenção de alagamentos, o que se enquadra na categoria de gestão de riscos e eventos climáticos.",,,,,,,,,,,,,,,,
40002532272_J0001,relevante,"O texto menciona eventos de cheia e seca que causam o isolamento de comunidades, o que caracteriza risco e impacto de eventos climáticos.",,,,,,,,,,,,,,,,
40002532272_J0002,clima_geral,"O trecho menciona os impactos das mudanças climáticas de forma geral, sem referir eventos extremos, desastres ou ações de adaptação específicas.",,,,,,,,,,,,,,,,
40002532272_J0003,relevante,O trecho menciona explicitamente eventos extremos (cheias e secas extremas) e seus impactos na população.,,,,,,,,,,,,,,,,
40002532272_J0004,nao_relevante,"O trecho trata de emergências sanitárias e gestão do sistema de saúde, o que está explicitamente fora do escopo.",,,,,,,,,,,,,,,,
40002532272_J0005,relevante,"O texto menciona explicitamente eventos extremos (cheias, vazantes e secas extremas) e como eles impactam a operação de serviços essenciais.",,,,,,,,,,,,,,,,
40002532272_J0006,nao_relevante,"O texto trata de riscos clínicos e surtos de doenças (saúde pública), o que está explicitamente fora do escopo.",,,,,,,,,,,,,,,,
40002532272_J0007,nao_relevante,"O trecho trata de ações de saúde pública (imunização) e utiliza o termo 'cheia' apenas para descrever o período de operação logística, sem abordar o evento como risco ou desastre.",,,,,,,,,,,,,,,,
40002535267_J0001,relevante,O trecho menciona explicitamente eventos climáticos extremos (secas e enchentes) como agravantes de uma crise.,,,,,,,,,,,,,,,,
40002535267_J0002,relevante,"O texto menciona explicitamente eventos extremos e desastres como secas, enchentes, incêndios e desastres ambientais.",,,,,,,,,,,,,,,,
40002535267_J0003,clima_geral,"O trecho menciona as mudanças climáticas de forma genérica como um fator de transformação social, sem citar eventos extremos, riscos ou adaptação.",,,,,,,,,,,,,,,,
40002535267_J0004,clima_geral,"O trecho menciona mudanças climáticas de forma geral, sem referir eventos extremos, desastres ou ações de adaptação específicas.",,,,,,,,,,,,,,,,
40002536086_J0001,clima_geral,"O trecho menciona os impactos das mudanças climáticas de forma genérica como um desafio de planejamento, sem especificar eventos extremos ou ações de adaptação.",,,,,,,,,,,,,,,,
40002536086_J0002,relevante,"O texto menciona explicitamente eventos climáticos extremos, secas (estiagens) e queimadas, além de seus impactos.",,,,,,,,,,,,,,,,
40002536086_J0003,relevante,O trecho menciona o regime de cheias e secas como fator que condiciona o acesso aos serviços de saúde.,FALSE,FALSE,FALSE,FALSE,TRUE,FALSE,TRUE,FALSE,FALSE,FALSE,FALSE,FALSE,FALSE,FALSE,1,"O trecho descreve como o regime de cheias e secas condiciona a oferta de serviços de saúde, caracterizando um diagnóstico da situação sem propor soluções."
40002536086_J0004,clima_geral,"O texto menciona mudanças climáticas e emissões de carbono de forma geral, sem referir eventos extremos, desastres ou ações de adaptação.",,,,,,,,,,,,,,,,
40002536086_J0005,relevante,O trecho menciona explicitamente eventos climáticos extremos (secas e cheias) como fator de complexidade para a gestão de recursos hídricos.,FALSE,FALSE,FALSE,FALSE,TRUE,FALSE,TRUE,FALSE,FALSE,FALSE,FALSE,FALSE,FALSE,FALSE,1,"O trecho foca na complexidade do ciclo natural das águas (secas e cheias) como um problema/situação, sem propor uma solução ou ação específica."
40002536086_J0006,relevante,O trecho menciona explicitamente a adaptação às mudanças climáticas como parte da estratégia de desenvolvimento.,,,,,,,,,,,,,,,,
40002536086_J0007,clima_geral,"O trecho menciona mudanças climáticas de forma genérica como uma área de atuação coordenada, sem citar eventos extremos ou adaptação.",,,,,,,,,,,,,,,,
40002536086_J0008,nao_relevante,"O termo 'gestão de riscos' é utilizado no contexto de controle interno e integridade administrativa, não se referindo a riscos climáticos ou desastres.",,,,,,,,,,,,,,,,
40002536086_J0009,nao_relevante,"O termo 'gestão de riscos' refere-se ao contexto fiscal e tributário (cadastro de contribuintes), não possuindo relação com riscos climáticos ou desastres.",,,,,,,,,,,,,,,,
40002536086_J0010,relevante,"O trecho menciona explicitamente 'queimadas' como parte do monitoramento ambiental, o que se enquadra na regra de relevância para eventos extremos/desastres.",,,,,,,,,,,,,,,,
40002536086_J0011,clima_geral,"O texto menciona o monitoramento de mudanças climáticas de forma geral, sem referir eventos extremos, desastres ou ações de adaptação climática.",,,,,,,,,,,,,,,,
40002536086_J0012,clima_geral,"O trecho menciona economia verde e mudanças climáticas de forma geral, sem referir eventos extremos ou ações de adaptação a riscos.",,,,,,,,,,,,,,,,
40002536086_J0013,relevante,O trecho menciona a necessidade de preparar o Estado para os eventos extremos decorrentes das mudanças climáticas.,,,,,,,,,,,,,,,,
40002536086_J0014,relevante,"O texto menciona explicitamente a prevenção de queimadas, o plano de adaptação climática e a gestão de riscos de desastres.",,,,,,,,,,,,,,,,
40002541626_J0001,relevante,"O texto menciona o combate a queimadas, que é um evento climático/desastre listado como critério de relevância.",,,,,,,,,,,,,,,,
40002541741_J0001,relevante,"O trecho menciona explicitamente áreas de risco, deslizamentos e alagamentos.",,,,,,,,,,,,,,,,
40002541741_J0002,relevante,O texto menciona explicitamente a atuação em áreas de risco para famílias vulneráveis.,TRUE,FALSE,FALSE,FALSE,FALSE,FALSE,FALSE,FALSE,FALSE,FALSE,FALSE,FALSE,FALSE,TRUE,3,O texto propõe a construção de habitações populares como uma ação concreta para remover famílias de áreas de risco.
40002541741_J0003,relevante,"O texto menciona explicitamente adaptação climática, Defesa Civil, sistemas de alerta e o enfrentamento de eventos extremos como cheias e secas.",,,,,,,,,,,,,,,,
40002550776_J0001,relevante,O trecho menciona explicitamente a adaptação a eventos climáticos extremos como cheias e secas.,FALSE,FALSE,FALSE,TRUE,TRUE,FALSE,TRUE,FALSE,FALSE,FALSE,FALSE,FALSE,FALSE,FALSE,2,"O trecho propõe uma diretriz de adaptação de infraestrutura urbana a eventos climáticos (cheias e secas), mas não detalha uma ação concreta ou programa específico."
40002550776_J0002,relevante,O trecho menciona explicitamente a priorização de comunidades com maior risco climático.,,,,,,,,,,,,,,,,
40002550776_J0003,relevante,"O trecho menciona explicitamente secas, cheias e ações de adaptação e resposta à crise climática.",,,,,,,,,,,,,,,,
40002550776_J0004,relevante,"O trecho menciona explicitamente a preparação para eventos extremos como secas, cheias e queimadas.",,,,,,,,,,,,,,,,
40002550776_J0005,relevante,O trecho menciona explicitamente a articulação da Defesa Civil e o tratamento da emergência climática em protocolos de resposta.,TRUE,FALSE,FALSE,FALSE,FALSE,FALSE,FALSE,FALSE,FALSE,FALSE,FALSE,FALSE,FALSE,TRUE,2,"O trecho propõe a articulação de órgãos e uma diretriz de abordagem sobre a emergência climática, sem detalhar uma ação concreta de prevenção ou resposta."
40002550776_J0006,relevante,O trecho menciona explicitamente a necessidade de um plano para eventos extremos no contexto do transporte escolar.,,,,,,,,,,,,,,,,
40002550776_J0007,relevante,O trecho menciona explicitamente a criação de protocolos para enfrentar secas e cheias severas.,,,,,,,,,,,,,,,,
40002550776_J0008,relevante,"O texto menciona explicitamente adaptação climática, mapeamento de riscos e diversos eventos extremos como secas, cheias, incêndios e deslizamentos.",,,,,,,,,,,,,,,,
40002550776_J0009,relevante,"O texto menciona explicitamente a prevenção de queimadas, focos de calor e o uso de alertas meteorológicos para gestão de riscos.",,,,,,,,,,,,,,,,
40002550776_J0010,relevante,O texto menciona explicitamente a Defesa Civil e a adaptação climática em infraestruturas locais.,,,,,,,,,,,,,,,,
40002550776_J0011,nao_relevante,"A menção à Defesa Civil ocorre apenas como um setor que depende de conectividade, sem abordar riscos, desastres ou gestão de emergências.",,,,,,,,,,,,,,,,
40002550776_J0012,relevante,O texto menciona explicitamente planos emergenciais para eventos climáticos extremos como secas e cheias.,,,,,,,,,,,,,,,,
40002550776_J0013,relevante,O trecho menciona explicitamente a prevenção de alagamentos.,TRUE,FALSE,FALSE,FALSE,TRUE,FALSE,FALSE,FALSE,FALSE,FALSE,FALSE,FALSE,FALSE,FALSE,2,"O trecho propõe uma diretriz de integração de medidas para prevenção de alagamentos, mas sem detalhar uma ação, obra ou programa específico e identificável."
40002550776_J0014,relevante,"O trecho menciona explicitamente a adaptação a chuvas e cheias, além de tratar de ocupações de risco.",TRUE,FALSE,FALSE,TRUE,TRUE,FALSE,FALSE,FALSE,TRUE,FALSE,FALSE,FALSE,FALSE,FALSE,3,"O trecho propõe uma ação concreta de adaptação de projetos a eventos climáticos (calor, chuvas e cheias) para mitigar riscos."
40002550776_J0015,relevante,O trecho menciona explicitamente 'drenagem' e 'adaptação climática'.,,,,,,,,,,,,,,,,
40002550776_J0016,relevante,"O trecho menciona explicitamente a Defesa Civil, que está listada como um termo de relevância para gestão de riscos e desastres.",,,,,,,,,,,,,,,,
40002550776_J0017,relevante,"O trecho menciona explicitamente a resposta a famílias atingidas por eventos extremos como seca, cheia e incêndio.",FALSE,TRUE,FALSE,FALSE,FALSE,FALSE,TRUE,FALSE,FALSE,FALSE,FALSE,FALSE,FALSE,FALSE,2,"O trecho propõe um compromisso de diretriz política (garantir resposta rápida) sem especificar uma ação, programa ou instrumento concreto para isso."
40002550776_J0018,relevante,"O texto menciona explicitamente riscos climáticos e eventos extremos como seca, cheia e incêndios.",,,,,,,,,,,,,,,,
40002550776_J0019,relevante,"O trecho menciona explicitamente documentos sobre secas e queimadas, que são eventos climáticos extremos.",,,,,,,,,,,,,,,,
40002551740_J0001,relevante,O texto menciona explicitamente o histórico de queimadas e a capacidade de prevenção e resposta a eventos como queimadas criminosas.,,,,,,,,,,,,,,,,
40002551740_J0002,relevante,O texto menciona a Defesa Civil dentro de uma lista de áreas de atuação governamental.,,,,,,,,,,,,,,,,
40002551740_J0003,relevante,"O texto menciona o estudo do regime de cheias e vazantes, o que se enquadra na análise de eventos hídricos e riscos associados.",,,,,,,,,,,,,,,,
40002551740_J0004,relevante,O trecho menciona explicitamente o enfrentamento de eventos climáticos extremos.,,,,,,,,,,,,,,,,
40002551740_J0005,relevante,O texto menciona explicitamente o reassentamento de famílias que residem em áreas de risco.,,,,,,,,,,,,,,,,
40002551740_J0006,relevante,"O texto menciona explicitamente adaptação climática, drenagem, áreas de risco e ocupações de risco.",,,,,,,,,,,,,,,,
40002551740_J0007,relevante,"O texto menciona explicitamente eventos extremos (secas, cheias, incêndios), Defesa Civil, gestão de riscos, planos de contingência e ações de adaptação climática.",TRUE,TRUE,TRUE,TRUE,TRUE,FALSE,TRUE,TRUE,TRUE,FALSE,FALSE,FALSE,FALSE,FALSE,1,"O trecho foca na descrição de eventos extremos (secas, cheias, incêndios, etc.) que já afetam a vida cotidiana, caracterizando um diagnóstico da situação."
40002551740_J0008,relevante,"O texto menciona explicitamente eventos extremos (queimadas, secas, estiagens), gestão de riscos (mapas de risco, alertas, planos de contingência) e a atuação da Defesa Civil em prevenção, preparação e recuperação.",,,,,,,,,,,,,,,,
40002551740_J0009,clima_geral,"O texto menciona 'resiliência climática' de forma genérica dentro de uma lista de polos de políticas públicas, sem detalhar eventos extremos ou ações de adaptação.",,,,,,,,,,,,,,,,
50002532269_J0001,relevante,O texto menciona explicitamente a ocorrência de catástrofes ambientais.,,,,,,,,,,,,,,,,
50002532269_J0002,relevante,"O trecho menciona brigadas anti-incêndio, o que remete à prevenção e combate a incêndios/queimadas.",,,,,,,,,,,,,,,,
50002533190_J0001,relevante,O trecho menciona explicitamente o termo 'adaptação climática'.,,,,,,,,,,,,,,,,
50002533190_J0002,clima_geral,"O trecho menciona 'emergência climática' de forma genérica, sem detalhar eventos extremos ou ações de adaptação.",,,,,,,,,,,,,,,,
50002533190_J0003,nao_relevante,"O termo 'áreas de risco' é utilizado no contexto de segurança pública e vulnerabilidade social, não se referindo a riscos climáticos ou desastres naturais.",,,,,,,,,,,,,,,,
50002533190_J0004,nao_relevante,"O texto trata de segurança pública e proteção contra violência doméstica, temas que estão fora do escopo de riscos climáticos ou desastres.",,,,,,,,,,,,,,,,
50002533190_J0005,relevante,O texto menciona explicitamente o risco de seca e a mitigação de secas na região do semiárido.,FALSE,FALSE,FALSE,FALSE,FALSE,FALSE,TRUE,FALSE,FALSE,FALSE,FALSE,FALSE,FALSE,FALSE,1,"O trecho descreve a situação de vulnerabilidade e os dados sobre a desertificação e o risco de seca na região, sem propor soluções."
50002533190_J0006,relevante,"O texto menciona explicitamente a seca, que é um evento climático/desastre natural listado como critério de relevância.",FALSE,FALSE,FALSE,FALSE,FALSE,FALSE,TRUE,FALSE,FALSE,FALSE,FALSE,FALSE,FALSE,FALSE,1,"O trecho foca na descrição da natureza do fenômeno (seca natural, previsível e recorrente) sem propor uma solução ou ação."
50002533190_J0007,relevante,O trecho menciona explicitamente o enfrentamento da seca por meio de obras de barragens.,,,,,,,,,,,,,,,,
50002533190_J0008,relevante,O trecho menciona explicitamente o risco de seca como critério para a priorização de obras de barragens.,,,,,,,,,,,,,,,,
50002533190_J0009,relevante,O texto menciona um evento de desastre (cratera) que levou à decretação de estado de emergência.,FALSE,FALSE,FALSE,FALSE,FALSE,TRUE,FALSE,FALSE,FALSE,FALSE,FALSE,FALSE,FALSE,FALSE,1,"O trecho descreve um evento de desastre tecnológico (cratera na pista) e suas consequências, sem propor soluções."
50002533190_J0010,relevante,"O texto menciona explicitamente eventos extremos (alagamentos, deslizamentos, cheias), gestão de riscos, Defesa Civil, sistemas de alerta e ações de prevenção e contenção de desastres.",,,,,,,,,,,,,,,,
50002533190_J0011,nao_relevante,"O trecho trata de vulnerabilidade e risco social, o que não se enquadra em riscos climáticos ou desastres naturais.",,,,,,,,,,,,,,,,
50002533190_J0012,clima_geral,"O trecho menciona 'crise climática' de forma genérica como um gatilho para um programa de assistência, sem detalhar eventos extremos ou ações de adaptação.",,,,,,,,,,,,,,,,
50002533190_J0013,relevante,O texto menciona explicitamente a atuação do Estado em situações de desastres climáticos.,,,,,,,,,,,,,,,,
50002533190_J0014,relevante,O texto menciona explicitamente assistência a famílias atingidas por desastres naturais e municípios em estado de calamidade.,,,,,,,,,,,,,,,,
50002533190_J0015,relevante,"O trecho menciona explicitamente desastres climáticos, citando seca, estiagem e enchentes.",,,,,,,,,,,,,,,,
50002533190_J0016,relevante,O trecho menciona explicitamente assistência a famílias atingidas por desastres naturais e municípios em estado de calamidade.,,,,,,,,,,,,,,,,
50002533190_J0017,nao_relevante,"O texto trata de risco social e assistência psicossocial, o que está explicitamente fora do escopo de risco climático e desastres.",,,,,,,,,,,,,,,,
50002533190_J0018,nao_relevante,"O termo 'área de risco' é utilizado no contexto de segurança pública e vulnerabilidade social, não se referindo a riscos climáticos ou desastres naturais.",FALSE,FALSE,FALSE,FALSE,FALSE,FALSE,FALSE,FALSE,FALSE,FALSE,FALSE,FALSE,FALSE,FALSE,0,"O termo 'área de risco' no trecho refere-se a segurança pública (conflito com facções) e não a riscos e desastres naturais, climáticos ou tecnológicos."
50002533190_J0019,clima_geral,"O trecho menciona 'emergência climática' de forma geral, sem especificar eventos extremos, desastres ou ações de adaptação.",,,,,,,,,,,,,,,,
50002533190_J0020,clima_geral,"O texto menciona a emergência climática de forma geral, sem referir-se a eventos extremos, desastres ou ações de adaptação específicas.",,,,,,,,,,,,,,,,
50002533190_J0021,relevante,"O trecho menciona explicitamente a ocorrência de incêndios, queimadas e o período de seca.",,,,,,,,,,,,,,,,
50002533190_J0022,relevante,O texto menciona ocorrências recorrentes de incêndios de grande proporção e seca.,FALSE,FALSE,FALSE,FALSE,FALSE,FALSE,TRUE,TRUE,FALSE,FALSE,FALSE,FALSE,FALSE,FALSE,1,"O trecho descreve o problema histórico e as causas dos incêndios de grande proporção na Chapada Diamantina, sem propor soluções específicas."
50002533190_J0023,relevante,"O texto menciona explicitamente eventos de desastre climático, como estiagens, chuvas intensas e incêndios florestais, além de tratar da gestão de riscos e impactos de desastres.",,,,,,,,,,,,,,,,
50002533190_J0024,relevante,"O texto menciona explicitamente adaptação climática, plano de contingência, Defesa Civil, gestão de riscos, desastres e eventos climáticos.",,,,,,,,,,,,,,,,
50002533190_J0025,relevante,O trecho menciona explicitamente a prevenção e controle de queimadas e o apoio a brigadas.,,,,,,,,,,,,,,,,
50002533190_J0026,nao_relevante,"O texto trata de gestão de infraestrutura e déficit financeiro de um plano de saúde (Planserv), sem menção a riscos climáticos ou desastres.",,,,,,,,,,,,,,,,
50002533190_J0027,clima_geral,"O trecho menciona mudanças climáticas de forma geral, sem referir eventos extremos, desastres ou ações de adaptação.",,,,,,,,,,,,,,,,
50002533190_J0028,relevante,O trecho menciona explicitamente 'Desastres' e 'emergência climática'.,,,,,,,,,,,,,,,,
50002536314_J0001,clima_geral,"O texto menciona emergência climática e economia de baixo carbono de forma geral, sem citar eventos extremos, desastres ou ações de adaptação específicas.",,,,,,,,,,,,,,,,
50002536314_J0002,relevante,"O texto menciona explicitamente a gestão de riscos e desastres, combate a queimadas, enfrentamento de secas e estiagens, além de sistemas de alerta e monitoramento.",,,,,,,,,,,,,,,,
50002536314_J0003,nao_relevante,"O termo 'gestão de riscos' refere-se à cibersegurança e proteção de dados, não a riscos climáticos ou desastres naturais.",,,,,,,,,,,,,,,,
50002536314_J0004,clima_geral,"O texto menciona a convivência com as mudanças climáticas de forma geral, sem citar eventos extremos, desastres ou ações de adaptação específicas.",,,,,,,,,,,,,,,,
50002536314_J0005,relevante,"O texto menciona explicitamente a prevenção de desastres, inundações e obras de contenção em áreas de risco.",,,,,,,,,,,,,,,,
50002536314_J0006,relevante,O texto menciona estratégias de preparação para períodos de estiagem e medidas preventivas para áreas em situação de vulnerabilidade.,,,,,,,,,,,,,,,,
50002536314_J0007,relevante,O texto menciona explicitamente a articulação de linhas de crédito para adaptação climática e tecnologias de resiliência produtiva.,,,,,,,,,,,,,,,,
50002536314_J0008,relevante,"O trecho menciona explicitamente prevenção de riscos, contenção de encostas e drenagem para proteção de vidas diante das mudanças climáticas.",,,,,,,,,,,,,,,,
50002536314_J0009,relevante,O texto menciona explicitamente o uso de tecnologias aplicadas à Defesa Civil para ampliar a capacidade de prevenção e resposta do Estado.,,,,,,,,,,,,,,,,
50002544692_J0001,nao_relevante,"O texto trata de combate à violência contra a mulher e segurança pública, temas fora do escopo de riscos climáticos.",,,,,,,,,,,,,,,,
50002552489_J0001,nao_relevante,"O trecho trata de saúde pública e infraestrutura hospitalar, o que está explicitamente fora do escopo.",,,,,,,,,,,,,,,,
60002531351_J0001,relevante,O texto menciona explicitamente a recorrência de secas e a vulnerabilidade da atividade agrícola associada a esses eventos.,,,,,,,,,,,,,,,,
60002531351_J0002,relevante,O texto menciona explicitamente a intensificação de eventos extremos e riscos decorrentes das mudanças climáticas.,FALSE,FALSE,FALSE,FALSE,FALSE,FALSE,TRUE,FALSE,FALSE,FALSE,FALSE,FALSE,FALSE,FALSE,1,"O trecho descreve as consequências e o agravamento de eventos extremos causados pelas mudanças climáticas, sem propor soluções ou ações."
60002531351_J0003,relevante,O trecho menciona explicitamente a adaptação às mudanças climáticas.,,,,,,,,,,,,,,,,
60002531351_J0004,relevante,O texto menciona explicitamente a adaptação às mudanças climáticas como parte da política ambiental.,,,,,,,,,,,,,,,,
60002531351_J0005,relevante,"O texto menciona explicitamente áreas de risco, vulnerabilidade climática, eventos extremos, enchentes e a necessidade de adaptação da infraestrutura.",TRUE,FALSE,FALSE,TRUE,TRUE,FALSE,FALSE,FALSE,FALSE,FALSE,FALSE,FALSE,FALSE,TRUE,1,O trecho descreve a situação de vulnerabilidade e ocupação de áreas de risco sem propor uma solução ou ação específica.
60002531351_J0006,clima_geral,"O trecho menciona infraestrutura resiliente às mudanças climáticas de forma geral, sem citar eventos extremos, desastres ou ações de adaptação específicas.",,,,,,,,,,,,,,,,
60002531351_J0007,nao_relevante,"O texto trata de violência e segurança pública, utilizando o termo 'catástrofe humana' em contexto de criminalidade, o que está fora do escopo de riscos climáticos ou desastres naturais.",,,,,,,,,,,,,,,,
60002531351_J0008,nao_relevante,"O termo 'gestão de riscos' refere-se ao contexto de integridade pública e combate à corrupção, não a riscos climáticos ou desastres.",,,,,,,,,,,,,,,,
60002533729_J0001,relevante,"O texto menciona a 'seca' como um evento enfrentado historicamente pela população, o que se enquadra na categoria de relevante.",,,,,,,,,,,,,,,,
60002533729_J0002,relevante,O trecho menciona explicitamente alagamentos e escassez hídrica como eventos que causam prejuízos.,,,,,,,,,,,,,,,,
60002533729_J0003,relevante,"O trecho menciona explicitamente o combate à seca, que é um evento climático listado como critério para relevância.",,,,,,,,,,,,,,,,
60002533729_J0004,relevante,"O texto menciona explicitamente ciclos de seca e queimadas, que são eventos climáticos/desastres listados na regra de relevância.",,,,,,,,,,,,,,,,
60002533729_J0005,relevante,"O texto menciona riscos radioativos (risco tecnológico) e escassez hídrica/secas crônicas, que são eventos climáticos e de desastre.",,,,,,,,,,,,,,,,
60002533729_J0006,relevante,"O texto menciona explicitamente queimadas, que é um dos eventos listados na regra de decisão para a categoria relevante.",,,,,,,,,,,,,,,,
60002540417_J0001,relevante,"O texto menciona explicitamente a escassez hídrica, os impactos da seca e a necessidade de convivência com a seca nas regiões citadas.",,,,,,,,,,,,,,,,
60002540417_J0002,relevante,"O texto menciona a necessidade de prevenção contra a erosão costeira, que é um fenômeno que ameaça a infraestrutura e o ambiente.",,,,,,,,,,,,,,,,
60002540417_J0003,relevante,O trecho menciona explicitamente a vulnerabilidade a secas prolongadas.,,,,,,,,,,,,,,,,
60002540417_J0004,relevante,"O trecho menciona severa escassez hídrica, o que se enquadra no conceito de seca/estiagem listado como relevante.",,,,,,,,,,,,,,,,
60002540417_J0005,nao_relevante,"O trecho trata de segurança pública e investigação criminal (agentes infiltrados e interceptação), não possuindo relação com riscos climáticos ou desastres.",,,,,,,,,,,,,,,,
60002540417_J0006,relevante,O texto menciona explicitamente a Defesa Civil e ações de proteção como parte do componente curricular.,TRUE,FALSE,FALSE,FALSE,FALSE,FALSE,FALSE,FALSE,FALSE,FALSE,FALSE,FALSE,FALSE,TRUE,2,"O texto menciona a inclusão de 'defesa civil e proteção' como conteúdo curricular e a participação da Defesa Civil como apoio, o que caracteriza uma diretriz/lista genérica sem ação específica de mitigação de desastres."
60002540417_J0008,relevante,"O trecho menciona a implementação de 'Vigidesastres', o que remete diretamente à gestão e vigilância de desastres.",TRUE,FALSE,FALSE,FALSE,FALSE,FALSE,FALSE,FALSE,FALSE,FALSE,FALSE,FALSE,FALSE,TRUE,4,"O trecho foca na implementação de 5 UVZs e Vigidesastres em 64 municípios, apresentando uma meta quantificada para a ação de gestão de desastres."
60002540417_J0009,relevante,"O texto menciona escassez hídrica severa, o que se enquadra no conceito de seca/estiagem listado como relevante.",,,,,,,,,,,,,,,,
60002543969_J0001,relevante,"O trecho menciona explicitamente a adaptação às mudanças climáticas, o que é um critério de relevância.",FALSE,FALSE,FALSE,FALSE,FALSE,FALSE,FALSE,FALSE,FALSE,FALSE,FALSE,FALSE,FALSE,FALSE,0,"O trecho apresenta apenas um título de seção sem propor ações, diagnósticos ou metas concretas sobre risco e desastre."
60002543969_J0002,relevante,"O texto menciona a mitigação de impactos oriundos do Grande El Niño, que é um fenômeno causador de eventos climáticos extremos.",,,,,,,,,,,,,,,,
60002543969_J0003,clima_geral,"O trecho menciona mudanças climáticas de forma genérica como parte de um cenário de instabilidades globais, sem citar eventos extremos ou ações de adaptação.",,,,,,,,,,,,,,,,
60002543969_J0004,clima_geral,"O trecho menciona o enfrentamento das mudanças climáticas e a transição energética de forma geral, sem citar eventos extremos, desastres ou ações de adaptação específicas.",,,,,,,,,,,,,,,,
60002543969_J0005,relevante,"O trecho menciona explicitamente a adaptação às mudanças climáticas, o que o enquadra na categoria relevante.",,,,,,,,,,,,,,,,
60002543969_J0006,relevante,O trecho menciona explicitamente a adaptação dos territórios aos eventos extremos e o enfrentamento às mudanças climáticas.,,,,,,,,,,,,,,,,
60002543969_J0007,relevante,O trecho menciona explicitamente a adaptação às mudanças climáticas como parte do planejamento urbano.,,,,,,,,,,,,,,,,
60002543969_J0008,relevante,"O texto menciona explicitamente a Defesa Civil e ações de prevenção, preparação e resposta a desastres associados às mudanças climáticas.",,,,,,,,,,,,,,,,
60002543969_J0009,relevante,"O texto menciona explicitamente a implementação de um plano de Proteção e Defesa Civil focado na prevenção, mitigação, preparação e resposta a desastres.",TRUE,FALSE,FALSE,TRUE,FALSE,FALSE,FALSE,FALSE,FALSE,FALSE,FALSE,FALSE,FALSE,TRUE,3,O texto propõe a implementação de um instrumento específico (Primeiro Plano Estadual de Proteção e Defesa Civil) para fortalecer a gestão de desastres e mudanças climáticas.
60002543969_J0010,clima_geral,"O trecho menciona a promoção de uma agricultura resiliente às mudanças climáticas de forma geral, sem citar eventos extremos específicos ou desastres.",,,,,,,,,,,,,,,,
60002543969_J0011,clima_geral,"O texto aborda adaptação climática, resiliência e mudanças climáticas de forma geral, sem mencionar eventos extremos ou desastres específicos.",,,,,,,,,,,,,,,,
60002543969_J0012,relevante,"O texto menciona explicitamente a capacidade de prevenção, adaptação e resposta a eventos extremos.",,,,,,,,,,,,,,,,
60002543969_J0013,relevante,O texto menciona explicitamente a adaptação às mudanças climáticas e o combate a incêndios florestais.,,,,,,,,,,,,,,,,
60002543969_J0014,relevante,"O texto menciona explicitamente adaptação climática, redução de vulnerabilidades, riscos climáticos, eventos extremos, gestão de riscos, alerta precoce e Defesa Civil.",,,,,,,,,,,,,,,,
60002543969_J0015,relevante,"O texto menciona explicitamente a prevenção de inundações, eventos extremos, erosão costeira e sistemas de alerta para a gestão adaptativa.",TRUE,FALSE,FALSE,TRUE,TRUE,FALSE,FALSE,FALSE,FALSE,FALSE,TRUE,FALSE,FALSE,FALSE,2,"O texto propõe diretrizes de gestão e consolidação de programas para enfrentar riscos como erosão costeira e inundações, sem detalhar uma ação específica ou meta quantificada."
60002543969_J0016,relevante,O texto menciona explicitamente a adaptação às mudanças climáticas e a segurança hídrica como estratégias de gestão.,,,,,,,,,,,,,,,,
60002543969_J0017,relevante,"O trecho menciona explicitamente a gestão de riscos e eventos como inundações, alagamentos e deslizamentos.",,,,,,,,,,,,,,,,
60002543969_J0018,relevante,"O trecho menciona explicitamente a redução de riscos de inundações, alagamentos, contenção de encostas e adaptação climática.",,,,,,,,,,,,,,,,
60002543969_J0019,relevante,"O texto menciona explicitamente a preparação para emergências climáticas, o fortalecimento das Defesas Civis e a gestão de riscos climáticos.",,,,,,,,,,,,,,,,
60002543969_J0020,clima_geral,"O texto menciona mudanças climáticas e economia azul de forma geral, sem referir eventos extremos, desastres ou ações de adaptação.",,,,,,,,,,,,,,,,
60002549967_J0001,relevante,O texto menciona explicitamente o fenômeno de seca e a interrupção do fluxo de rios devido às características climáticas.,,,,,,,,,,,,,,,,
60002549967_J0002,relevante,"O texto menciona explicitamente eventos climáticos extremos, como secas, enchentes e ondas de calor.",FALSE,FALSE,FALSE,FALSE,TRUE,FALSE,TRUE,FALSE,TRUE,FALSE,TRUE,FALSE,FALSE,FALSE,1,"O trecho descreve uma série de fenômenos climáticos e desastres (secas, enchentes, ondas de calor) como um problema existente, sem propor soluções ou ações."
60002549967_J0003,relevante,"O texto menciona explicitamente queimadas, escassez hídrica e processos de degradação como a desertificação e erosão costeira, que representam riscos e eventos climáticos.",,,,,,,,,,,,,,,,
60002549967_J0004,relevante,O trecho menciona explicitamente a existência de moradias em áreas de risco.,,,,,,,,,,,,,,,,
60002549967_J0005,relevante,O texto menciona explicitamente o agravamento de enchentes e alagamentos como consequência da ocupação urbana.,,,,,,,,,,,,,,,,
60002549967_J0006,nao_relevante,O termo 'área de risco' no texto refere-se a vulnerabilidade habitacional/social e não a riscos climáticos ou desastres naturais conforme a definição estabelecida.,TRUE,FALSE,FALSE,FALSE,FALSE,FALSE,FALSE,FALSE,FALSE,FALSE,FALSE,FALSE,FALSE,FALSE,0,"O trecho menciona 'área de risco' apenas como uma característica do público-alvo de uma política de habitação, sem propor ação, diagnóstico ou diretriz específica para o tema de risco e desastre."
60002549967_J0007,nao_relevante,O termo 'áreas de risco' refere-se a risco social/segurança (ameaça de facções) e não a riscos climáticos ou desastres naturais.,,,,,,,,,,,,,,,,
60002552320_J0001,nao_relevante,"O trecho trata de saúde pública e infraestrutura hospitalar, o que está explicitamente fora do escopo.",,,,,,,,,,,,,,,,
60002553922_J0001,relevante,O texto menciona explicitamente a 'seca' como um dos desafios históricos enfrentados pelo estado.,FALSE,FALSE,FALSE,FALSE,FALSE,FALSE,TRUE,FALSE,FALSE,FALSE,FALSE,FALSE,FALSE,FALSE,1,"O trecho cita a seca e a escassez de recursos como desafios históricos, descrevendo o cenário sem propor soluções."
60002553922_J0002,nao_relevante,"O termo 'gestão de riscos' refere-se ao contexto de integridade e conformidade administrativa em contratos públicos, não a riscos climáticos ou desastres.",,,,,,,,,,,,,,,,
60002553922_J0003,relevante,"O trecho menciona explicitamente o combate às queimadas, o que o enquadra na categoria de gestão de riscos e eventos climáticos/naturais.",,,,,,,,,,,,,,,,
70002547775_J0001,relevante,O trecho menciona explicitamente a Defesa Civil e a prevenção e resposta a incêndios.,,,,,,,,,,,,,,,,
70002547775_J0002,relevante,"O trecho menciona explicitamente a 'emergência climática' como um fator que exige respostas do Estado, enquadrando-se na categoria de relevante conforme a regra de menção a emergências.",,,,,,,,,,,,,,,,
70002547775_J0003,nao_relevante,"O trecho trata de gestão financeira e riscos fiscais, que são temas fora do escopo de desastres e clima.",,,,,,,,,,,,,,,,
70002547775_J0004,nao_relevante,"O texto trata de resiliência e vulnerabilidade no contexto de segurança digital e tecnologia, não de riscos climáticos ou desastres naturais.",,,,,,,,,,,,,,,,
70002547775_J0005,nao_relevante,"O texto trata de prevenção ao suicídio e saúde mental, utilizando termos como 'risco' e 'vulnerabilidade' em contexto social e de saúde, o que está fora do escopo de riscos climáticos ou desastres.",,,,,,,,,,,,,,,,
70002547775_J0006,nao_relevante,"O texto trata de vulnerabilidades sociais (renda, violência, desemprego) e não de riscos ou eventos climáticos.",,,,,,,,,,,,,,,,
70002547775_J0007,nao_relevante,"O texto trata de emergências e calamidades no contexto de assistência social e vulnerabilidade econômica, não de eventos climáticos ou desastres naturais.",,,,,,,,,,,,,,,,
70002547775_J0008,nao_relevante,"O texto trata de proteção social e vulnerabilidade sociofamiliar, sem menção a riscos climáticos ou eventos extremos.",,,,,,,,,,,,,,,,
70002547775_J0009,nao_relevante,"O texto trata de risco social e vulnerabilidade da população em situação de rua, não mencionando eventos climáticos ou desastres naturais.",,,,,,,,,,,,,,,,
70002547775_J0010,nao_relevante,"O texto trata de calamidades e vulnerabilidades no contexto de assistência social e proteção de direitos, sem vinculação a eventos climáticos ou desastres naturais.",,,,,,,,,,,,,,,,
70002547775_J0011,relevante,"O texto menciona explicitamente a resposta a eventos extremos como enchentes, incêndios, deslizamentos e situações de calamidade pública.",,,,,,,,,,,,,,,,
70002547775_J0012,relevante,O trecho menciona explicitamente o apoio para reconstruir a vida após situações de desastre.,FALSE,TRUE,TRUE,FALSE,FALSE,FALSE,FALSE,FALSE,FALSE,FALSE,FALSE,FALSE,FALSE,TRUE,2,"O trecho propõe uma diretriz de atuação (apoio para reconstrução) sem especificar uma ação, programa ou instrumento concreto para isso."
70002547775_J0013,relevante,"O trecho menciona explicitamente gestão de riscos, adaptação às mudanças climáticas e drenagem urbana sustentável.",,,,,,,,,,,,,,,,
70002547775_J0014,relevante,O texto menciona explicitamente a preparação para os riscos climáticos.,,,,,,,,,,,,,,,,
70002547775_J0015,nao_relevante,"O termo 'gestão de riscos' refere-se à gestão administrativa e de projetos de infraestrutura, não a riscos climáticos ou desastres.",,,,,,,,,,,,,,,,
70002547775_J0016,relevante,O texto menciona explicitamente a antecipação de enchentes e a atuação da Defesa Civil no planejamento urbano.,,,,,,,,,,,,,,,,
70002547775_J0017,relevante,O texto menciona explicitamente a Defesa Civil e a resposta a riscos e eventos extremos.,TRUE,TRUE,FALSE,TRUE,TRUE,FALSE,FALSE,FALSE,FALSE,FALSE,FALSE,FALSE,FALSE,TRUE,3,O texto propõe a implantação de uma plataforma digital (Gêmeo Digital) para monitorar e apoiar decisões sobre a defesa civil e infraestrutura.
70002547775_J0018,relevante,O trecho menciona explicitamente o risco de desabastecimento em períodos de seca.,TRUE,FALSE,FALSE,FALSE,FALSE,FALSE,TRUE,FALSE,FALSE,FALSE,FALSE,FALSE,FALSE,FALSE,0,O trecho apresenta uma intenção vaga de redução de risco sem propor uma ação concreta ou descrever um diagnóstico detalhado.
70002547775_J0019,relevante,O trecho menciona explicitamente a adaptação às mudanças climáticas como parte das ações de gestão das áreas protegidas.,FALSE,FALSE,FALSE,TRUE,FALSE,FALSE,FALSE,FALSE,FALSE,FALSE,FALSE,FALSE,FALSE,FALSE,0,"O trecho menciona a adaptação às mudanças climáticas de forma genérica, sem propor ações específicas de mitigação ou resposta a riscos e desastres."
70002547775_J0020,relevante,"O texto menciona explicitamente a prevenção e resposta a incêndios florestais, a atuação da Defesa Civil e a vulnerabilidade a esses eventos.",TRUE,FALSE,FALSE,FALSE,FALSE,FALSE,FALSE,TRUE,FALSE,FALSE,FALSE,FALSE,FALSE,FALSE,2,"O trecho propõe o fortalecimento de um sistema e a integração de órgãos e a priorização de áreas, o que caracteriza uma diretriz de política sem uma ação específica ou meta quantificada."
70002547775_J0021,relevante,"O texto menciona explicitamente adaptação climática, Defesa Civil, gestão de riscos e ações contra eventos extremos como enchentes, secas e incêndios florestais.",TRUE,FALSE,FALSE,TRUE,TRUE,FALSE,TRUE,TRUE,FALSE,FALSE,FALSE,FALSE,FALSE,FALSE,2,"O trecho foca em diretrizes e compromissos genéricos, como a implementação de uma política de adaptação climática e o fortalecimento da Defesa Civil, sem detalhar uma ação única com objeto, prazo ou orçamento específico para o risco."
70002547775_J0022,relevante,"O texto menciona explicitamente a Defesa Civil, gestão de riscos, prevenção, contingência e resposta, além de citar barragens e riscos a infraestruturas.",,,,,,,,,,,,,,,,
70002547775_J0023,relevante,"O texto menciona explicitamente a Defesa Civil, gestão de riscos, desastres, eventos climáticos, planos de contingência e prevenção de incêndios.",,,,,,,,,,,,,,,,
70002547775_J0024,relevante,"O trecho menciona explicitamente a resposta a enchentes e incêndios, além de ações de prevenção e exercícios preventivos para situações críticas.",TRUE,FALSE,FALSE,FALSE,TRUE,FALSE,FALSE,TRUE,FALSE,FALSE,FALSE,FALSE,FALSE,FALSE,0,"O trecho foca na governança do Sistema de Segurança Pública e preservação da ordem pública, sem propor ações específicas de prevenção ou resposta a desastres naturais ou tecnológicos."
70002551557_J0001,relevante,"O texto menciona explicitamente eventos climáticos extremos, riscos de enchentes e escassez hídrica, além de adaptação climática.",FALSE,FALSE,FALSE,TRUE,TRUE,FALSE,TRUE,FALSE,FALSE,FALSE,FALSE,FALSE,FALSE,FALSE,1,"O trecho foca em descrever as causas e a situação de aumento dos riscos de enchentes e escassez hídrica, sem propor soluções específicas."
70002551557_J0002,relevante,O trecho menciona explicitamente a prevenção de alagamentos e a adaptação climática.,,,,,,,,,,,,,,,,
70002551557_J0003,relevante,"O trecho menciona explicitamente a redução de alagamentos, que é um evento de risco/desastre natural conforme a regra de decisão.",,,,,,,,,,,,,,,,
70002551557_J0004,relevante,O trecho menciona explicitamente o enfrentamento de incêndios e de eventos climáticos extremos.,,,,,,,,,,,,,,,,
70002551557_J0005,relevante,"O texto menciona explicitamente prevenção e resposta a incêndios, secas e enchentes, além de citar a Defesa Civil.",,,,,,,,,,,,,,,,
70002551557_J0006,clima_geral,"O trecho menciona resiliência climática de forma geral, sem referir eventos extremos, desastres ou ações de adaptação específicas.",,,,,,,,,,,,,,,,
70002551557_J0007,nao_relevante,"O termo 'gestão de riscos' refere-se à gestão administrativa e de controle interno, não a riscos climáticos ou desastres.",,,,,,,,,,,,,,,,
70002551557_J0008,relevante,O trecho menciona explicitamente a prevenção de alagamentos e a atuação da Defesa Civil.,,,,,,,,,,,,,,,,
70002551557_J0009,relevante,O trecho menciona explicitamente a 'defesa civil' em uma lista de áreas de atuação/recursos.,,,,,,,,,,,,,,,,
70002552341_J0001,nao_relevante,"O trecho trata de saúde pública e infraestrutura hospitalar, temas que estão fora do escopo de risco e desastre climático.",,,,,,,,,,,,,,,,
70002552496_J0001,relevante,"O trecho menciona explicitamente adaptação climática, prevenção de desastres, resposta a eventos extremos e vulnerabilidade em áreas de risco.",,,,,,,,,,,,,,,,
70002552496_J0002,nao_relevante,"O texto trata de estratégias de combate à evasão escolar e busca ativa de estudantes, não possuindo relação com riscos climáticos ou agenda climática.",,,,,,,,,,,,,,,,
70002552496_J0003,relevante,O trecho menciona explicitamente a incorporação de metas de adaptação climática.,,,,,,,,,,,,,,,,
70002552496_J0004,relevante,O trecho menciona explicitamente a proteção e defesa civil como um eixo de atuação.,,,,,,,,,,,,,,,,
70002552496_J0005,relevante,"O texto menciona explicitamente alagamentos, adaptação às mudanças climáticas, queimadas, riscos geotécnicos e áreas de risco.",,,,,,,,,,,,,,,,
70002552496_J0006,relevante,"O trecho menciona explicitamente adaptação climática, planos contra alagamentos e resposta a desastres.",TRUE,FALSE,FALSE,TRUE,TRUE,FALSE,FALSE,FALSE,TRUE,FALSE,FALSE,FALSE,FALSE,FALSE,3,"O trecho descreve instrumentos e ações específicas para mitigação de riscos, como o plano de drenagem com soluções baseadas na natureza e a criação de um fundo de resiliência."
70002552496_J0007,relevante,"O trecho menciona explicitamente a prevenção de queimadas, que é um evento de risco/desastre listado na regra de decisão.",,,,,,,,,,,,,,,,
70002552496_J0008,relevante,O trecho menciona explicitamente o mapeamento de risco como parte do planejamento territorial e licenciamento ambiental.,,,,,,,,,,,,,,,,
70002552496_J0009,relevante,O texto menciona explicitamente a adaptação climática e a atuação em territórios vulneráveis.,,,,,,,,,,,,,,,,
70002552496_J0010,relevante,"O trecho menciona o monitoramento de queimadas, que é um evento de risco/desastre listado na regra de decisão.",,,,,,,,,,,,,,,,
70002552965_J0001,relevante,"O texto menciona explicitamente adaptação climática, áreas de risco, períodos de seca, ondas de calor, incêndios e eventos extremos.",FALSE,FALSE,FALSE,TRUE,TRUE,TRUE,TRUE,TRUE,TRUE,TRUE,FALSE,FALSE,FALSE,TRUE,2,"O trecho propõe incorporar a adaptação climática ao planejamento urbano e antecipar riscos, mas sem detalhar uma ação, obra ou programa específico."
70002552965_J0002,nao_relevante,"A menção à Defesa Civil ocorre no contexto de segurança pública e integração de forças, sem tratar de gestão de riscos ou desastres.",,,,,,,,,,,,,,,,
70002553055_J0001,relevante,O texto menciona explicitamente a Defesa Civil como parte de um programa de articulação governamental.,,,,,,,,,,,,,,,,
70002553055_J0002,nao_relevante,"A menção à Defesa Civil ocorre no contexto de coordenação de segurança pública e monitoramento tecnológico, sem referir-se a gestão de riscos, desastres ou eventos climáticos.",,,,,,,,,,,,,,,,
70002553055_J0003,relevante,O texto menciona explicitamente a manutenção e o redimensionamento do sistema de drenagem pluvial com foco em pontos históricos de alagamento.,,,,,,,,,,,,,,,,
70002553055_J0004,relevante,O texto menciona explicitamente a preparação dos territórios para os efeitos de eventos climáticos extremos.,FALSE,FALSE,FALSE,TRUE,FALSE,FALSE,FALSE,FALSE,FALSE,FALSE,FALSE,FALSE,FALSE,TRUE,2,"O trecho propõe a preparação dos territórios para eventos climáticos extremos, o que constitui uma diretriz de política sem detalhar uma ação, obra ou instrumento específico."
70002553055_J0005,relevante,"O texto menciona explicitamente a vulnerabilidade a alagamentos e processos erosivos, além de propor critérios de adaptação climática e resiliência no planejamento urbano e drenagem.",,,,,,,,,,,,,,,,
70002553055_J0006,nao_relevante,"O termo 'gestão de riscos' refere-se ao contexto de riscos institucionais e financeiros do banco, não a riscos climáticos ou desastres naturais.",,,,,,,,,,,,,,,,
70002553055_J0007,relevante,"O trecho menciona explicitamente defesa civil, gestão de riscos, emergências e eventos climáticos extremos.",,,,,,,,,,,,,,,,
70002553055_J0008,nao_relevante,"O termo 'gestão de riscos' é utilizado nos contextos de governança administrativa e integridade, não se referindo a riscos climáticos ou desastres.",,,,,,,,,,,,,,,,
80002541012_J0001,relevante,O trecho menciona áreas de encosta e a necessidade de realocação de moradores em áreas que apresentem riscos.,,,,,,,,,,,,,,,,
80002541012_J0002,relevante,O texto menciona explicitamente áreas de risco como encostas sujeitas a deslizamentos e regiões alagáveis.,,,,,,,,,,,,,,,,
80002541012_J0003,relevante,O texto menciona explicitamente a identificação de áreas de risco ocupadas para planejamento de ações urbanas.,,,,,,,,,,,,,,,,
80002541012_J0004,relevante,"O texto menciona a ocorrência de desmoronamentos na BR-262, o que caracteriza um evento de risco/desastre natural.",,,,,,,,,,,,,,,,
80002541012_J0005,nao_relevante,"O texto trata exclusivamente de educação e do desempenho do sistema educacional, não mencionando riscos climáticos ou agenda climática.",,,,,,,,,,,,,,,,
80002550832_J0001,relevante,O texto menciona explicitamente o desastre e o rompimento de barragem.,,,,,,,,,,,,,,,,
80002550832_J0002,relevante,"O trecho menciona explicitamente a prevenção de queimadas, que é um evento de risco/desastre natural listado na regra de decisão.",,,,,,,,,,,,,,,,
80002551833_J0001,clima_geral,"O trecho menciona o enfrentamento aos efeitos das mudanças climáticas de forma genérica, sem citar eventos extremos ou ações de adaptação específicas.",,,,,,,,,,,,,,,,
80002551833_J0002,relevante,O texto menciona explicitamente o rompimento de barragem e os danos causados por esse desastre.,,,,,,,,,,,,,,,,
80002551833_J0003,relevante,"O texto menciona explicitamente adaptação às mudanças climáticas, áreas de risco e o combate à estiagem.",,,,,,,,,,,,,,,,
80002551833_J0004,relevante,O texto menciona explicitamente o enfrentamento de eventos decorrentes da alteração climática e desastres (como o caso de Mariana e El Niño).,,,,,,,,,,,,,,,,
80002551833_J0005,relevante,"O trecho menciona explicitamente ações de prevenção para enchentes, alagamentos e inundações, além de tratar do fortalecimento da Defesa Civil.",,,,,,,,,,,,,,,,
80002551833_J0006,clima_geral,"O trecho menciona mudanças climáticas e riscos territoriais de forma genérica, sem detalhar eventos extremos ou ações de adaptação.",,,,,,,,,,,,,,,,
80002552172_J0001,relevante,O trecho menciona explicitamente 'Adaptação Climática' e 'Gestão de Riscos e Desastres' em uma lista de tópicos.,,,,,,,,,,,,,,,,
80002552172_J0002,relevante,O trecho menciona explicitamente 'eventos climáticos extremos' como uma das adversidades enfrentadas.,,,,,,,,,,,,,,,,
80002552172_J0003,clima_geral,"O trecho menciona mudanças climáticas de forma genérica, sem referir eventos extremos, riscos ou ações de adaptação específicas.",,,,,,,,,,,,,,,,
80002552172_J0004,relevante,O trecho menciona explicitamente adaptação às mudanças climáticas e ações de prevenção e resposta a desastres.,,,,,,,,,,,,,,,,
80002552172_J0005,clima_geral,"O trecho menciona os impactos das mudanças climáticas de forma geral, sem citar eventos extremos, desastres ou ações de adaptação específicas.",,,,,,,,,,,,,,,,
80002552172_J0006,relevante,O trecho menciona explicitamente o enfrentamento de eventos climáticos extremos.,,,,,,,,,,,,,,,,
80002552172_J0007,clima_geral,"O trecho menciona a preparação do Estado diante dos impactos das mudanças climáticas de forma geral, sem citar eventos extremos, desastres ou ações de adaptação específicas.",,,,,,,,,,,,,,,,
80002552172_J0008,relevante,O trecho menciona explicitamente regiões atingidas por desastres naturais.,,,,,,,,,,,,,,,,
80002552172_J0009,nao_relevante,"O texto trata exclusivamente de infraestrutura viária, sinalização e segurança no trânsito, sem menção a riscos climáticos ou desastres.",,,,,,,,,,,,,,,,
80002552172_J0010,relevante,"O trecho menciona ações de segurança hídrica e construção de barragens para aumentar a capacidade de armazenamento de água, o que se enquadra em medidas de mitigação de riscos de seca e gestão de recursos hídricos.",,,,,,,,,,,,,,,,
80002552172_J0011,clima_geral,"O trecho menciona mudanças climáticas e resiliência de forma geral, sem citar eventos extremos, desastres ou ações de adaptação específicas.",FALSE,FALSE,FALSE,TRUE,FALSE,FALSE,FALSE,FALSE,FALSE,FALSE,FALSE,FALSE,FALSE,FALSE,2,"O trecho propõe diretrizes de adaptação (reservação de água, irrigação e resiliência) sem detalhar ações, obras ou metas específicas."
80002552172_J0012,relevante,O trecho menciona explicitamente a adaptação às mudanças climáticas e o uso de instrumentos de gestão de riscos.,,,,,,,,,,,,,,,,
80002552172_J0013,relevante,O texto menciona explicitamente a implementação de políticas de adaptação climática e monitoramento climático para a segurança hídrica no campo.,,,,,,,,,,,,,,,,
80002552172_J0014,relevante,"O texto menciona explicitamente a redução de riscos de enchentes e desastres, além de ações de prevenção como estabilização de encostas e drenagem.",,,,,,,,,,,,,,,,
80002552172_J0015,relevante,O trecho menciona explicitamente o enfrentamento de problemas de enchentes e alagamentos por meio de obras de macrodrenagem.,,,,,,,,,,,,,,,,
80002552172_J0016,relevante,"O texto menciona explicitamente riscos de alagamentos, inundações severas, eventos climáticos extremos e adaptação climática.",,,,,,,,,,,,,,,,
80002552172_J0017,relevante,O trecho menciona explicitamente a redução de alagamentos por meio de obras de macrodrenagem e sistemas de contenção.,,,,,,,,,,,,,,,,
80002552172_J0018,relevante,"O texto menciona explicitamente obras de macrodrenagem e ações para mitigar enchentes, alagamentos e enxurradas.",TRUE,FALSE,FALSE,FALSE,TRUE,FALSE,FALSE,FALSE,FALSE,FALSE,FALSE,FALSE,FALSE,FALSE,3,"O texto propõe ações concretas e identificáveis de obras de drenagem, escoamento e minimização de enxurradas para mitigar riscos de inundação e alagamento."
80002552172_J0019,relevante,O texto menciona explicitamente a gestão da disponibilidade hídrica para enfrentar períodos de estiagem.,,,,,,,,,,,,,,,,
80002552172_J0020,relevante,O texto menciona explicitamente a mitigação dos efeitos de seca e estiagens por meio de obras de segurança hídrica.,,,,,,,,,,,,,,,,
80002552172_J0021,relevante,O texto menciona explicitamente riscos em áreas sujeitas a alagamentos e cheias.,FALSE,FALSE,FALSE,FALSE,TRUE,TRUE,FALSE,FALSE,FALSE,FALSE,FALSE,FALSE,FALSE,FALSE,2,"O texto propõe diretrizes de gestão e integração institucional voltadas para territórios expostos a riscos, sem detalhar uma ação concreta ou específica."
80002552172_J0022,relevante,"O texto menciona explicitamente adaptação climática, áreas de risco, cheias, estiagens, inundações, eventos extremos e a articulação com a Defesa Civil para gestão de riscos.",TRUE,FALSE,FALSE,TRUE,TRUE,FALSE,TRUE,FALSE,FALSE,FALSE,FALSE,FALSE,FALSE,FALSE,3,O trecho propõe a implementação de Soluções Baseadas na Natureza (jardins de chuva e áreas inundáveis) como instrumento para aumentar a capacidade de amortecimento de cheias em áreas de risco.
80002552172_J0023,relevante,"O texto menciona explicitamente a redução de riscos de inundação e escassez, além de citar um programa de adaptação climática.",,,,,,,,,,,,,,,,
80002552172_J0024,relevante,"O trecho menciona explicitamente sistemas de alerta, a Defesa Civil e a prevenção e resposta a eventos extremos.",,,,,,,,,,,,,,,,
80002552172_J0025,relevante,"O texto aborda explicitamente a gestão de riscos e desastres, mencionando eventos extremos como enchentes, deslizamentos e incêndios, além de ações de adaptação climática e Defesa Civil.",,,,,,,,,,,,,,,,
80002552172_J0026,relevante,"O texto detalha ações de gestão de riscos, desastres, adaptação climática e fortalecimento da Defesa Civil, mencionando eventos extremos como enchentes e deslizamentos.",TRUE,TRUE,TRUE,TRUE,TRUE,FALSE,FALSE,FALSE,FALSE,FALSE,FALSE,FALSE,FALSE,FALSE,3,"O texto apresenta diversas ações concretas e identificáveis, como a criação de um sistema integrado de monitoramento, a implantação de um centro especializado de resposta (CERD) e a elaboração de planos municipais de redução de riscos."
80002552172_J0027,clima_geral,"O trecho menciona a resiliência climática de forma geral dentro do contexto de desenvolvimento sustentável (Economia Azul), sem citar eventos extremos ou ações de adaptação a desastres.",,,,,,,,,,,,,,,,
80002552172_J0028,clima_geral,"O texto menciona mudança climática de forma genérica como uma agenda estratégica para acompanhamento orçamentário, sem citar eventos extremos ou adaptação.",,,,,,,,,,,,,,,,
80002552172_J0029,relevante,O texto menciona explicitamente a capacidade de recuperação em situações de emergências ou desastres no contexto de infraestrutura tecnológica e sistemas críticos.,,,,,,,,,,,,,,,,
80002552172_J0030,nao_relevante,"O texto trata de gestão de riscos e resiliência no contexto de cibersegurança e transformação digital, não de riscos climáticos ou desastres naturais.",,,,,,,,,,,,,,,,
80002552172_J0031,nao_relevante,"O termo 'Gestão de Riscos' refere-se à governança e administração pública, não a riscos climáticos ou desastres naturais.",,,,,,,,,,,,,,,,
80002552172_J0032,relevante,O trecho menciona explicitamente o investimento em prevenção de desastres.,,,,,,,,,,,,,,,,
80002552682_J0001,nao_relevante,"O texto trata apenas de desenvolvimento regional e progresso social, sem mencionar riscos climáticos, desastres ou a agenda climática.",,,,,,,,,,,,,,,,
80002552682_J0002,clima_geral,"O trecho menciona mudanças climáticas de forma geral, associando-as aos desafios do mundo do trabalho, sem referir eventos extremos ou desastres.",,,,,,,,,,,,,,,,
80002552682_J0003,relevante,"O texto menciona explicitamente os desastres de Mariana e Brumadinho, que são desastres tecnológicos.",,,,,,,,,,,,,,,,
80002552682_J0004,relevante,O texto menciona explicitamente a recuperação de territórios impactados pelo desastre de Mariana.,,,,,,,,,,,,,,,,
80002552682_J0005,relevante,O trecho menciona explicitamente a vulnerabilidade a eventos climáticos extremos.,,,,,,,,,,,,,,,,
80002552682_J0006,relevante,O trecho menciona explicitamente a capacidade de enfrentar riscos climáticos.,,,,,,,,,,,,,,,,
80002552682_J0007,relevante,"O trecho menciona explicitamente desastres, inundações, chuvas intensas, defesa civil e planejamento de adaptação.",,,,,,,,,,,,,,,,
80002552682_J0008,relevante,O texto menciona explicitamente a existência de famílias vivendo em áreas de risco.,,,,,,,,,,,,,,,,
80002552682_J0009,relevante,O trecho menciona explicitamente a 'defesa civil' como um dos gargalos estruturais de políticas que precisam de integração.,,,,,,,,,,,,,,,,
80002552682_J0010,relevante,O texto menciona explicitamente eventos climáticos extremos e riscos de desastres.,,,,,,,,,,,,,,,,
80002552682_J0011,relevante,"O texto menciona explicitamente adaptação climática, defesa civil, prevenção de deslizamentos e enchentes, além de protocolos para eventos extremos como El Niño e La Niña.",,,,,,,,,,,,,,,,
90002540993_J0001,clima_geral,"O trecho menciona mudanças climáticas de forma genérica, sem referir eventos extremos, desastres ou ações de adaptação.",,,,,,,,,,,,,,,,
90002540993_J0002,nao_relevante,"O texto aborda esporte, lazer e cultura como eixos de desenvolvimento, sem mencionar riscos climáticos, desastres ou a agenda climática.",,,,,,,,,,,,,,,,
90002540993_J0003,relevante,O trecho menciona explicitamente a capacidade de resposta a incêndios florestais.,,,,,,,,,,,,,,,,
90002540993_J0005,relevante,"O texto menciona explicitamente eventos extremos como secas, chuvas intensas e incêndios florestais, além de citar adaptação climática e gestão de riscos.",FALSE,FALSE,FALSE,FALSE,TRUE,FALSE,TRUE,TRUE,FALSE,FALSE,FALSE,FALSE,FALSE,FALSE,1,"O trecho foca em descrever a realidade das mudanças climáticas (secas, chuvas e incêndios) sem propor ações concretas de mitigação ou resposta."
90002540993_J0006,relevante,O trecho menciona explicitamente a existência de estratégias de adaptação climática.,,,,,,,,,,,,,,,,
90002540993_J0007,nao_relevante,"O texto trata de resiliência e vulnerabilidade no contexto econômico e geopolítico, não havendo menção a eventos climáticos ou desastres.",,,,,,,,,,,,,,,,
90002540993_J0008,clima_geral,"O trecho menciona mudanças climáticas de forma geral como um desafio para a saúde pública, sem referir eventos extremos ou desastres específicos.",,,,,,,,,,,,,,,,
90002540993_J0009,clima_geral,"O texto menciona mudanças climáticas e transição energética como áreas estratégicas de forma geral, sem referir eventos extremos ou adaptação a riscos.",,,,,,,,,,,,,,,,
90002540993_J0010,clima_geral,"O trecho menciona resiliência frente às mudanças climáticas de forma genérica, sem citar eventos extremos ou ações de adaptação específicas.",,,,,,,,,,,,,,,,
90002540993_J0011,relevante,"O trecho menciona a preparação de cidades e do campo para os efeitos das mudanças climáticas, o que caracteriza adaptação climática.",,,,,,,,,,,,,,,,
90002540993_J0012,relevante,"O texto menciona explicitamente adaptação climática, eventos extremos (secas, chuvas extremas, incêndios) e sistemas de alerta precoce.",,,,,,,,,,,,,,,,
90002540993_J0013,nao_relevante,"O texto trata de gestão de riscos no contexto de planejamento estratégico e execução de políticas públicas, não se referindo a riscos climáticos ou desastres.",,,,,,,,,,,,,,,,
90002540993_J0014,relevante,"O texto menciona explicitamente a coordenação de planos de contingência, planos de emergência, situações de calamidade pública e gestão de riscos.",TRUE,FALSE,FALSE,FALSE,FALSE,FALSE,FALSE,FALSE,FALSE,FALSE,FALSE,FALSE,FALSE,TRUE,2,"O texto propõe que a nova estrutura de governança apoiará a coordenação de planos de contingência e emergência, o que caracteriza uma diretriz de articulação institucional sem detalhar uma ação técnica específica."
90002543463_J0001,relevante,O trecho menciona explicitamente a necessidade de enfrentar os riscos climáticos.,,,,,,,,,,,,,,,,
90002543463_J0002,relevante,"O texto menciona explicitamente eventos extremos (secas, incêndios, chuvas intensas) e a necessidade de prevenção e preparação para reduzir seus impactos.",FALSE,FALSE,FALSE,FALSE,TRUE,FALSE,TRUE,TRUE,TRUE,FALSE,FALSE,FALSE,FALSE,FALSE,2,"O trecho estabelece uma diretriz de necessidade de prevenção e preparação diante de eventos extremos, sem propor uma ação específica ou meta."
90002543463_J0003,relevante,O texto menciona explicitamente a preparação para eventos extremos e a prevenção de riscos ambientais.,,,,,,,,,,,,,,,,
90002543463_J0004,relevante,O trecho menciona explicitamente a necessidade de preparação para eventos climáticos extremos.,FALSE,FALSE,FALSE,TRUE,FALSE,FALSE,FALSE,FALSE,FALSE,FALSE,FALSE,FALSE,FALSE,TRUE,2,"O trecho estabelece uma diretriz de preparação para eventos climáticos extremos, sem propor uma ação específica ou meta quantificada."
90002543463_J0005,relevante,O trecho menciona explicitamente a articulação da gestão de recursos hídricos com a Defesa Civil.,,,,,,,,,,,,,,,,
90002543463_J0006,relevante,"O texto menciona explicitamente a prevenção e resposta a riscos climáticos, eventos extremos, incêndios florestais e a atuação da Defesa Civil.",TRUE,TRUE,FALSE,TRUE,FALSE,FALSE,FALSE,TRUE,FALSE,FALSE,FALSE,FALSE,FALSE,FALSE,2,"O texto propõe diretrizes de fortalecimento de capacidades e integração de órgãos para enfrentar riscos climáticos e incêndios, sem detalhar ações ou metas específicas."
90002543463_J0007,relevante,"O trecho menciona explicitamente eventos climáticos extremos, incêndios, Defesa Civil e a antecipação de riscos.",,,,,,,,,,,,,,,,
90002543463_J0008,relevante,O trecho menciona explicitamente a preparação para eventos extremos e a redução de vulnerabilidades.,FALSE,FALSE,FALSE,TRUE,FALSE,FALSE,FALSE,FALSE,FALSE,FALSE,FALSE,FALSE,FALSE,TRUE,2,O trecho propõe um objetivo de política pública (preparação para eventos extremos) sem detalhar uma ação concreta ou métrica específica.
90002543463_J0009,relevante,O texto menciona explicitamente a 'defesa civil' dentro de uma lista de áreas que exigem atuação conjunta entre Estado e municípios.,,,,,,,,,,,,,,,,
90002543463_J0010,relevante,O texto menciona explicitamente a Defesa Civil em uma lista de áreas para cooperação regional.,,,,,,,,,,,,,,,,
90002545476_J0001,relevante,"O texto menciona explicitamente planos de prevenção de risco de enchentes, deslizamentos e combate a incêndios florestais.",TRUE,FALSE,FALSE,FALSE,TRUE,TRUE,FALSE,TRUE,FALSE,FALSE,FALSE,FALSE,FALSE,FALSE,0,"O trecho apresenta apenas o sumário do plano, e as menções a temas correlatos não contêm propostas concretas de ação, diagnóstico ou diretriz sobre risco e desastre."
90002545476_J0002,relevante,"O trecho menciona explicitamente prevenção a incêndios, planos de risco e resposta, além de encostas, o que caracteriza gestão de riscos e desastres.",,,,,,,,,,,,,,,,
90002545476_J0003,relevante,O trecho menciona explicitamente a adaptação climática como parte de sua estratégia de produtividade.,,,,,,,,,,,,,,,,
90002545476_J0004,relevante,O trecho menciona explicitamente gestão de riscos e prevenção de incêndios.,TRUE,FALSE,FALSE,TRUE,TRUE,FALSE,FALSE,TRUE,TRUE,FALSE,FALSE,FALSE,FALSE,FALSE,2,"O trecho apresenta uma lista genérica de temas e áreas de atuação (drenagem, arborização, gestão de riscos) sem especificar ações concretas, metas ou diagnósticos."
90002545476_J0005,relevante,"O texto menciona explicitamente Defesa Civil, estiagem, incêndios florestais e a necessidade de planejamento de riscos.",FALSE,FALSE,FALSE,FALSE,FALSE,FALSE,TRUE,TRUE,FALSE,FALSE,FALSE,FALSE,FALSE,FALSE,2,"O trecho menciona a necessidade de planejamento de riscos devido a fatores de expansão, o que caracteriza uma diretriz de política sem ação específica."
90002545476_J0006,relevante,"O trecho menciona explicitamente a Defesa Civil, riscos de incêndios, estiagem, enchentes, planos de contingência e alertas.",TRUE,FALSE,FALSE,FALSE,TRUE,FALSE,TRUE,TRUE,FALSE,FALSE,FALSE,FALSE,TRUE,FALSE,2,"O trecho apresenta objetivos gerais de proteção e diretrizes de integração de planos, sem detalhar uma ação concreta ou meta específica para o risco."
90002545476_J0007,relevante,"O trecho menciona explicitamente incêndios, planos de contingência e simulados, que são elementos de gestão de riscos e desastres.",,,,,,,,,,,,,,,,
90002545476_J0008,nao_relevante,O termo 'gestão de riscos' refere-se ao contexto de segurança penitenciária e não a riscos climáticos ou desastres.,,,,,,,,,,,,,,,,
90002545476_J0009,relevante,"O trecho menciona explicitamente a Defesa Civil, comunicação de emergência e planejamento de riscos industriais (risco tecnológico).",,,,,,,,,,,,,,,,
90002545476_J0010,relevante,O trecho menciona explicitamente a prevenção a incêndios e a resposta a desastres.,,,,,,,,,,,,,,,,
90002545476_J0011,relevante,"O trecho menciona explicitamente 'Defesa Civil' e 'prevenção', que são critérios para a categoria relevante.",FALSE,FALSE,FALSE,FALSE,FALSE,FALSE,FALSE,FALSE,FALSE,FALSE,FALSE,FALSE,FALSE,TRUE,2,"O trecho apresenta uma lista genérica de temas e áreas de atuação, incluindo a mera citação de 'prevenção' e 'Defesa Civil'."
90002545476_J0012,nao_relevante,"O termo 'gestão de riscos' refere-se à governança e transparência administrativa, não a riscos climáticos ou desastres.",,,,,,,,,,,,,,,,
90002545476_J0013,relevante,"O trecho menciona explicitamente eventos extremos, incêndios florestais e adaptação climática.",,,,,,,,,,,,,,,,
90002545476_J0014,clima_geral,"O trecho menciona o fortalecimento de um fórum de mudanças climáticas de forma geral, sem referir-se a eventos extremos, desastres ou adaptação específica.",,,,,,,,,,,,,,,,
90002545476_J0015,relevante,"O trecho menciona explicitamente 'queimadas', que é um dos eventos listados na regra de decisão para a categoria relevante.",,,,,,,,,,,,,,,,
90002545476_J0016,relevante,"O texto menciona explicitamente eventos extremos, seca, queimadas, incêndios florestais, enchentes, deslizamentos e planos de prevenção de riscos e desastres.",,,,,,,,,,,,,,,,
90002545476_J0017,relevante,O trecho menciona explicitamente a prevenção de riscos e o monitoramento de enchentes e alagamentos.,,,,,,,,,,,,,,,,
90002545476_J0018,relevante,"O texto menciona explicitamente a prevenção e o combate a incêndios florestais e queimadas, além de descrever os danos causados por esses eventos.",FALSE,FALSE,FALSE,TRUE,FALSE,FALSE,FALSE,TRUE,FALSE,FALSE,FALSE,FALSE,FALSE,FALSE,1,"O trecho descreve o problema histórico das queimadas e seus danos às propriedades e ecossistemas, sem propor uma solução ou ação específica."
90002545476_J0019,relevante,O trecho trata explicitamente de prevenção e resposta a incêndios florestais por meio de brigadas e sistemas de alerta precoce.,TRUE,FALSE,FALSE,FALSE,FALSE,FALSE,FALSE,TRUE,FALSE,FALSE,FALSE,FALSE,FALSE,FALSE,3,"O trecho propõe a implantação de um sistema de alerta precoce com instrumentos específicos (satélite, estações e comunicação) para enfrentar incêndios florestais."
90002545476_J0020,relevante,O trecho menciona ações de prevenção e fiscalização voltadas para o combate a queimadas e incêndios.,TRUE,FALSE,FALSE,FALSE,FALSE,FALSE,FALSE,TRUE,FALSE,FALSE,FALSE,FALSE,FALSE,FALSE,2,"O trecho propõe uma diretriz de intensificação de fiscalização e priorização de áreas, sem detalhar uma ação, programa ou meta específica."
90002545476_J0021,relevante,"O texto menciona alimentação emergencial em situações de calamidade, o que se enquadra na categoria de resposta a desastres/calamidades.",,,,,,,,,,,,,,,,
90002551791_J0001,relevante,O trecho menciona explicitamente a Defesa Civil em uma lista de temas governamentais.,,,,,,,,,,,,,,,,
90002551791_J0002,relevante,"O trecho menciona explicitamente a Defesa Civil e a prevenção de eventos como incêndios, enchentes e seca.",TRUE,FALSE,FALSE,FALSE,TRUE,FALSE,TRUE,TRUE,FALSE,FALSE,FALSE,FALSE,FALSE,FALSE,2,"O trecho propõe o fortalecimento de órgãos e a prevenção de eventos, mas sem detalhar uma ação, programa ou obra específica."
90002551791_J0003,relevante,"O texto menciona explicitamente a adaptação a seca, enchente e calor extremo, além de prevenção a incêndios e gestão de áreas de risco.",,,,,,,,,,,,,,,,
90002551791_J0004,relevante,"O trecho menciona explicitamente seca, estiagem, níveis de alerta e regras de contingência.",TRUE,FALSE,FALSE,FALSE,FALSE,FALSE,TRUE,FALSE,FALSE,FALSE,FALSE,FALSE,FALSE,FALSE,3,"O texto propõe a criação de um instrumento identificável (plano de segurança hídrica) com elementos de gestão de risco (cenários, alertas e regras de contingência)."
90002551791_J0005,relevante,"O trecho menciona explicitamente Defesa Civil, planos de contingência, alertas, mapeamento de risco e eventos como incêndios, enchentes e seca.",,,,,,,,,,,,,,,,
90002551791_J0006,relevante,"O texto menciona explicitamente áreas de risco, eventos extremos (seca, incêndio, enchente), Defesa Civil e planos de contingência.",,,,,,,,,,,,,,,,
90002553733_J0001,nao_relevante,"O trecho trata de saúde pública e infraestrutura hospitalar, temas que estão fora do escopo de risco e desastre climático.",,,,,,,,,,,,,,,,
